universidad,universidad_nombre,ccaa,tipo_fuente,codigo,nombre,acronimo,responsable,unidad,area,lineas,n_lineas,calidad_lineas,palabras_clave,descripcion,servicios,equipamiento,oferta_tecnologica,url,web,tipo_registro,extras,fichero_origen
USC,Universidade de Santiago de Compostela,Galicia,extraido,GI-2212,Administraciones públicas y políticas en Europa,EUROPEA,"ARES CASTRO-CONDE, CRISTINA",Departamento de Ciencia Política e Socioloxía,,Calidad de la gobernanza pública | Reforma y modernización del sector público | Análisis comparado de políticas públicas | Programas electorales y políticas públicas,4,declaradas,Política pública y gobernanza | Administración pública | Ética e integridad públicas | Unión Europea,,"Estudios estratégicos sobre la Unión Europea | Análisis comparado de políticas públicas a lo largo de todo el ciclo de la política, desde la definición de la agenda hasta la evaluación | Apoyo al refuerzo de la capacidad administrativa | Asesoría y análisis de políticas para el fortalecimiento de las instituciones y los procesos democráticos",,,https://imaisd.usc.es/grupoficha.asp?idpersoatipogrupo=310792&i=es&s=-126-328-329&v=,,grupo,{},USC_groups.csv
USC,Universidade de Santiago de Compostela,Galicia,extraido,GI-2213,Aevum. Edad Media y Medievalismos,Aevum,"PELAZ FLORES, DIANA",Departamento de Historia,,Estudios Medievales | Medievalismos | Estudios culturales,3,declaradas,Edad Media | Medievalismos | Cultura material | Cultura visual | Edición documental | Cultura libraria | Historia de las Mujeres | Reginalidad | Arqueología | Vida cotidiana | Territorio | Espiritualidad,,"Análisis de la Edad Media y sus características políticas, sociales y culturales a través de la Arqueología, la Historia, la Historia del Arte y la Filología. Estudio de la huella medieval en otras épocas históricas, así como sus manifestaciones en la sociedad actual",,,https://imaisd.usc.es/grupoficha.asp?idpersoatipogrupo=310804&i=es&s=-126-328-329&v=,,grupo,{},USC_groups.csv
USC,Universidade de Santiago de Compostela,Galicia,extraido,GI-1649,Agronomía y ciencia animal,Agronomía y c. animal,"PEREIRA LORENZO, SANTIAGO",Departamento de Producción Vexetal e Proxectos de Enxeñaría Instituto Instituto de Biodiversidade Agraria e Desenvolvemento Rural (IBADER),,"Gestión de la fertilidad del suelo de cultivo. Empleo de fertilizantes y enmiendas | Valorización de residuos en agricultura: obtención y evaluación de fertilizantes, enmiendas o substratos de cultivo | Evaluación agroambiental deluso de fertilizantes y residuos en las tierras de cultivo. Indicadores físicos, químicos y biológicos de la caliad del suelo | Evaluación y mejora de sistemas de producción ecológica. Ecología agraria y del paisaje | Evaluación de recursos genéticos vegetales conservación y mantenimiento de bancos de germoplasma | Caracterización agronómica y genética selección y mejora genética de cultivares | Estudio de la aptitud de variedades autóctonas de manzana para la obtención de sidra | Estudios de cultivos agrícolas (trigo y maíz gallego para panificación) en rotación con colza y altramuz | Estudios comparativos de cultivos agrícolas (trigo gallego y maíz para pan) en condiciones ecológicas vs. convencional | Estudios microscópicos de harina de trigo y maíz gallegos para panificación: trazabilidad | El microbioma en cultivos agrícolas | Anatomía animal | Métodos alternativos de conservación animal para su uso en la enseñanza y la investigación | Manejo de animales en experimentación | Seguridad alimentaria | Evaluación agronómica y nutricional de forrajes como base para la alimentación del ganado | Sostenibilidad de los sistemas agropecuarios | Emisiones de gases de efecto invernadero",18,declaradas,"Residuos orgánicos | gestión | índices calidad ecológica | biodiversidad | ecología agraria | ecología del paisaxe | contaminación agraria difusa | reciclaje | calidad de las aguas | estructura del suelo Recursos fitogenéticos: cultivos, evaluación de la diversidad genética, evaluación fenotípica y genotípica Agronomía y agroecología: cultivos, rotaciones, productividad Ciencia Animal, anatomía animal, métodos de conservación de animais",,"Analítica de suelos, plantas, abonos, residuos orgánicos y sustratos | Gestión de residuos orgánicos: manejo, dosis, época de vertido, etc | Evaluación agronómica de residuos orgánicos | Asesoramiento en el reciclaje | Evaluación de la diversidad genética de cultivos | Valorización de cultivares tradicionales | Agronomía de los cultivos",,,https://imaisd.usc.es/grupoficha.asp?idpersoatipogrupo=75540&i=es&s=-126-328-329&v=,,grupo,{},USC_groups.csv
USC,Universidade de Santiago de Compostela,Galicia,extraido,GI-2162,Algoritmos y Modelización Geoespacial,AMGeo,"GONZALEZ VAZQUEZ, XESUS PABLO",Departamento de Enxeñaría Agroforestal Web: http://amgeo.es,,Algoritmos | Big Data | Análisis | Sensores | Aplicaciones geoinformáticas,5,declaradas,Geomática | Fotogrametría | Teledetección | Sistemas de Información Geográfica | SIG | Big Data | Minería de Datos | Modelización,,Diseño y desarrollo de algoritmos aplicados a la ingeniería | Modelización y explotación de Big Data | Análisis geoespacial multivariable | Desarrollo de aplicaciones multisensor en entornos 3D | Integración y gestión de aplicaciones geoinformáticas,,,https://imaisd.usc.es/grupoficha.asp?idpersoatipogrupo=245137&i=es&s=-126-328-329&v=,,grupo,{},USC_groups.csv
USC,Universidade de Santiago de Compostela,Galicia,extraido,GI-1707,Anatomía patológica veterinaria,GAPAVET,"QUIROGA BERDEAL, MARIA ISABEL","Departamento de Anatomía, Produción Animal e Ciencias Clínicas Veterinarias",,"Patogenia y diagnóstico de enfermedades comunes y emergentes en mamíferos, aves y animales acuáticos, con especial énfasis en especies de intéres en acuicultura | Estudio morfopatológico y de respuesta inmunitaria local en mucosas, mediante un enfoque multidisciplinar empleando técnicas histopatológicas, inmunitarias y genéticas | Evaluación de la esqueletogénesis, anomalías esqueléticas y musculares en diferentes fases de producción de peces de cultivo | Desarrollo de modelos experimentales de enfermedades animales y humanas en pez cebra",4,declaradas,"Veterinaria, patoloxía, anatomía patolóxica, diagnóstico, peixes, mamíferos, inmunoloxía, inmunopatoloxía, histoloxía",,"Servicio de diagnóstico histopatológico | Inmunohistoquimica, hibridación in situ y PCR in situ | Microscopía electrónica de transmisión y barrido",,,https://imaisd.usc.es/grupoficha.asp?idpersoatipogrupo=75605&i=es&s=-126-328-329&v=,,grupo,{},USC_groups.csv
USC,Universidade de Santiago de Compostela,Galicia,extraido,GI-1428,Antropología Socio-Cultural,Antropología,"FREIRE PAZ, ELENA",Departamento de Filosofía e Antropoloxía,,"1.Estudio sobre el patrimonio cultural, etnográfico, inmaterial y Caminos de Santiago 2.Perspectiva de género y teoría crítica feminista 3.Metodologías de investigación cualitativa, método etnográfico y trabajo de campo 4.Aspectos culturales de la alimentación 5.Estudio de las migraciones, desigualdades y exclusión social 6.Imaginarios y representaciones sociales 7. Procesos de cambio social, participación ciudadana y movimientos sociales",1,declaradas,antropología | patrimonio cultural | turismo | desarrollo local,,"1.Asesoramiento antropológico y elaboración de informes para la gestión del patrimonio cultural 2. Asesoramiento para la aplicación de perspectiva de género en el ámbito de la investigación y la intervención social: patrimonio cultural, planes de igualdad, talleres, etc. 3.Orientaciones antropológicas para el sector agroalimentario 4. Asesoramiento para la aplicación de metodologías cualitativas de investigación-acción participativa en diversos ámbitos para la intervención social",,,https://imaisd.usc.es/grupoficha.asp?idpersoatipogrupo=75304&i=es&s=-126-328-329&v=,,grupo,{},USC_groups.csv
USC,Universidade de Santiago de Compostela,Galicia,extraido,GI-2060,Análisis Económico de los Mercados e Instituciones,AEMI,"ANTELO SUAREZ, MANEL",Centro de Investigación Interdisciplinar en Tecnoloxías Ambientais (CRETUS) Web: http://aemiusc.es,,Organización Industrial. Macroeconomía. Economía Financiera. Economía Medio-ambiental y de los Recursos Naturales. Economía del Transporte. Economía del Mercado de Trabajo,1,declaradas,Organización Industrial | Mercados financieros | Mercado de trabajo | Crecimiento y desarrollo económico | Progreso técnico,,Estudios teóricos y aplicados publicables en revistas de alto impacto internacionales. Asesoramiento a empresas e instituciones sobre las lineas de investigación contempladas. Elaboración y tratamiento de bases de datos para el análisis económico,,,https://imaisd.usc.es/grupoficha.asp?idpersoatipogrupo=165153&i=es&s=-126-328-329&v=,,grupo,{},USC_groups.csv
USC,Universidade de Santiago de Compostela,Galicia,extraido,GI-1871,Análisis Territorial,ANTE,"LOIS GONZALEZ, RUBEN CAMILO",Departamento de Xeografía Instituto Instituto de Estudos e Desenvolvemento de Galicia (IDEGA) Web: http://www.usc.es/ante,,"Análisis socioeconómicos con implicaciones territoriales: turismo, industria, transportes-mobilidad, pesca | Desarrollo local | Ordenación del territorio: urbanismo | Mediambiente: espacios naturales, diagnóstico ambiental, climatología aplicada | Cooperación internacional al desarrollo. Lucha contra el empobrecimiento",5,declaradas,Geografía | Ordenación del territorio | industria | urbanismo | pesca | turismo | movilidad | transportes | desarrollo local | medioambiente | espacios naturales | climatología,,"Asesoramiento para temas de ordenación del territorio: elaboración de Planes Generales, Estratégicos, Parciales y Especiales | Diagnosis territoriales, sociales, económicas y ambientales | Planificación territorial: planificación de espacios naturales, planificación turística, mobilidad sostenible",,,https://imaisd.usc.es/grupoficha.asp?idpersoatipogrupo=109042&i=es&s=-126-328-329&v=,,grupo,{},USC_groups.csv
USC,Universidade de Santiago de Compostela,Galicia,extraido,GI-2118,"Análisis sensorial, valoración nutricional y desarrollo de nuevos alimentos",ASVNDNA,"ROMERO RODRIGUEZ, MARIA ANGELES","Departamento de Química Analítica, Nutrición e Bromatoloxía Web: http://labtecali.usc.es/",,"Unidad de Análisis Sensorial - Análisis sensorial de todo tipo de alimentos - Análisis físico-químico de alimentos - Procesos de conservación y envasado de alimentos - Estudios de consumidores - Desarrollo de programas de valoración nutricional - Productos cárnicos - Productos pesqueros - Productos vegetales Unidad de desarrollo de nuevos alimentos Materias Primas - Tratamientos de residuos de la industria agricola y forestal. - Estudios de hidrólisis ácida y enzimática de materiales lignocelulósicos y amiláceos. - Producción de compost Biotecnología Alimentaria - Obtención de aditivos alimentarios por fermentación - Producción de carotenoides por fermentación - Producción de ácido láctico por fermentación - Producción de xilitol por fermentación - Producción de transglutaminasa microbiana Tecnología de productos pesqueros - Estudios de gelificación de proteínas de pescado - Aplicación de aditivos para mejorar las características de textura de productos reestructurados - Aplicación de Altas Presiones Hidrostáticas en productos pesqueros Tecnología postcosecha - Tratamientos de Altas presiones hidrostáticas en frutas como método cuarentenario para eliminar larvas y huevos de mosca Técnicas Analíticas y Estadísticas - Aplicación de espectroscopía UV-VIS-NIR en el análisis y autenticación de alimento. - Aplicaciones de HPLC para el análisis de alimentos - Análisis de textura de alimentos - Aplicaciones quimiométricas en Tecnología de Alimentos Simulación de procesos - Estudios de Diseño y Simulación por Ordenador de plantas de producción de alimentos Unidad de comercialización e investigación de mercados - Comportamiento del consumidor de alimentos - Responsabilidad social corporativa y comportamiento del consumidor - Consumo alimentario sostenible: producto ecológico, comercio justo, ... - Consumo local: etnocentrismo, aspectos emocionales, animosidad - Comercialización de producto alimenticio - Digitalización comercial de la empresa alimentaria - Gestión de ventas - Comportamiento organizativo en la empresa agroalimentaria",1,declaradas,"materiales lignocelulósicos, utrafiltración | fermentación | hidrólisis | textura | fermentador | pescado | altas presiones hidrostáticas | geles | Análisis sensorial | análisis físico-químico | conservación | alimentos",,Cursos para empresas: - DISEÑO Y SIMULACIÓN POR ORDENADOR DE PLANTAS DE PRODUCCIÓN DE ALIMENTOS Análisis para empresas: - Análisis de Textura en Alimentos - Análisis de actividad transglutaminásica. - Análisis de azúcares y ácidos orgánicos por HPLC - Análisis de alimentos a empresas y particulares. - Asesoramiento técnico. - Estudos de mercado e de consumidores,,,https://imaisd.usc.es/grupoficha.asp?idpersoatipogrupo=205546&i=es&s=-126-328-329&v=,,grupo,{},USC_groups.csv
USC,Universidade de Santiago de Compostela,Galicia,extraido,GI-1291,Análisis y Conservación de la Biodiversidad,ACBiodiv,"SERRANO PEREZ, LUIS MIGUEL",Departamento de Botánica Web: http://www.biodiversidade.eu,,"Flora y vegetación de Galicia. Estudios taxonómicos y fitosociológicos | Biología y ecología de aves acuáticas | Conservación de la flora vascular amenazada de Galicia | Conservación y manejo de flora amenazada | Biología de la conservación | Evaluación y conservación del medio natural | Biología del cambio global | Biogeografía | Filogenia y sistemática de plantas vasculares basada en datos morfológicos y moleculares | Filogenia y sistemática de las Asteraceae de Africa Tropical, Suráfrica y Brasil | Teledetección y conservación | Evaluación del impacto de las especies exóticas invasoras en los hábitats naturales y seminaturales | Vegetaciión americana: Chile y México. Bioclimatología y análisis del paisaje | Biología y sistemática de Tipúlidos y Limónidos (Diptera) | Estudio de poblaciones entomológicas de áreas protegidas | Cultivo ""in vitro"" | Etnobotánica",17,declaradas,"Plantas vasculares | aves acuáticas | vertebrados | filogenia | sistemática | biodiversidad | conservación | teledetección | cultivo in vitro, etnobotánica | vegetación | Directiva Habitat | flora amenazada | Fauna amenazada | flora exótica invasora | biogeografía | bioclimatología | ecología espacial | ecología de los incendios | Chile | México | Africa tropical | Sudáfrica",,"Estudios de biodiversidad vegetal (especies y comunidades) orientados a la evaluación de impacto ambiental y otros fines | Elaboración de planes de conservación y/o recuperación de especies y comunidades vegetales amenazadas | Elaboración de planes de recuperación y conservación de fauna amenazada | Identificación de materias vegetales mediante técnicas moleculares | Monitoreo de fauna | Cartografía de la vegetación | Identificación y evaluación de los hábitats de la Directiva 92/43/CEE | Estudios de fauna en EIAs | Identificación y evaluación del impacto de las especies exóticas en los ecosistemas naturales | Teledetección aplicada a la conservación | Interpretación de la dinámica de la vegetación natural y seminatural | Estudio del uso de las plantas por el hombre | Multiplicación ""in vitro"" de plantas amenazadas y de valor comercial",,,https://imaisd.usc.es/grupoficha.asp?idpersoatipogrupo=75160&i=es&s=-126-328-329&v=,,grupo,{},USC_groups.csv
USC,Universidade de Santiago de Compostela,Galicia,extraido,GI-1638,Arquitectura de Computadores,ARQCOMP,"FERNANDEZ RIVERA, FRANCISCO MANUEL",Centro de Investigación en Tecnoloxías Intelixentes (CITIUS) Web: http://citius.usc.es,,Desarrollo de software de altas prestaciones | Aplicaciones del paralelismo | Técnicas de compilación y análisis del rendimento de computadores paralelos | Computación grid y cloud | Hardware y software para el procesado de imágenes y video | Diseño de procesadores | Aritmética del computador | Computación gráfica | Simulación de dispositivos semiconductores | Simulación de células solares | Procesamiento de Big Data | Técnicas de optimización de la ejecución de aplicaciones paralelas en tiempo de ejecución | Computación de datos LiDAR,13,declaradas,Paralelismo | compilación | rendimientos de los computadores | aritmética del computador | arquitecturas y diseño VLSI | dispositivos electrónicos | células solares | big data | computación cloud | computación de datos LiDAR,,"Aplicaciones software de altas prestaciones para simulación, control, comunicaciones, oredenación del territorio, procesado de video, etc | Desarrollo de hardware de aplicación específica y procesadores | Simuladores comerciales de dispositivos electrónicos e células solares | Optimización de aplicaciones Big Data | Desarrollo de aplicaciones para la nube | Procesamiento de información LiDAR",,,https://imaisd.usc.es/grupoficha.asp?idpersoatipogrupo=75527&i=es&s=-126-328-329&v=,,grupo,"{""telefono"": ""981-563100 ext.14012""}",USC_groups.csv
USC,Universidade de Santiago de Compostela,Galicia,extraido,GI-1875,Aspectos evolutivos e intervención psicoeducativa,AEIPSE,"RIVAS TORRES, ROSA MARIA",Departamento de Psicoloxía Evolutiva e da Educación,,Evaluación e intervención en las dificultades de aprendizaje y del lenguaje | Evaluación e intervención en orientación escolar | Evaluación e intervención en orientación vocacional | Psicología de la adopción,4,declaradas,Psicología del niño y del adolescente | Psicología educativa | Patología del lenguaje | Dificultades de aprendizaje | Orientación escolar | Desarrollo de la carrera | Psicología de la adopción,,"Evaluación e intervención psicoeducativa en niños y adolescentes en el Servicio de Psicología Aplicada -Unidad de Atención a las Dificultades del Lenguaje, el Habla y la Voz- de la Facultad de Psicología",,,https://imaisd.usc.es/grupoficha.asp?idpersoatipogrupo=109374&i=es&s=-126-328-329&v=,,grupo,"{""telefono"": ""981-563100 ext.13743""}",USC_groups.csv
USC,Universidade de Santiago de Compostela,Galicia,extraido,GI-1809,Biodiversidad y Botánica Aplicada,BIOAPLIC,"GARCIA GONZALEZ, IGNACIO",Departamento de Botánica Web: https://investigacion.usc.gal/grupos/4688/detalle,,"Linea 1: AEROBIOLOGÍA Y FENOLOGÍA Análisis de tipos polínicos atmosféricos de mayor incidencia alergógena. Fenología en variedades de vid y olivo cultivadas en Galicia | Linea 2: BIOLOGÍA DE LAS PLANTAS Ecología de las plantas. Estudio cuantitativo de la dinámica de la vegetación. Ecología forestal. Matogueiras. Composición, estrutura y regeneración despues del fuego. Estudio de las semillas, germinación y viabilidade. Caracterización del banco de semilla edáfico. Estudio del establecemento y crecimiento inicial de planta forestal. Fenología de árboles. Histología y anatomía vegetal | Linea 3: BIODIVERSIDAD FÚNGICA Biodiversidad fúngica. Micología en ambientes de interior y de exterior. Micología y patología vegetal. Control biológico de las enfermedades de las plantas | Linea 4: DENDROECOLOGÍA Y XILOGÉNESIS Análisis de anillos de crecimiento. Relaciones clima-crecimiento y dinámica forestal. Dataciones dendrocronológicas y dendrocronología histórica. Anatomía de la madera. Anatomía cuantitativa: análisis dendrocronológica de elementos conductores. Dinámica cambial y formación de la madera | Linea 5: FICOLOGÍA Ecología y biodiversidad ficológica: algas dulceacuícolas (fitobentos y macrobentos) y marinas (macrobentos). Taxonomía, flora y bioxeografía de las algas dulceacuícolas y bentónicas marinas. Indicadores del estado ecológico de las masas de agua. Las algas como indicadoras del cambio global. Uso de los sedimentos de lagunas para determinar la historia de cambios en los ecosistemas acuáticos | Línea 6: APLICACIÓN DE MÉTODOS GEOMÁTICOS AL ESTUDIO DE LA BIODIVERSDIDAD  Caracterización y seguimiento de elementos y características clave de la biodiversidad a diferentes escalas.  Cartografía de la vegetación y el paisaje a partir de datos de sensores remotos.  Modelos espacialmente explícitos de dinámicas espacio-temporales de la biodiversidad.  Estudios cuantitativos de la estructura y función de poblaciones, hábitats y paisajes.  Estudios de paisajes rurales de alto valor natural y cultural | Linea 7: ECOLOGÍA DEL FUEGO. Dinámica de poblaciones y comunidades vegetais tras incendio. Estrategias regenerativas de plantas. Dinámica de especies invasoras en relación con el fuego. Banco de propágulos. Germinación y desarrollo temprano de de plántulas. Respuesta de la vegetación forestal a los usos tradicionales. Efectos de líquidos iónicos sobre como primeras fases del ciclo de vida de las plantas",7,declaradas,"palinología | aerobiología | melisopalinología | paleobotánica | conservación | biodiversidad | habitats forestales | histología vegetal | anatomía vegetal | fenología | germinación | hongos | micología | patología vegetal | fitopatología | biodiversidad fúngica | control biológico | dendrocronología | dendroecología | anatomía cuantitativa de la madera | anillos de crecemiento, xilogénesis | ficología | biodiversidad ficológica | limnología | medio marino | medio continental | índices biológicos | briología | taxonomía, flora, ecología, conservación especies protegidas, bioindicadores | liquenología | biodeterioro | Teledetección, Geomática, Sistemas de información geográfica (SIG), Análisis de patrones espaciales y temporales de la cobertura vegetal, Hábitats, Paisaje, Sistemas aéreos con pilotaje remoto (RPAS)",,"Linea 1 Estudios morfobiométricos de polen y esporas aplicados a taxonomía. Determinación de la concentración atmosférica del polen y las esporas fúngicas para la prevención de alergias. Análisis polínico de mieles para su caracterización geográfica y botánica. Historia de la vegetación pretérita a través de la identificación del polen fósil en suelos y yacimientos arqueológicos. Servicio de información ambiental de la calidad biológica del aire | Linea 2 Estudios de biodiversidad forestal aplicados a la conservación. Análisis de la germinación y de la viabilidad de semillas. Caracterización de bancos de semillas edáfico. Evaluación del crecimiento inicial de especies forestales. Seguimento fenológico | Linea 3 Estudios de micología ambiental. Análisis fúngico de suelos. Determinación de hongos fitopatógenos. Análisis de la diversidad anatómica de las plantas. Degradación biológica de yacimientos arqueológicos y monumentos | Liña 4 Dataciones dendrocronológicas. Identificación de muestras de madera. Análisis de anillos de crecimiento: evaluación del crecimiento de árboles y procesos de sucesión y dinámica forestal. Elaboración de software para uso dendrocronológico y análisis de imagen aplicada a la anatomía | Linea 5 Análisis cualitativo y cuantitativo del fitoplancton dulceacuícola. Incidencia de la contaminación en la ecología y vegetación de algas dulceacuícolas y bentónicas marinas. Monitorización del estado ecológico en los ríos, basado en las algas desarrollo y reevaluación en el ámbito de la Directiva Marco del Agua en Europa y enfoques similares. Índices diatomológicos de la calidad de aguas continentales. Uso del fitoplancton en el seguimento de los efectos de la eutrofización en embalses | Linea 6 Estudios florísticos. Evaluación del estado de conservación de los bosques naturales. Evaluación del biodeterioro en la piedra de construcción. Uso de los liquenes como indicadores de la contaminación atmosférica | Línea 7: Análisis de datos de sensores remotos de alta, media y baja resolución. Registro y análisis de imágenes RGB, 3D y multiespectrales de muy alta resolución mediante sensores sobre sistemas aéreos con pilotaje remoto (RPAS). Integración y análisis de datos espaciales en Sistemas de Información Geográfica (SIG). Integración de información ambiental en la gestión de la biodiversidad",,,https://imaisd.usc.es/grupoficha.asp?idpersoatipogrupo=77145&i=es&s=-126-328-329&v=,,grupo,{},USC_groups.csv
USC,Universidade de Santiago de Compostela,Galicia,extraido,GI-1275,Biodiversidad y recursos marinos,BIOMAR,"URGORRI CARRASCO, VICTORIANO","Departamento de Zooloxía, Xenética e Antropoloxía Física Instituto Estación de Bioloxía Mariña da Graña",,"Biodiversidad de las costas de Galicia | Malacología litoral, batial y abisal: Taxonomía, Anatomía y Ecología | Fauna intersticial o meiofauna de sustratos blandos de las costas de Galicia: cartografía, faunística, autoecología, taxonomía y relaciones con el medio ambiente | Invertebrados litorales, batiales y abisaless: Taxonomía, Anatomía y Ecología de Crustáceos Peracáridos, Equinodermos, Foramíferos, Nematodos y otros invertebrados | Biodiversidad de Tardígrados marinos | Invertebrados marinos exóticos e invasores | Efectos de las macroalgas invasoras en sus comunidades epifaunales asociadas | Efectos de la complejidad y el tamaño de las macroalgas en sus comunidades epifaunales asociadas | Impacto de las estructuras artificiales en la Biodiversidad marina | Recursos marisqueros de sustratos blandos | Evaluación de la idoneidad, aptitud y valoración de los productos pesqueros | Valoración de productos y subproductos pesqueros | Desarrollo de nuevas presentaciones a base de pescado | Metodología de muestreo y de estudio de la fauna marina en inmersión con escafandra autónoma",14,declaradas,zoología marina | moluscos | antipatarios | gorgonáceos | poliquetos | peracáridos | copépodos | equinodermos | foraminíferos | biodiversidad | fauna intersticial | meiofauna | bentos batial | bentos abisal | sustratos blandos | litoral gallego | zoogeografía | faunística | ecología | taxonomía | medio ambiente | especies invasoras | especies exóticas | recursos marinos | acuicultura | tecnología de los alimentos | productos de la pesca | Tardígrados | Fauna fital | Complejidad del hábitat | Control de calidad,,Identificación de fauna marina | Estudios de impacto ambiental en fondos marinos rocosos y sedimentarios | Infraestructura de muestreo en inmersión con escafandra autónoma | Evaluación de comunidades bentónicas en fondos afectados por actividades antrópicas | Evaluación de recursos marinos explotados en sustratos sedimentarios | Asesoramiento en desarrollo de proyectos para industrias derivadas de la pesca | Valoración e interpretación de informes técnicos en industrias de la pesca y acuicultura | Peritaje para la industria pesquera | Control de procesos en la industria pesquera y de la acuicultura,,,https://imaisd.usc.es/grupoficha.asp?idpersoatipogrupo=75144&i=es&s=-126-328-329&v=,,grupo,{},USC_groups.csv
USC,Universidade de Santiago de Compostela,Galicia,extraido,GI-1274,"Biodiversidad, Biogeografía y Conservación Integrativa",BiBiCI,"GOMEZ RODRIGUEZ, CAROLA","Departamento de Bioloxía Funcional Departamento de Zooloxía, Xenética e Antropoloxía Física Web: https://www.usc.gal/es/investigar-en-la-usc/grupos/bibici",,"Métodos de análisis de la diversidad biológica | Patrones de biodiversidad, macroecología y macroevolución | Entomología. Biología, taxonomía, sistemática, biogeografia, biodiverdidad y conservación de Coleoptera y Trichoptera | Taxonomía, faunística y ecología de gasterópodos, oligoquetos y nematodos | Biodiversidad y conservación del macrobentos de las aguas continentales | Modelos de predicción de plagas e control de plagas | Registro y medida de la actividad animal (invertebrados) | Efectos colaterales de plaguicidas sobre la fauna edáfica | Factores y procesos que afectan a las comunidades de diatomeas y su distribución | Uso de diatomeas para la evaluación de la calidad del agua y el seguimiento de los cambios ambientales | Respuesta de los ecosistemas acuáticos a los diferentes componentes del cambio global",11,declaradas,Taxonomía | filogenia | biogeografía | ecología | conservación | insectos | coleópteros | Trichoptera | macroinvertebrados | Control de plagas | modelos de predicción | actividad animal | fauna del suelo | efectos colaterales de plaguicidas | caracoles | babosas | nematodos | lombrices | mollusca | gastropoda | aguas continentales | ecología acuática | ficología | biomonitoreo | diatomeas,,"Estadística aplicada a la biodiversidad | Diseño de estrategias de seguimiento y control de plagas de caracoles y babosas | Estudio del impacto de tratamientos agrícolas físicos y químicos sobre la fauna del suelo | Estudios taxonómicos, faunísticos y ecológicos de gasterópodos, oligoquetos y nematodos | Disponibilidad de unidad de registro y monitorización de la actividad animal para el estudio de la influencia de factores ambientales bióticos y abióticos sobre la actividad y el comportamiento animal (invertebrados) | Identificación de fauna e indicadores biológicos de aguas continentales | Evaluación de la diversidad y estadio conservación de la fauna de insectos de áreas protegidas | Uso de diatomeas para la evaluación de la calidad del agua y el seguimiento de los cambios ambientales",,,https://imaisd.usc.es/grupoficha.asp?idpersoatipogrupo=75143&i=es&s=-126-328-329&v=,,grupo,{},USC_groups.csv
USC,Universidade de Santiago de Compostela,Galicia,extraido,GI-2044,Biología Molecular y Genética de Poblaciones,BIOMOLGEN,"ZAPATA BABIO, JOSE CARLOS","Departamento de Zooloxía, Xenética e Antropoloxía Física",,Genética de poblaciones y evolución | Estimación de paramétros genéticos de poblaciones | Análisis de asociaciones entre marcadores genéticos moleculares a lo largo de los genomas | Análisis proteómicos para el estudio del genoma funcional | Estudio de minisatélites del genoma humano | Biología molecular de la recombinación,6,declaradas,Genética de poblaciones | polimorfismos genéticos y marcadores moleculares | genética estadística | genética y variación fenotípica | proteoma y genoma funcional | minisatélites | genoma humano | recombinación | DNA repetitivo | cromatina,,"Identificación de marcadores genéticos moleculares asociados con carácteres del fenotipo | Métodos para detectar y/o prevenir errores en el genotipado de polimorfismos de DNA | Evaluación genética de poblaciones en especies de interés económico | Asesoramiento genético y estadístico | Análisis proteómico | Clonación de DNA, sequenciación de DNA, electroforesis, blotting",,,https://imaisd.usc.es/grupoficha.asp?idpersoatipogrupo=156118&i=es&s=-126-328-329&v=,,grupo,{},USC_groups.csv
USC,Universidade de Santiago de Compostela,Galicia,extraido,GI-1685,Biología de membranas y mecanismos de transducción de señales en farmacología aplicada.,BioFarma,"Loza García, María Isabel",Centro de Investigación en Medicina Molecular e Enfermidades Crónicas (CIMUS) Web: http://www.usc.es/biofarma,,Biología de membranas y mecanismos de transducción de señales | Búsqueda de fármacos aplicando nuevas tecnologías. Farmacogenómica y farmacogenética | Diseño y ejecución de cascadas para la selección de fármacos candidatos. High Throughtput Screening (HTS) | Nuevas tecnologías (IT) aplicadas a la formación continuada de profesionales sanitarios | Circuítos cerebrales y transducción de señales en psiquiatría | Neuroquímica de los sistemas GABAérgicos | Matriz extracelular y plasticidad neural | Dominios de membrana y plasticidad neural | Interaccionaes neurona-glía,9,declaradas,"Proteínas de la membrana celular como dianas farmacológicas, receptores acoplados a proteínas G (GPCR), serotonina, 5-HT2, esquizofrenia, antipsicópticos, biomarcadores moleculares en psiquiatría, atención farmacéutica. Circuítos neuronales, plasticidad neural, GABA, glutamato, plastididad sináptica, reelina, proteínas de la matriz extracelular",,"Varios laboratorios de investigación dotados con la tecnología farmacológica mas avanzada, dotados de robots automatizados para estudios de unión y función a gran escala, cascadas de señalización celular e interacciones proteína-proteína, de varias unidades de cultivos celulares, microscopia confocal, tecnologías de laboratorio básico de biología molecular. Microscopía electrónica, Criofractura, Inmunohistoquímica, Hibridación in situ. Personal especializado con alta cualificación científica, estructurado en mini equipos organizados en torno a proyectos y objetivos concretos",,,https://imaisd.usc.es/grupoficha.asp?idpersoatipogrupo=75583&i=es&s=-126-328-329&v=,,grupo,{},USC_groups.csv
USC,Universidade de Santiago de Compostela,Galicia,extraido,GI-1195,Biología del Linfocito,BioLinfo,"NIETO FONTARIGO, JUAN JOSE",Departamento de Bioquímica e Bioloxía Molecular,,"Las enfermedades crónicas de las vías aéreas (p.ej., asma y EPOC) son enfermedades heterogéneas con varios fenotipos/endotipos, cada uno de ellos con varios mecanismos inmunopatogénicos específicos en los cuales participan subgrupos celulares inmunes específicos. La primera línea de investigación del grupo pretende el estudio de esta heterogeneidad de subpoblaciones celulares inmunes, con especial énfasis en linfocitos T colaboradores (Linfocitos Th1, Th2, Th17), pero también células de la inmunidad innata, como eosinófilos, neutrófilos, células linfoides innatas o linfocitos T gamma-delta. En concreto, el estudio de los mecanismos de activación de estas células, así como de sus funciones efectoras o reguladoras en el marco de enfermedades crónicas de las vías aéreas como el asma o la EPOC | Los diferentes fenotipos moleculares y endotipos asmáticos o en EPOC presentan mecanismos patogénicos y fisiopatológicos específicos que se traducen en alteraciones de diferentes biomoléculas (miRNAs, mRNAs, proteínas). Estas alteraciones se verán reflejadas en el proteoma, transcriptomar y miRNAoma libre o de nanovesículas presentes en biofluidos (e.g., suero, orina), que serán dependientes del fenotipo/ endotipo, la gravedad de la enfermedad o el tratamiento de la misma. Por ello, la segunda línea de investigación del grupo pretende el estudio del proteoma, transcriptoma, y miRNAoma libre y de exosomas presentes en biofluidos (suero, orina) en subgrupos de pacientes con asma/EPOC con distintas gravedades, fenotipos o endotipos, con el fin de identificar nuevas vías patológicas y predecir la respuesta a los tratamientos | Análisis molecular y perfil celular en pacientes con dermatitis atópica. Proyecto MAP-AD (PI25/00440). Esta línea de investigación en dermatología se centra en el estudio de los mecanismos moleculares y celulares implicados en la dermatitis atópica y el prúrigo nodular, dos enfermedades inflamatorias crónicas de la piel con un importante impacto clínico y social. Nuestro objetivo es identificar biomarcadores diagnósticos y pronósticos, así como nuevas dianas terapéuticas, mediante un enfoque traslacional que integra muestras clínicas, modelos funcionales y análisis multi-ómicos. Prestamos especial atención a los procesos de inflamación crónica, remodelado tisular y fibrosis, y a la interacción entre células inmunes y estructurales de la piel. El proyecto MAP-AD combina perfilado celular avanzado, estudios moleculares y validación funcional, en estrecha colaboración con el Servicio de Dermatología del CHUS, permitiendo una conexión directa entre investigación básica y práctica clínica. Esta línea refuerza la estrategia del grupo de extender metodologías desarrolladas en asma y enfermedades alérgicas hacia otras enfermedades inflamatorias crónicas, contribuyendo al avance de la medicina personalizada en dermatología",3,declaradas,"Asma | EPOC | Enfermedad pulmonar | Alergia | Fenotipo | Endotipo | Leucocito | Linfocito | Eosinófilo | Proteomica, Transcriptómica | miRNAómica | Biomarcador | Exosomas | Proteínas | miRNA | Biofluidos | Suero | Plasma | Orina | Sangre | CD26",,"Citometría de flujo | Proteómica: LC-MS/MS, Electroforesis 1D y 2D | Cultivos celulares: lineas celulares y cultivo de células primarias | RT-qPCR | ELISA | Western Blot | Técnicas de microscopía de fluorescencia y confocal",,,https://imaisd.usc.es/grupoficha.asp?idpersoatipogrupo=75063&i=es&s=-126-328-329&v=,,grupo,{},USC_groups.csv
USC,Universidade de Santiago de Compostela,Galicia,extraido,GI-1198,Biología molecular y del desarrollo en acuicultura,ACUIBIOMOL,"PAZOS CASTELOS, ANTONIO JUAN",Departamento de Bioquímica e Bioloxía Molecular,,Genes homeobox y regulación del desarrollo y la metamorfosis en mosluscos bivalvos | Bioquímica y biología molecular del ciclo reproductivo de los moluscos bivalvos | Mejora de la productividad de los cultivos de bivalvos marinos,3,declaradas,Acuicultura | biología molecular | moluscos bivalvos | proteínas ABC | genes homeobox,,"Aislamiento, clonación y secuenciación de genes en moluscos bivalvos",,,https://imaisd.usc.es/grupoficha.asp?idpersoatipogrupo=75066&i=es&s=-126-328-329&v=,,grupo,{},USC_groups.csv
USC,Universidade de Santiago de Compostela,Galicia,extraido,GI-1208,Biotecnología,BIOTEC,"SANCHEZ POZA, MARIA SANDRA",Departamento de Microbioloxía e Parasitoloxía Departamento de Bioloxía Funcional,,"Desarrollo y mejora de pruebas de susceptibilidad a antibióticos y antifúngicos in vitro | Evaluación de antígenos de reactividad cruzada como determinantes de actividad bactericida cruzada | Prueba de concentración inhibitoria mínima de biopelícula (MBIC) | Análisis de la eficacia antimicrobiana y antibiopelícula, de nanocápsulas para la administración de antibióticos y fagos | Mejora genética de levaduras y bacterias de interés industrial | Clonaje de genes de plantas y microorganismos con interés Biotecnológico e Industrial | Adecuación de Planta Piloto de Fermentación a procesos Biotecnológicos para la explotación de genes clonados de plantas y de microorganismos |  Regulación del crecimiento de las plantas |  Regulación de las expresión génica de las enzimas apoplásticas |  Regulación por factores apoplásticos de las propiedades mecánicas de las paredes celulares (extensibilidad) y tisulares (textura) |  Estructura de las paredes celulares de las plantas |  Carbohidratos |  Cultivo ""in vitro"" de plantas. Micropropagación y regeneración adventicia de vegetales y plantas transformadas |  Metabolismo secundario de plantas. Aislamiento y caracterización de metabolitos de interés fitosanitario |  Fisiología postcosecha de frutos. Papel de la pared celular |  Conservación de germoplasma de flora endémica amenazada | Clonación de genes car de origen microbiano y de plantas para la produción industrial de poliisoprenos | Histología y estudio ultraestructural de las plantas | Uso de Plantas y Microorganismos en Biorremediación",19,declaradas,"Ensayos antimicrobianos, microbiología, inmunología, clonaje, astaxantina, cantaxantina, enzimas industriales | pared celular | cultivo in vitro | micropropagación | polisacáridos | glicanasas",,"Servicio de identificación microbiana e de determinación de la actividad antimicrobiana | Determinación de la concentración mínima inhibitoria (CIM) | Determinación de la concentración inhibitoria IC50 | Determinación de la concentración inhibitoria IC90 | Determinación de la concentración inhibitoria mínima de biopelícula (MBIC) | Ayudas a empresas del sector biotecnológico en procesos relacionados con el clonaje y explotacion de genes/cepas industriales |  Caracterización estructural y funcional de carbohidratos complejos mediante GLC-MS, FTIR y HPLC |  Caracterización de las propiedades mecánicas de muestras de origen vegetal mediante ensayos de deformación y fractura |  Análisis de compuestos fenólicos libres y asociados a carbohidratos complejos mediante GLC-MS, FTIR y HPLC |  Utilización de glicanasas para la modificación de carbohidratos complejos |  Micropropagación y regeneración de vegetales para estudios de conservación |  Determinación de metabolitos secundarios de plantas con interés fitosanitario y optimización de su producción en cultivo ""in vitro""",,,https://imaisd.usc.es/grupoficha.asp?idpersoatipogrupo=75076&i=es&s=-126-328-329&v=,,grupo,{},USC_groups.csv
USC,Universidade de Santiago de Compostela,Galicia,extraido,GI-1613,Biotecnología Ambiental,BIOGROUP,"MOSQUERA CORRAL, ANUSKA",Centro de Investigación Interdisciplinar en Tecnoloxías Ambientais (CRETUS) Web: https://biogroup.usc.es/,,"1. Tratamiento de residuos y aguas residuales y recuperación de recursos 1.1 Eliminación de microcontaminantes y nanocontaminantes 1.1.1 Eliminación de microcontaminantes orgánicos (PMO) de aguas residuales 1.1.2 Procesos de oxidación avanzados: Enzimático, Fenton y fotocatálisis 1 1.3 Efecto y destino de las nanopartículas de ingeniería (ENP) en plantas de tratamiento de aguas residuales 1.2 Tratamiento de aguas residuales y recuperación de recursos 1.2.1 Desnitrificación autótrofa en mainstream (procesos Anammox) 1.2.2 Reactores aerobios granulares 1.2.3 Metanogénico Integrado / MBR (SIAM) 1.2.4 Nuevos conceptos en el tratamiento de aguas residuales 1.3 Tratamiento de residuos y recuperación de recursos 1.3.1 Eliminación de amoníaco de la digestión anaeróbica 1.3.2 Codigestión / postratamiento anaeróbico integrado 1.3.3 Microbioma en digestores anaeróbicos | 2. Gestión ambiental 2.1 Gestión del ciclo de vida 2.1.1 LCC, LCA, S-LCA y huella ambiental 2.1.2 Economía Circular: Ecodiseño, Ecoeficiencia, Consumo Responsable 2.1.3 Toma de decisiones asistida por LCA 2.1.4 Eficiencia energética: el nexo agua y energía 2.2 Gestión de riesgos 2.2.1 Evaluación de riesgos | 3. Biorrefinería 3.1 Producción de biopolímeros 3.1.1 Biopolímeros (PHB) a partir de compuestos renovables 3.1.2 De aguas residuales a biopolímeros 3.2 Producción de biocombustibles 3.2.1 Pretratamiento de biomasa y producción de biocombustibles 3.3 Producción de bioquímicos y compuestos de valor añadido 3.3.1 Producción selectiva de AGV a partir de residuos 3.3.2 Compuestos de valor añadido de residuos agroindustriales 3.3.3 Nuevas moléculas biológicamente activas obtenidas por oligomerización enzimática",3,declaradas,"Aguas residuales | tratamiento anaerobio | nitrificación | desnitrificación | Anammox, control avanzado, minimización de residuos | reciclado de aguas y residuos, ACV, PPCP's, bioplásticos, granulación, biopelículas, biorreactores de membrana, riesgos ambientales",,"Diseño, operación y control de plantas de tratamiento de aguas residuales industriales | Estudios de minimización de residuos líquidos y reciclado de aguas en procesos industriales | Asesoramiento para la selección de equipos de tratamiento de aguas residuales | Estudios de análisis de ciclo de vida (ACV) y de riesgos ambientales (ARA)",,,https://imaisd.usc.es/grupoficha.asp?idpersoatipogrupo=75501&i=es&s=-126-328-329&v=,,grupo,{},USC_groups.csv
USC,Universidade de Santiago de Compostela,Galicia,extraido,GI-1209,"Biotecnología para el diagnóstico, tratamiento y prevención de las enfermedades infecciosas",DITAPREIN,"OTERO CASAL, ANA MARIA",Instituto de Investigación en Análises Químicas e Biolóxicas (IAQBUS),,Desarrollo de vacunas | Inmunomodulación por microorganisms y sus productos | Diagnóstico microbiológico | Nuevos quimioterápicos | Patógenos microbianos transmitidos por los alimentos | Quorum sensing en patógenos multirresistentes e Inhibidores de la comunicación bacteriana | Estudo dos biofilmes bacterianos e novas estrategias antimicrobianas | Substancias bioactivas de origen marino | Producción de microalgas marinas con control de la composición bioquímica | Acuicultura multitrófica: aprovechamiento de residuos para la producción de microalgas y moluscos | Producción de carotenoides y biopolímeros de microalgas,11,declaradas,Acuicultura | Biotecnología | Microalgas | Cianobacterias | Larvas de peces | Larvas de crustáceos | Carotenoides | Astaxantina | Anticolesterolémico | Cadena nutritiva | microcrustáceos | Comunicación celular | Lácteos | Peces | Pienso,,Colección de cultivos de microalgas | Análisis de señales del quorum sensing y evaluaicón de la inhibición de quorum sensing | Análisis de la actividad antibiofilm y anti-incrustación | Análisis de ácidos grasos por GC-MS,,,https://imaisd.usc.es/grupoficha.asp?idpersoatipogrupo=75077&i=es&s=-126-328-329&v=,,grupo,{},USC_groups.csv
USC,Universidade de Santiago de Compostela,Galicia,extraido,GI-2120,"COntrol de PARásitos en animales y personas: diagnóstico, prevención y tratamiento",COPAR,"PAZ SILVA, ADOLFO",Departamento de Patoloxía Animal,,Control biológico de enfermedades parasitarias Inmunología y genómica para el diagnóstico de infecciones en hospedadores animales y en vectores Vigilancia epidemiológica de vectores de infecciones a personas y animales: garrapatas y dípteros Monitorización de la salud de herbívoros y empleo como centinelas (zoonosis),1,declaradas,Sostenibilidad Duddingtonia flagrans Mucor circinelloides Parásitos Équidos Parascaris Cyathostomum Anoplocephala Proteómica Fasciola hepatica Dicrocoelium Paramphistomum Miasis Oestrus ovis Gasterophilus Rhinoestrus Zoonosis Fasciolosis Toxocariosis Ascariosis Artritis reumatoide,,Diagnóstico de enfermedades parasitarias Formación de parasitológos extranjeros Colaboración con empresas para la aplicación de la proteómica al diagnóstico Asesoramiento para el control de enfermedades parasitarias Colaboración con otros expertos para el desarrollo de lucha biológica Formación de profesionales veterinarios y ganaderos Colaboración con ONGs,,,https://imaisd.usc.es/grupoficha.asp?idpersoatipogrupo=205819&i=es&s=-126-328-329&v=,,grupo,{},USC_groups.csv
USC,Universidade de Santiago de Compostela,Galicia,extraido,GI-1377,Calderón,,"FERNANDEZ MOSQUERA, SANTIAGO","Departamento de Lingua e Literatura Españolas, Teoría da Literatura e Lingüística Xeral Web: http://www.calderondelabarca.org http://www.calderondelabarca.org",,Edición y estudio de las comedias de Pedro Calderón de la Barca,1,declaradas,Calderón de la Barca | edición de textos | estudio e interpretación,,Biblioteca Equipos informáticos Bases textuales,,,https://imaisd.usc.es/grupoficha.asp?idpersoatipogrupo=75250&i=es&s=-126-328-329&v=,,grupo,{},USC_groups.csv
USC,Universidade de Santiago de Compostela,Galicia,extraido,GI-2215,Calidad de vida y enfermedades crónicas: estrategias de análisis e intervención desde una perspectiva interdisciplinar,BENESTAR,"CARRILLO DE LA PEÑA, MARIA TERESA",Departamento de Psicoloxía Clínica e Psicobioloxía Instituto Instituto de Psicoloxía (IPsiUS) Web: https://bap-brainandpain.eu,,Mejora de la evaluación y estrategias de intervención en pacientes con dolor crónico | Estrategias innovadoras para el tratamiento del dolor crónico desde la neurociencia | Educación en salud | Optimización de las vías clínicas para el tratamiento de pacientes crónicos | Economía de la salud: análisis de coste-efectividad de las intervenciones para mejorar la calidad de vida | Condicionantes socioeconómicos de la salud | Calidad de vida en pacientes oncológicos | Implementación de herramientas digitales para promocionar el auto-cuidado | Soledad y enfermedades crónicas,9,declaradas,Dolor crónico | neurociencia | salud | bienestar | cronicidad | diagnóstico | tratamiento | enfoque biopsicosocial | intervenciones multicomponente | oncología | economía de la salud | coste-efectividad,,"Contamos con instrumentos de evaluación sensorial cuantitativa para evaluar los mecanismos de modulación del dolor | Contamos con equipos de registro de la actividad cerebral y de neuromodulación cerebral | Experiencia en investigaciones para mejorar el dolor, la depresión y la disfunción cognitiva en pacientes con cáncer, dolor crónico | Experiencia en la optimización de vías clínicas para pacientes crónicos | Experiencia en estudios de economía de la salud | Experiencia en la coordinación de proyectos de investigación, tanto nacionales como europeos,",,,https://imaisd.usc.es/grupoficha.asp?idpersoatipogrupo=312087&i=es&s=-126-328-329&v=,,grupo,{},USC_groups.csv
USC,Universidade de Santiago de Compostela,Galicia,extraido,GI-1245,"Cartografía de suelos y paisaje, físico-química, degradación y recuperación de suelos y aguas.",Ambiosol,"MONTERROSO MARTINEZ, MARIA DEL CARMEN",Departamento de Edafoloxía e Química Agrícola Departamento de Física Aplicada Departamento de Xeografía Departamento de Química Física Departamento de Bioloxía Funcional Instituto Instituto de Investigacións Tecnolóxicas,,"Estudios de evaluación de impactos ambientales | Procesos de recuperación ambiental de suelos y aguas | Cartografía y evaluación de suelos | Análisis de suelos, aguas, residuos, sedimentos, rocas y minerales | Planificación agroforestal y ordenación territorial | Valorización y gestión de residuos | Fisico-Química de suelos y aguas | Caracterización de las propiedades de los compuestos húmicos | Cartorafía de suelos, aguas, paisajes y recursos naturales | Dinámica geomorfológica de zonas frías,litorales y de montaña | Caracterización de las propiedades de compuestos húmicos y de las nanopartículas minerales | Caracterización y valorización de residuos",12,declaradas,Suelos | cartografía | contaminación | rehabilitación | evaluación de impactos | residuos | vulnerabilidad | cargas críticas | análisis de riesgos | aguas y humus,,"Asesoramiento ambiental en temas de contaminación y recuperación de suelos,aguas y espacios contaminados | Evaluaciones de impacto ambiental. Auditorías ambientales. Análisis de riesgos, | Análisis químico de suelos, rocas, minerales, residuos y aguas | Proyectos de ordenación y conservación de recursos naturales | Proyectos de actuación en accidentes de contaminación de suelos y otros sistemas | Análisis mineralógico de rocas, suelos y sedimentos | Informes ambientales | Estudios geomorfológicos y paisajísticos | Caracterización y valoración de residuos",,,https://imaisd.usc.es/grupoficha.asp?idpersoatipogrupo=75114&i=es&s=-126-328-329&v=,,grupo,{},USC_groups.csv
USC,Universidade de Santiago de Compostela,Galicia,extraido,GI-1595,Catálisis Organometálica y Materiales Moleculares Orgánicos,COMMO (GI-1595),"PEREZ MEIRAS, MARIA DOLORES",Centro de Investigación en Química Biolóxica e Materiais Moleculares (CIQUS) Web: http://www.usc.es/commo/,,"Catálisis homogénea mediante complejos de metales de transición: formación de enlaces carbono-carbono mediante reacciones de cicloadición | Química de arinos | Química supramolecular y materiales moleculares basados en compuestos aromáticos pi-funcionales: cristales líquidos, materiales magnéticos y/o electroactivos, materiales fotónicos Estudio computacional, síntesis y evaluación de propiedades | Síntesis sobre superficies",4,declaradas,,,"Síntesis ""a la carté"" de nanografenos",,,https://imaisd.usc.es/grupoficha.asp?idpersoatipogrupo=75483&i=es&s=-126-328-329&v=,,grupo,{},USC_groups.csv
USC,Universidade de Santiago de Compostela,Galicia,extraido,GI-1773,Ceramica e Materiais Industriais,CMInd,"GUITIAN RIVERA, FRANCISCO",Departamento de Edafoloxía e Química Agrícola Instituto Instituto de Materiais (iMATUS) Web: http://www.icg.edu.es,,Materiales Ceramicos,1,declaradas,Cerámica,,Detallados en la página web www.icg.edu.es,,,https://imaisd.usc.es/grupoficha.asp?idpersoatipogrupo=75962&i=es&s=-126-328-329&v=,,grupo,{},USC_groups.csv
USC,Universidade de Santiago de Compostela,Galicia,extraido,GI-1708,"Cirugía, radiología y ecografía experimental veterinaria.",Cirugía experimental,"CANTALAPIEDRA GONZALEZ, ANTONIO","Departamento de Anatomía, Produción Animal e Ciencias Clínicas Veterinarias",,Cirugía ortopédica y rehabilitación de aves silvestres | Anestesiología de aves silvestres y animales de compañía | Evaluación biológica de materiales | Radiología y ecografía veterinaria oftalmología de animales de compañía y exóticos | Anatomía radiográfica de fauna silvestre,5,declaradas,"Veterinaria | cirugía | radiología | anestesia | oftalmología | biomateriales, fauna silvestre",,"Cirugía experimental | Evaluación de biomateriales en animales de experimentación (implantación, histología e histometría) | Preparación de cortes histológicos mediante la técnica de corte y pulido (sistema Exakt) para tejidos sin descalcificar y otros materiales no posibles de cortar por los métodos convencionales",,,https://imaisd.usc.es/grupoficha.asp?idpersoatipogrupo=75606&i=es&s=-126-328-329&v=,,grupo,{},USC_groups.csv
USC,Universidade de Santiago de Compostela,Galicia,extraido,GI-1927,Ciudadanía y Comunicación,CIDACOM,"OUTEIRIÑO GALLEGO, XOSE MANUEL",Departamento de Ciencias da Comunicación,,"Ciudadano y valores de la comunicación | Autor, crítica, narración y estética | Democracia electrónica, internet y la evolución del periodismo | Comunicación política y políticas de comunicación y cultura | Periodismo no convencional: periodismo cívico, de investigación, de precisión, de anticipación, de soluciones | Comunicación especializada (Áreas de conocimiento: medios y organizaciones empresariales) | Cultura mediática, cultura periodística, cultura pública | Espacios de Comunicación | Identidad e imaginarios colectivos en los medios | Economía Política de las Tecnologías de la Comunicación y del Conocimiento | Utopías y comunicación alternativa | Métodos y técnicas de investigación en Comunicación | Creatividad e investigación audiovisual | Teoría Crítica de la Comunicación",14,declaradas,Ciudadanía | Cine | Radio | Televisión | Publicidad | Estética e Estructura Narrativas | Periodismo | Imagen y sonido | Promoción Audiovisual | Guión Audiovisual | Participación y Comunicación Alternativa | Metodología de la Investigación en Comunicación | Opinión Pública | Eventos Sociales y Espacios de la Comunicación | Economía Política de la Comunicación | Teoría Crítica de la Comunicación,,"Códigos deontológicos en la comunicación | Estudios de Políticas Culturales y Comunicativas | Testados de Control y Garantía de Calidad | Investigaciones cualitativas y de recepción | Análisis de la Representación, Acceso y Participación Ciudadana en los Medios | Proyectos de comunicación cívica y solidaria | Estudios de comunicación alternativa, comunitaria y local | Planificación de los espacios y constructos de la comunicación (estrategias geopolíticas de la comunicación) | Estudios de economía política de la comunicación | Informes cualitativos de contenido y de seguimiento y análisis de programas en los medios | Repórteres de la rentabilidad socioeconómica del impacto comunicativo | Análisis de impacto comunicativo en períodos electorales | Iniciativas comunicativas de creación de tejido social y ciudadano | Formación continua o modular para entidades, empresas y asociaciones | Reciclaje Profesional Periodístico en la Sociedad de la Información y del Conocimiento | Alfabetización audiovisual | Especialización periodística | Desarrollo de Materiales Didácticos para el Reciclaje y la Alfabetización | Consultoría para empresas e instituciones sobre Comunicación, Medios y S.I | Diseño y Desarrollo de Proyectos Audiovisuales y Periodísticos | Promoción y Gestión del Audiovisual y del Espectáculo: Comisiones Fílmicas. Eventos Artísticos, Culturales,Turísticos y de Ocio | Organización de Congresos y Jornadas Académicas | Publicaciones científicas y redacción de informes técnicos sobre la Comunicación | Acceso a Redes, Asociaciones Científicas y Entidades profesionales: IAMCR-AIERI, AGIC, EPTIC, ULEPICC, CEFILMUS, AEHC, ALMA, SEP, AECPA, CPXG, Observatorio Galego de Medios, Media Watch Global",,,https://imaisd.usc.es/grupoficha.asp?idpersoatipogrupo=137682&i=es&s=-126-328-329&v=,,grupo,{},USC_groups.csv
USC,Universidade de Santiago de Compostela,Galicia,extraido,GI-1456,Comportamiento Social y Psicometría Aplicada,COSOYPA,"ALZATE GARCIA, MONICA","Departamento de Psicoloxía Social, Básica e Metodoloxía",,Movimientos sociales | Comportamiento político | Actitudes | Construcción de tests y escalas psicológicas | Psicología del deporte | Comportamiento y medio ambiente,6,declaradas,tests psicológicos | encuestas | control de calidad | psicología del deporte | movimientos sociales | acción política,,Elaboración de encuestas y estudios de opinión | Procesamiento y análisis de datos estadísticos | Asistencia psicológica a deportistas,,,https://imaisd.usc.es/grupoficha.asp?idpersoatipogrupo=75333&i=es&s=-126-328-329&v=,,grupo,{},USC_groups.csv
USC,Universidade de Santiago de Compostela,Galicia,extraido,GI-1786,"Comunicación audiovisual: contenidos, formatos y tecnología",Estudos audiovisuais,"CASTELLO MAYO, ENRIQUE",Departamento de Ciencias da Comunicación Web: http://www.estudosaudiovisuais.org,,"Políticas de comunicación y cultura, Diversidad, y Patrimonio Material e Inmaterial | Espacios culturales y geo-lingüísticos de comunicación | Estudios Fílmicos y Visuales | Industrias Culturales e Identidad: de la Música a los Universos Virtuales | Programar contenidos audiovisuales: de la ideación a la recepción",5,declaradas,"Comunicación | Lenguas no hegemónicas | Diversidad | Cine | Televisión | Fotografía, Periodismo | Industrias Culturales y Creativas, Patrimonio Cultural",,"Análisis de los programas de políticas públicas de comunicación | Estudio de las políticas de comunicación y de las identidades culturales | El papel de la autoría en la ideación y creación de productos para la industria cultural | Configuración de nuevos espacios de circulación de productos audiovisuales y cinematográficos. Tipología y tendencias | Análisis de la información audiovisual: producción, tratamiento, estética e linguaxes | Diseño de productos audiovisuales. Definición de hábitos de consumo. Análisis de audiencias y estudios estratégicos de programación | Análisis y producción de contenidos aplicados a la comunicación sin barreras",,,https://imaisd.usc.es/grupoficha.asp?idpersoatipogrupo=76274&i=es&s=-126-328-329&v=,,grupo,{},USC_groups.csv
USC,Universidade de Santiago de Compostela,Galicia,extraido,GI-2040,Conservación de peces y moluscos,COPEMOL,"ONDINA NAVARRET, MARIA PAZ","Departamento de Zooloxía, Xenética e Antropoloxía Física",,Biología de la Conservación de Margaritifera margaritifera y otras náyades de Galicia | Biología Evolutiva de Gasterosteus aculeatus | Fauna edáfica | Genética evolutiva | Genética evolutiva de peces | Gestión y conservación de recursos genéticos de peces,6,declaradas,Bivalvo | caracteres merísticos y morfométricos | conservación | crecimiento | diversidad genética | espinoso | estructura genética | evolución | fauna edáfica | gasterópodos terrestres | Gasterosteus aculeatus | genética de poblaciones | genomas | marcadores genéticos | marcadores moleculares | Margaritifera margaritifera | microsatélites | morfometría | morfometría geométrica | náyade | poblaciones | selección natural,,Asesoramiento genético y estadístico | Técnicas de estimación de densidades en moluscos | Estimación de curvas de crecimiento,,,https://imaisd.usc.es/grupoficha.asp?idpersoatipogrupo=155909&i=es&s=-126-328-329&v=,,grupo,{},USC_groups.csv
USC,Universidade de Santiago de Compostela,Galicia,extraido,GI-2093,Construcción sostenible para el medio rural y natural,COSMERUN,"MARIÑO ALLEGUE, RAMON ANGEL",Departamento de Enxeñaría Agroforestal,,"Alojamientos ganaderos. Estudio de los parámetros de diseño y control ambiental | Influencia del diseño de alojamientos ganaderos en el bienestar animal | Eficiencia de las rutinas de trabajo Influencia del diseño de alojamientos ganaderos y la organización territorial de las explotaciones agrarias | Impacto ambiental de las instalaciones, edificios y organización territorial de las explotaciones. Análisis de ciclos de vida en explotaciones agrarias | Estudio y evaluación de construcciones rurales tradicionales | Optimización de la construcción de alojamientos ganaderos | Nuevos diseños de estructuras de madera para construcciones rurales utilizando materiales de bajo coste | Técnicas no destructivas para evaluar las propiedades mecánicas de la madera y el estado de conservación de estructuras en servicio",8,declaradas,construcción sosteniblel | aloxjamientos ganaderos | construcción en madeira | bienestar animal | eficiencia en el trabajo | impacto ambiental,,"Elaboración de propuestas de deseño. Evaluación de alojamientos ganaderos | Monitorización de alojamientos ganaderos desde una perspectiva integral | Determinación de las propiedades mecánicas de elementos de madera de distintas especies | Evaluación de estructuras de madera con técnicas no destrutivas ( resistógrafo, arbotom, ..) | Proyectos singulares de construcciones rurales",,,https://imaisd.usc.es/grupoficha.asp?idpersoatipogrupo=195201&i=es&s=-126-328-329&v=,,grupo,{},USC_groups.csv
USC,Universidade de Santiago de Compostela,Galicia,extraido,GI-1954,"Contenidos digitales literarios y lingüísticos contrastivos (alemán, español, gallego e inglés)",LitLin@,"SABATE PLANES, MARIA DOLORES",Departamento de Filoloxía Inglesa e Alemá,,,0,nombre,"Historia de la lengua alemana | fraseología, sociolingüística, dialectología, sintaxis, gramática, fonética contrastivas | traducción | enseñanza del alemán y del danés | explotación de corpus | gender studies | clasicismo y romanticismo alemán | literatura de la República de Weimar, literatura escrita por mujeres en lengua alemana a partir de 1945, literatura austriaca",,"Historia de la lengua alemana Dialectología y sociolingüística contrastivas (alemán-castellano-gallego) Gramática, lexicología, fonología, fraseología contrastivas (alemán-castellano-gallego y danés-castellano) Gramática de valencias, sintaxis y ortografía alemanas Enseñanza del alemán y del danés como lenguas extranjeras Lingüística aplicada: lingüistica informatizada y traducción Clasicismo y Romanticismo literario alemán L;iteratura austriaca desde 1945 Literatura de la República de Weimar Gender Studies Literatura de mujeres en lengua alemana desde 1945 Traducción literaria",,,https://imaisd.usc.es/grupoficha.asp?idpersoatipogrupo=193203&i=es&s=-126-328-329&v=,,grupo,{},USC_groups.csv
USC,Universidade de Santiago de Compostela,Galicia,extraido,GI-2194,Control de Regulación Geníca en Enfermedades,RegulaciónGeníca,"Woodhoo, Ashwin",Centro de Investigación en Medicina Molecular e Enfermidades Crónicas (CIMUS) Web: https://www.usc.es/cimus/en/research/research-groups/gene-regulation-lab,,"Utilizando enfoques tanto experimentales como computacionales, nuestro laboratorio tiene como objetivo deconstruir la base mecanicista para el control de la expresión génica en contextos patológicos y de desarrollo a nivel de genes individuales a genomas completos. Estamos interesados ​​en múltiples aspectos del control de la expresión génica, incluidos los mecanismos de control transcripcional, traslacional y postraduccional, con un enfoque particular en los trastornos nerviosos, las enfermedades hepáticas y el cáncer. ? Trastornos de los nervios: el trabajo en el laboratorio aborda una serie de problemas entrelazados en la biología de las células de Schwann, que van desde la mielinización axonal hasta la respuesta de las células de Schwann a afecciones patológicas, incluidas lesiones nerviosas, trastornos genéticos, ataque de células inmunitarias e infecciones microbianas. ? Enfermedad hepática: estamos investigando los mecanismos moleculares que subyacen a las respuestas celulares hepáticas a enfermedades hepáticas crónicas de diversas etiologías, incluida la enfermedad del hígado graso no alcohólico (EHGNA), fármacos y enfermedad colestásica, así como la respuesta regenerativa hepática después de la resección hepática. . ? Cáncer: Estamos enfocados en la identificación de dianas terapéuticas para la neurofibromatosis tipo 1 y los tumores malignos de la vaina del nervio periférico (MPNST)",1,declaradas,"Control de la regulación génica | Células de Schwann, mielina, cáncer, enfermedad hepática, hígado graso no alcohólico, metabolismo",,"Análisis bioinformático; Tecnologías OMICS, modelos preclínicos de enfermedades, biología molecular avanzada (ChIP-Seq, ATAC-Seq, RNA-Seq)",,,https://imaisd.usc.es/grupoficha.asp?idpersoatipogrupo=292620&i=es&s=-126-328-329&v=,,grupo,{},USC_groups.csv
USC,Universidade de Santiago de Compostela,Galicia,extraido,GI-2016,Creación de Valor Sostenible en las Organizaciones,CVSO,"PIÑEIRO CHOUSA, JUAN RAMON",Departamento de Economía Financeira e Contabilidade,,"Responsabilidad Social Corporativo, Riesgo Reputacional y Creación de Valor Sostenible | Gestión del Valor Intangible de la Empresa. Capital Intelectual y Modelos de Gestión del Conocimiento | Valoración Económico-Financiera del Impacto Medioambiental de la Actividad Económica | Generación del Valor Empresarial a través de la Dirección del Valor Intelectual. Dirección y Gestión de las Personas",4,declaradas,Responsabilidad Social Corporativa | Creación de Valor Sostenible | Gestión del Valor Intangible de la Empresa | Impacto Medioambiental de la Actividad Económica en las Empresas,,Creación de Modelos de Gestión de Conocimiento | Valoración de Activos Intangibles | Valoración del Riesgo Reputacional y RSC | Desarrollo de Modelos de Creación de Valor en las Empresas,,,https://imaisd.usc.es/grupoficha.asp?idpersoatipogrupo=144520&i=es&s=-126-328-329&v=,,grupo,{},USC_groups.csv
USC,Universidade de Santiago de Compostela,Galicia,extraido,GI-1626,Cromatografía y Quimiometría,ChromChem,"RODRIGUEZ PEREIRO, ISAAC",Instituto de Investigación en Análises Químicas e Biolóxicas (IAQBUS) Instituto Instituto de Investigación e Análises Alimentarias Web: http://www.usc.es/gl/investigacion/grupos/chromchem/index.html,,"Desarrollo de metodologías analíticas àra la determinación de compuestos fenólicos y aromáticos clorados en muestras ambientales (aguas, suelos, etc.) | Desarrollo de metodología analítica para la determinaciónd e compuestos volátiles y aromas en muestras agroaliemtnarias y medioambientales | Técnicas ee procesamiento de muestras ambientales (extracción por fluidos supercríticos, métodos asistidos por microondas, microextracción en fases sólida, extracción en fase sólida, dispersión de la matrix en fase sólida, microextracción en fase líquida). Técnicas de screening | Desarrollo de modelos de simulaciòn y optimización computrerizada de separaciones cromatográficas (desarrollo de software y aplicaciones quimiométricas) | Análisis multivariante, caracterización de materiales mediante écnicas quimiométricas. Diseño experimental y optimización en el laboratorio. Algoritmos genéticos y aplicaciones de inteligencia artificial en química analítica | Desarrollo de metodología analítica para especiación de compuestos organometálicos (organomercuriales y organoestánnicos) en muestras ambientales | Determinación de fármacos, productos de cuidado personal (PPCPs), hormonas y contaminantes emergentes en el medio acuático (aguas superficiales y residuales, sedimentos y lodo) y alimentos | Determinación de compuestos halogenados persistentes (bifenilos policlorados y difenil éteres polibromados) en muestras medioambientates y biológicas | Nuevas estrategias en muestreo ambiental. Composición estratégica de muestras. Desarrollo de sistemas de gestión y resolución de muestras compuestas mediante aproximaciones quimiométricas | Aplicación de estrategias fotoquímicas en Química Analítica (Fotoderivatización y Foto-SPME)",10,declaradas,"Cromatografía | quimiometría | preparación de muestras, análisis ambiental, análisis de alimentos y química analítica relacionada con la seguridad alimentaria",,"Desarrollo, implementación y formación continuada en técnicas cromatográficas y quimiométricas. Entrenamiento en el manejo del software desarrollado en el laboratorio | Análisis de screening. Diseño de experimentos y optimización de operaciones de laboratorio analítico | Análisis de fenoles, pesticidas, hidrocarburos policíclicos aromáticos, dioxinas, aromas y compuestos volátiles, trazas metálicas y compuestos organometálicos, contaminantes emergentes y compuestos organcios persistentes. Desarrollo de procedimientos de preparación de muestras | Cromatografía de gases (incluyendo GC-MS, GC-AED y GC-MS-MS, GC-ECD, etc.), cromatografía líquida, electroferesis capilar, olfatometría electrónica, ICP-MS",,,https://imaisd.usc.es/grupoficha.asp?idpersoatipogrupo=75515&i=es&s=-126-328-329&v=,,grupo,{},USC_groups.csv
USC,Universidade de Santiago de Compostela,Galicia,extraido,GI-1670,"Cronicidad, Innovación Educativa y Tecnologías aplicadas a la salud",CroniEduTec,"GANDOY CREGO, MANUEL","Departamento de Psiquiatría, Radioloxía, Saúde Pública, Enfermaría e Medicina Web: http://www.usc.es/xeronto",,"Cronicidad, envejecimiento saludable, y atención comunitaria | Innovación educativa | Educación terapéutica y tecnologías aplicadas a la salud",3,declaradas,"1. Enfermedades crónicas 2. Envejecimiento saludable 3. Atención comunitaria 4. Calidad de vida 5. Dependencia 6. Fragilidad 7. Innovación educativa 8. Educación terapéutica 9. eSalud 10. Telemedicina 11, Desarrollo profesional",,"1. Asesoramiento especializado a empresas e instituciones · Consultoría en estrategias de gestión de la cronicidad y envejecimiento saludable. · Diseño de programas de atención comunitaria adaptados a distintos entornos. · Orientación en la incorporación de tecnologías digitales en salud (eSalud, telemedicina, realidad virtual). 2. Diseño y evaluación de programas educativos · Creación de programas de educación terapéutica para pacientes y cuidadores. · Desarrollo de programas de promoción de la salud y autocuidado. · Implementación de intervenciones educativas basadas en evidencia científica. · Evaluación de impacto y resultados de programas de salud y formación. 3. Formación y capacitación profesional · Formación continua para profesionales sanitarios en innovación educativa y metodologías activas. · Capacitación en alfabetización en salud y empoderamiento del paciente. · Cursos especializados en uso de simulación clínica y realidad virtual. · Talleres sobre competencias digitales aplicadas a la salud. 4. Elaboración de materiales educativos y recursos digitales · Diseño de guías y manuales para pacientes, profesionales y cuidadores. · Desarrollo de materiales multimedia (vídeos, apps, infografías interactivas). · Creación de plataformas de eLearning y contenidos digitales adaptados. · Material educativo accesible y adaptado a diferentes niveles de alfabetización en salud. 5. Colaboración en proyectos de innovación y transferencia · Participación en proyectos colaborativos con empresas del sector salud y tecnológico. · Pilotaje de nuevas tecnologías aplicadas a la atención y educación en salud. · Transferencia de resultados de investigación a la práctica empresarial y comunitaria",,,https://imaisd.usc.es/grupoficha.asp?idpersoatipogrupo=75568&i=es&s=-126-328-329&v=,,grupo,{},USC_groups.csv
USC,Universidade de Santiago de Compostela,Galicia,extraido,GI-1344,"Cuidados Intensivos, Intermedios y Urgencias Pediátricas",,"MARTINON TORRES, FEDERICO","Departamento de Ciencias Forenses, Anatomía Patolóxica, Xinecoloxía e Obstetricia e Pediatría",,"Utilización de Heliox en patología respiratoria pediátrica | Estudio sobre la influencia genética en la enfermedad meningócocócica. Protocolo ESIGEM | Monitorización non invasiva mediante técnicas doppler | Analgesia y sedacion en pacientes pediatricos | Estudio genético, clínico y fisiopatológico del síncope en el niño | Estudio multicéntrico sobre nutrición enteral en niños | Nuevas tecnicas de ventilacion mecanica en pediatria | Valoración de costes indirectos por gastroenteritis aguda por rotavirus en lactantes | Nuevas vacunas y su aplicación en Galicia",9,declaradas,Monitorización | Doppler | Nutrición | Síncope | Analgesia | Sedación | Heliox | Ventilación mecánica | Enfermedad meningocócica | Sepsis | Shock séptico | Asosiación genética | rotavirus | desfibrilación | reanimación cardiopulmonar | vacunas | etica,,Unidad de Cuidados Intensivos Pediátricos,,,https://imaisd.usc.es/grupoficha.asp?idpersoatipogrupo=75214&i=es&s=-126-328-329&v=,,grupo,{},USC_groups.csv
USC,Universidade de Santiago de Compostela,Galicia,extraido,GI-1147,De conflictu legum,,"GARCIA RUBIO, MARIA PAZ",Departamento de Dereito Común Web: http://deconflictulegum.usc.gal,,"Género y Derecho privado | Derecho internacional privado | Derecho civil | Derecho civil de Galicia | Derecho interregional | El nuevo derecho de familia | Derecho contractual europeo | Mercado y protección de los consumidores | Derecho de sucesiones. Sucesiones internas e internacionales | Eficacia en España de resoluciones jurídicas y actos jurídicos extranjeros | Responsabilidad derivada de la contaminación del mar por hidrocarburos | Derecho del comercio internacional, solución arbitral de controversias, espacio judicial europeo, arbitraje comercial internacional | Daño moral. Derecho español y Derecho comparado. La regulación del daño moral en Euorpa | Eficacia en el extranjero de resoluciones jurídicas y actos jurídicos pronunciados en España | Problemas jurídicos concernientes a la emigración: persona, familia y sucesiones | Unificación del Derecho de sucesiones en la UE | Responsabilidad médico sanitaria | Plurilegislación civil española y Derecho comunitario",18,declaradas,Derecho internacional privado | ejecución de sentencias extranjeras | problemas jurídicos de la emigración | arbitraje comercial | responsabilidad | derecho civil de Galicia | derecho interregional,,Dictámenes y asesoramiento propios de Derecho Civil | Dictámenes y asesoramiento propio de Derecho Internacional Privado | Dictámenes y asesoramiento propio de Derecho del comercio internacional | Dictámenes y asesoramiento propio de Arbitraje comercial,,,https://imaisd.usc.es/grupoficha.asp?idpersoatipogrupo=75012&i=es&s=-126-328-329&v=,,grupo,"{""telefono"": ""981-563100 ext.14648""}",USC_groups.csv
USC,Universidade de Santiago de Compostela,Galicia,extraido,GI-1373,"De la Edad Media al Siglo de Quevedo: estudio, edición y recepción en las literaturas hispánicas",Quevedo,"ALONSO VELOSO, MARIA JOSE","Departamento de Lingua e Literatura Españolas, Teoría da Literatura e Lingüística Xeral Web: http://www.usc.es/quevedo",,"Estudio de la obra de Francisco de Quevedo | Edición crítica y anotada de la obra completa de Quevedo | Transmisión de la obra de Quevedo en el contexto intelectual europeo, a través de traducciones a otras lenguas, en particular el inglés, el francés y el italiano | Poesía hispano-portuguesa de los siglos XVI y XVII. Obra literaria escrita en castellano de los autores portugueses | Estudio, edición y anotación de literatura del Siglo de Oro y la época de Quevedo: Lope de Vega, Gracián, Góngora, teatro y poesía escritos por mujeres | Lírica gallego-portuguesa: Edición y anotación | Literatura del siglo XX: Miguel Delibes, Luis Martín-Santos y Julio Cortázar, entre otros autores | Literatura hispanoamericana | Estudio de las literaturas hispánicas medievales | Codicología | Humanidades digitales aplicadas a los textos medievales | Humanidades digitales: concordancias de obras de Quevedo",12,declaradas,"Literatura española (Literatura medieval, Siglo de Oro, Narrativa del siglo XX) | Literatura hispanoamericana | Literatura gallego-portuguesa | Codicología | Crítica textual Anotación filológica | Prosa y poesía de Francisco de Quevedo | Humanidades digitales",,"Proporcionar un texto seguro de la obra de Quevedo, base de estudios literarios y lingüísticos posteriores | Estudios y ediciones críticas relacionados con la literatura del Siglo de Oro | Asesoramiento a industrias del ámbito cultural (editoriales, productoras, empresas audiovisuales) sobre el Siglo de Oro",,,https://imaisd.usc.es/grupoficha.asp?idpersoatipogrupo=75246&i=es&s=-126-328-329&v=,,grupo,{},USC_groups.csv
USC,Universidade de Santiago de Compostela,Galicia,extraido,GI-1760,Derecho Penal,GI-1760,"ABEL SOUTO, MIGUEL",Departamento de Dereito Público Especial e da Empresa,,,0,nombre,Derecho Penal,,,,,https://imaisd.usc.es/grupoficha.asp?idpersoatipogrupo=75936&i=es&s=-126-328-329&v=,,grupo,{},USC_groups.csv
USC,Universidade de Santiago de Compostela,Galicia,extraido,GI-1140,Derecho y Ciudadanía,DERCIU,"BLANCO VALDES, ROBERTO LUIS",Departamento de Dereito Público e Teoría do Estado Web: http://www.usc.es/departamentos/depubteg,,"Teoría histórica del constitucionalismo | Derecho parlamentario | Partidos políticos, democracia y representación | Justicia constitucional y democracia | Los derechos y libertades y su protección jurídica | Internet y derechos fundementales | Transparencia, acceso a la información y protección de datos | Fderalismo y organización territorial del Estado | Corrupción Pública",9,declaradas,Historia | constitución | partidos | democracia | España | justicia constitucional | derechos | libertades | autonomía | territorio | descentralización | federalismo | Internet. | sistema penal | penas | violencia | mujer | corrupción | mediación | globalización | dereito penal,,Elaboración de informes y dictámenes,,,https://imaisd.usc.es/grupoficha.asp?idpersoatipogrupo=75005&i=es&s=-126-328-329&v=,,grupo,"{""telefono"": ""981-563100 ext.14716""}",USC_groups.csv
USC,Universidade de Santiago de Compostela,Galicia,extraido,GI-1853,Desarrollo y regeneración del sistema nervioso de peces,NEURODEVO,"CANDAL SUAREZ, EVA MARIA",Departamento de Bioloxía Funcional Web: http://www.usc.es/,,Organización neuroquímica del sistema nervioso de peces durante el desarrollo y en etapas adultas | Desarrollo del sistema nervioso central de peces: morfogénesis y regionalización | Evolución del sistema nervioso central: genoarquitectura comparada | Bases moleculares de la neurogénesis durante el desarrollo y en el adulto | Regeneración del sistema nervioso central en lampreas y pez cebra tras lesión medular | Regeneración de la retina de peces cartilagionosos | Regulación circadiana de la neurogénesis en el desarrollo y en el adulto,7,declaradas,"Sistemas aminoacidérgicos, monoaminérgicos, colinérgicos y neuropéptidérgicos | Desarrollo y evolución, morfogénesis, regionalización, genoarquitectura, neuroanatomía comparada | Neurogénesis, gliogénesis, neurogénesis postnatal | Regeneración | Lesión medular, plasticidad y recuperación | Ciclo circadiano | Encéfalo, retina, médula espinal | Lamprea, pintarroja, esturión, pez cebra, agnatos, elasmobranquios, condrósteos, teleósteos",,"Histología convencional | Inmunohistoquímica | Hibridación ""in situ"" | Trazado neuronal | Microscopía de campo claro, de fluorescencia, confocal y electrónica | Transcriptómica | Bioinformática | Bioestadística",,,https://imaisd.usc.es/grupoficha.asp?idpersoatipogrupo=88770&i=es&s=-126-328-329&v=,,grupo,{},USC_groups.csv
USC,Universidade de Santiago de Compostela,Galicia,extraido,GI-1597,Descubrimiento y síntesis de fármacos,Desinfarma,"SOTELO PEREZ, EDDY",Centro de Investigación en Química Biolóxica e Materiais Moleculares (CIQUS) Web: https://www.sotelolab.es,,"Síntesis de nuevos peptidomiméticos derivados de prolina con actividad neuroprotectora | Desarrollo y explotación de nuevas metodologías sintéticas en Química Combinatoria. Reacciones multicomponente | Diseño, síntesis y relación estructura-actividad de quimiotecas de compuestos heterocíclicos con diversidad de actividades farmacológicas | Diseño y síntesis de nuevas herramientas farmacológicas para el estudio de dianas complejas: Ligandos fluorescentes, Ligandos homo- y heterobivalentes | Diseño, síntesis y evaluación de nuevos neuroprotectores derivados de la rasagilina | Inducción asimétrica en reacciones de aza-Diels-Alder con azadienófilos | Síntesis asimétrica de fármacos y modulación enantioespecífica de dianas biológicas: aplicaciones en el tratamiento de patologías neurodegenerativas | Control de la selectividad en reacciones de formación de enlaces C-C y estudio de la estructura, estabilidad y reactividad de compuestos organolíticos polifuncionalizados",8,declaradas,Fármacos para patologías neurodegenerativas | Inmunoterapia del cancer | Reconocimiento biológicvo enantioespecífico | Modulación de receptores de membrana | Antagonistas de los receptores de adenosina | Reacciones de aza-Diels Alder | Peptidomiméticos | Neuroprotección | Química Combinatoria | Quimiotecas | Reacciones Multicomponente,,Preparación y caracterización de nuevas moléculas de síntesis | Diseño y síntesis de quimiotecas de moléculas pequeñas para su screening farmacológico y para el estudio de sistemas biológicos complejos | Síntesis de nuevos sistemas heterocíclicos para su uso como scaffolds | Preparación de quimiotecas de Lead Generation y/o Lead Optimisation | Desarrollo y optimización de nuevos procesos de síntesis orgánica,,,https://imaisd.usc.es/grupoficha.asp?idpersoatipogrupo=75485&i=es&s=-126-328-329&v=,,grupo,{},USC_groups.csv
USC,Universidade de Santiago de Compostela,Galicia,extraido,GI-1924,"Discurso e identidad. GI multidisciplinar para el estudo de la lingua, de la literatura y de la cultura en inglés",DI-1924,"LOJO RODRIGUEZ, LAURA MARIA",Departamento de Filoloxía Inglesa e Alemá Web: http://www.discursoeidentidade.com,,,0,nombre,literatura | cultura | identidad | género | Reino Unido e Irlanda | análisis literario | historia de la literatura | traducción | artes visuales | EEUU,,"Literatura del Reino Unido | Literatura irlandesa en lengua inglesa | Estudios de género/Estudios de la mujer | Identidad y subjetividad | Literatura en lengua inglesa y artes visuales | Narrativa, teatro y cine de los EE. UU | Discurso y análisis textual | Edición de textos | Lingüística y literaturas en habla inglesa | Traducción | Discursos e identidades culturales y nacionales en la literatura en lengua inglesa | Lingua y lingüística general: aproximaciones sincrónicas y deacrónicas | Teorías lingüísticas: Métodos y aplicaciones | Estudios comparativos Galicia-Irlanda | Estudios Culturais e históricos en lengua y literatura inglesas | Discursos e identidades culturales y nacionales en la literatura y en la lingua inglesa | Gramática inglesa | Análises do discurso | Análises de la conversación | Estudoos sobre xéneros e lingüística do texto | Fonética, fonología y ortografía inglesas | Inglés para fines específicos | Lexis | Lingüística aplicada",,,https://imaisd.usc.es/grupoficha.asp?idpersoatipogrupo=193200&i=es&s=-126-328-329&v=,,grupo,{},USC_groups.csv
USC,Universidade de Santiago de Compostela,Galicia,extraido,GI-1790,ESCULCA - Conocimiento y acción educativa,ESCULCA,"SANTOS REGO, MIGUEL ANGEL",Departamento de Pedagoxía e Didáctica Web: http://www.usc.es/esculca,,"Arquitectura y espacios educativos | Evaluación de programas y servicios socio-educativos | Dislexia y dificultades de aprendizaje | Aprendizaje-servicio y desarrollo educativo | Educación y Fondos de conocimiento | Educación y pedagogía en contextos penitenciarios | Educación familiar | Educación intercultural y aprendizaje cooperativo | Educación no formal y empleabilidad | Educación, competencias y desarrollo de la sociedad civil | Éxito educativo | Inmigración y proyectos educativos en la familia y en la escuela | Pedagogía laboral | Procesos motivacionales en educación",14,declaradas,"Teoría de procesos educativos, educación intercultural, aprendizaje cívico, aprendizaje de servicio, competencias transversales, educación comunitaria, aprendizaje cooperativo, pedagogía penitenciaria, antropología aplicada, educación y patrimonio cultural",,"Diseño y evaluación de programas y proyectos socioeducativos | Elaboración de informes técnicos | Asesoramiento a centros y organizaciones socioeducativas, profesionales y familias | Formación a profesionales socioeducativos",,,https://imaisd.usc.es/grupoficha.asp?idpersoatipogrupo=76484&i=es&s=-126-328-329&v=,,grupo,"{""telefono"": ""981-563100 ext.13755""}",USC_groups.csv
USC,Universidade de Santiago de Compostela,Galicia,extraido,GI-1676,ETHOS. Filosofía Moral,ETHOS,"GARCIA SOTO, LUIS MODESTO",Departamento de Filosofía e Antropoloxía,,Paradigmas de la Filosofía Moral | Postestructuralismo / Postmodernidad | Filosofía y paz | Filosofía y literatura | Justicia política | Bioética | Filosofía Moral y Política en Galicia,7,declaradas,Ética | Postestructuralismo | Postmodernidad | Filosofía y paz | Filosofía y literatura | Justicia | Bioética | Galicia,,Los disponibles en el departamento y en el centro,,,https://imaisd.usc.es/grupoficha.asp?idpersoatipogrupo=75574&i=es&s=-126-328-329&v=,,grupo,{},USC_groups.csv
USC,Universidade de Santiago de Compostela,Galicia,extraido,GI-1553,EcoPast,,"LOPEZ COSTAS, OLALLA",Centro de Investigación Interdisciplinar en Tecnoloxías Ambientais (CRETUS) Web: http://ecopast.zuir.es/,,"Paleoambiente y paleoecología | Paleoclimatología | Patrimonio cultural y ambiental | Arqueología y arqueometría de la cultura material | Bioarqueología, osteoarqueología y antropología física | Recursos naturales, servicios ecosistémicos y biodiversidad | Cambio global e interacciones planta-animal",7,declaradas,,,"Estudios del medio natural orientados a la gestión territorial y a la valoración y conservación ambiental | Estudios paleoambientales | Estudios de materiales bioarqueológicos (polen, esqueletos, etc.) | Estudios arqueométricos y arqueológicos | Estudios de paleodieta, movilidad y paleocontaminación",,,https://imaisd.usc.es/grupoficha.asp?idpersoatipogrupo=75438&i=es&s=-126-328-329&v=,,grupo,{},USC_groups.csv
USC,Universidade de Santiago de Compostela,Galicia,extraido,GI-1615,Ecoeficiencia,GI-1615,"VIDAL TATO, MARIA ISABEL",Departamento de Enxeñaría Química,,Tecnologías de conversión química y térmica de biomasa | Tecnologías de conversión de residuos | Suelos de diseño | Nuevas tecnologías de separación | Seguridad Industrial. Seguridad Intrínseca en Procesos Químicos,5,declaradas,Ecoeficiencia | energía | residuos | biomasa | suelos artificiales.Seguridad. Separación,,"Diseño, proyecto y optimización de instalaciones de tratamiento de residuos sólidos urbanos e industriales | Estudio, caracterización y definición de tratamientos de suelos contaminados | Diseño, proyecto y supervisión de construcción de plantas de tratamiento de purines en instalaciones energéticamente integradas | Estudios y optimización de instalaciones e integración de energía con plantas de cogeneración | Diseños alternativos para el uso alimentario, energético, construcción y formulación de suelos a partir de materiales lignocelulósicos | Asistencia técnica en seguridad industrial y transporte de marcancías peligrosas",,,https://imaisd.usc.es/grupoficha.asp?idpersoatipogrupo=75503&i=es&s=-126-328-329&v=,,grupo,"{""telefono"": ""981-591488""}",USC_groups.csv
USC,Universidade de Santiago de Compostela,Galicia,extraido,GI-1819,Econometría e Estudios Cuantitativos de Desarrollo Económico Europeo e Internacional,Economet,"CANCELO MARQUEZ, MARIA TERESA",Departamento de Economía cuantitativa Web: http://www.usc.es/economet,,"Estudios sectoriales de economía aplicada cuantitativa, con referencia a la economía española y al contexto internacional | Estudio de los Sectores de: agricultura, industria, construcción, servicios y sectores institucionles | Estudios de Capital Humano | Estudios de Desarrollo Económico Europeo, Latinoamericano e Internacionales | Estudios Econométricos Regionales de España, Europa y otras Áreas | Modelos Econométricos Aplicados: Consumo, Produccción, Empleo, Comercio, Agricultura, Industria, etc | Estudios de Economía Social",7,declaradas,Econometría | Estudios Sectoriales | Economía Europea | Economía Internacional | Capital Humano | Desarrollo Económico | Economía Regional | Cooperativas | Economía Social,,Elaboración de estudios y de informes técnicos en los temas recogidos en las líneas de investigación,,,https://imaisd.usc.es/grupoficha.asp?idpersoatipogrupo=77687&i=es&s=-126-328-329&v=,,grupo,"{""telefono"": ""11555 11642""}",USC_groups.csv
USC,Universidade de Santiago de Compostela,Galicia,extraido,GI-2226,Economía Dinamica y Políticas,Economía dinámica,"RODRIGUEZ SAMPAYO, ANTONIO",Departamento de Fundamentos da Análise Económica Web: https://economicdynamicspolicy.github.io/economicdynamics-policy-researchgroup/index.html,,"Elección social, eficiencia, fertilidad endógena | Cambio tecnológico, productividad, empleo y distribución funcional de la renta | Crecimiento y contabiliad de ciclos económicos | Empresas heterogéneas, fricciones financeiras e inversión | Economía de la salud, bienestar y políticas públicas",5,declaradas,Economía dinámica | crecimiento | productividad | distribución de la renta | inversión | fricciones financieras | ciclos económicos | bienestar | eficiencia | fertilidad,,"Previsión de escenarios macroeconómicos para la elaboración de presupuestos en las instituciones públicas | Análisis de los posibles efectos distributivos y de bienestar de las políticas sanitarias, de servicios sociales, y de fomento de la natalidad | Análisis de las políticas para el incremento de la productividad y sus efectos sobre el crecimiento económico | Análisis de los efectos de la regulación financiera sobre la inversión empresarial",,,https://imaisd.usc.es/grupoficha.asp?idpersoatipogrupo=332134&i=es&s=-126-328-329&v=,,grupo,{},USC_groups.csv
USC,Universidade de Santiago de Compostela,Galicia,extraido,GI-1175,Economía Pesquera y Recursos Naturales,Ecopesca,"RODRIGUEZ RODRIGUEZ, GONZALO",Instituto de Estudos e Desenvolvemento de Galicia (IDEGA) Web: http://www.usc.es/ecopesca,,Economía pesquera | Economia Forestal | Economía de Galicia | Economía y estudios del género | Economia de los Recursos Naturales,5,declaradas,Economía pesquera | género | recursos naturales | economía de Galicia | economía de la energía | economía forestal,,Elaboración de informes y asistencia técnica en los temas relacionados con las líneas de investigación del grupo,,,https://imaisd.usc.es/grupoficha.asp?idpersoatipogrupo=75042&i=es&s=-126-328-329&v=,,grupo,{},USC_groups.csv
USC,Universidade de Santiago de Compostela,Galicia,extraido,GI-2083,Economía ecológica y de los recursos naturales,Bioeconomía,"CHAS AMIL, MARIA LUISA",Departamento de Economía cuantitativa,,"Economía ecológica | Incendios forestales | Economía de los recursos naturales (recursos agrarios, pesqueros y forestales) | Economía de la energía | Economía del cambio climático | Metabolismo socioeconómico | Cuentas del patrimonio natural | Transporte sustentable",8,declaradas,"Enerxia, agricultura | pesca, forestal, economia ecológica | incendios forestales",,"Elaboración de bases datos y estadísticas ambientales para el análisis de la economía gallega | Asesoramiento a empresas sobre la situación de la comunidad Autónoma y sobre el análisis ambiental de su actividad productiva y resolución de problemas para su mejora y adaptación a los parámetros normativos establecidos | Colaboración con la administración en la elaboración de estudios económicos de impacto ambiental, de planes de gestión de los recursos naturales, de estrategias económicas de prevención del cambio climático, de planificación energética e industrial, etc | Evaluación de programas; Análisis de impactos medio-ambientales de nuevas políticas, infraestructuras y agresiones ecológicas | Evaluación de políticas agrarias y forestales; Evaluación de políticas energéticas; Evaluación de políticas industriales; Evaluación de políticas de transporte; Evaluación de políticas de cambio climático",,,https://imaisd.usc.es/grupoficha.asp?idpersoatipogrupo=193322&i=es&s=-126-328-329&v=,,grupo,{},USC_groups.csv
USC,Universidade de Santiago de Compostela,Galicia,extraido,GI-1870,"Economía, Contabilidad, Administración y Dirección de Empresas",ECADE,"PORTO SERANTES, NELIDA",Departamento de Organización de Empresas e Comercialización Instituto Instituto de Investigación e Análises Alimentarias,,"Contabilidad de entidades públicas y privadas y de entidades no lucrativas | Sistemas de información financiera y no financiera | Responsabilidad Social Empresarial | Intangibles empresariales | Organización y Dirección de Empresas | Crisis Empresariales | Internacionalización de la empresa, competitividad y marketing internacional | Sistema financiero y Política monetaria | Economía sectorial | Relaciones económicas internacionales | Negocios internacionales | Comercio electrónico",12,declaradas,Economía | Información financiera | información no financiera | contabilidad | organización y dirección de empresas | omercialización | Crisis empresariales | Internacionalización | Análisis sectorial | Comercio exterior | Competitividad,,"Se ofrecen los siguientes servicios, dirigidos a empresas, entidades públicas y organizaciones sin ánimo de lucro: 1) Análisis del Entorno económico de las organizaciones | Diseño y evaluación de estrategias y de estructuras organizativas | Diseño y evaluación de sistemas de dirección y control | Diseño y evaluación de Sistemas de Información Financiera y no Financiera; se incluyen los aspectos relacionados con la Responsabilidad Social y la valoración de Activos Intangibles | Investigación de las Crisis Empresariales y análisis de Viabilidad | Asistencia técnica y asesoramiento a empresas, entidades públicas y organizaciones sin ánimo de lucro | Creación, desarrollo y gestión de la marca | Gestión y evaluación del Capital Intelectual en las organizaciones | Proyectos de internacionalización e implantación internacional | Análisis económico y empresarial en la economía Gallega | Estudios sectoriales | Otros estudios relacionados con las líneas de investigación mencionadas",,,https://imaisd.usc.es/grupoficha.asp?idpersoatipogrupo=109041&i=es&s=-126-328-329&v=,,grupo,"{""telefono"": ""981-563100 ext.11615""}",USC_groups.csv
USC,Universidade de Santiago de Compostela,Galicia,extraido,GI-1899,"Economía, Territorio, Gobernanza y Desarrollo Sostenible",ECOAGRASOC,"LOPEZ IGLESIAS, EDELMIRO",Departamento de Economía Aplicada Instituto Instituto de Estudos e Desenvolvemento de Galicia (IDEGA) Web: https://www.usc.gal/gl/investigar-na-usc/grupos/ecoagrasoc,,"1. Economía agroalimentaria, desarrollo rural y economía ambiental | Estructura de las explotaciones agrarias sistemas productivos en el vacuno de leche y carne | Mercados agrarios y cadena agroalimentaria | Dinámica de las estructuras agrarias movilidad y usos de la tierra | Evaluación de políticas agrarias la Política Agraria Común de la UE | Dinámica de las áreas rurales políticas de desarrollo rural | Economía ambiental políticas ambientales en la agricultura | 2. Gobernanza, economía pública y economía regional - EconLabGalicia | Sistema de financiación autonómico y local descentralización política y fiscal | Análisis, diseño y evaluación de políticas públicas | Desarrollo regional y local | Impacto socioeconómico de las tendencias demográficas | Sistemas de innovación y políticas de apoyo a la I+D+i",13,declaradas,economía agroalimentaria | economía pública | gobernanza | políticas agrarias | desarrollo rural | economía ambiental | financiación autonómica y local | desarrollo regional,,"Análisis sobre el sistema de financiación autonómico y local | Análisis, diseño y evaluación de políticas públicas sectoriales | Análisis de la gobernanza y gestión de servicios públicos | Apoyo a la gestión de explotaciones agrarias | Evaluación y diseño de políticas agrarias | Evaluación y diseño de políticas y programas de desarrollo rural",,,https://imaisd.usc.es/grupoficha.asp?idpersoatipogrupo=133069&i=es&s=-126-328-329&v=,,grupo,"{""telefono"": ""981-563100 ext.11718""}",USC_groups.csv
USC,Universidade de Santiago de Compostela,Galicia,extraido,GI-1561,Ecuaciones diferenciales no lineales,EDNL,"NIETO ROIG, JUAN JOSE","Departamento de Estatística, Análise Matemática e Optimización Web: http://www.usc.es/ednl/",,Ecuaciones diferenciales ordinarias | Ecuaciones funcionales | Ecuaciones en diferencias | Ecuaciones diferenciales en derivadas parciales | Biología matemática | Bioinformática,6,declaradas,Ecuaciones diferenciales ordinarias | ecuaciones funcionales | ecuaciones en diferencias | ecuaciones diferenciales en derivadas parciales | bioloxía matemática | bioinformática,,"Estudio cualitativo de las soluciones de diferentes problemas que modelan fenómenos físicos, químicos, biológicos, médicos o economicos | Modelado matemático",,,https://imaisd.usc.es/grupoficha.asp?idpersoatipogrupo=75448&i=es&s=-126-328-329&v=,,grupo,"{""telefono"": ""981-563100 ext.13177""}",USC_groups.csv
USC,Universidade de Santiago de Compostela,Galicia,extraido,GI-2124,"Educación, Naturaleza, Arte y Excursionismo",Edunartex,"OTERO URTAZA, EUGENIO MANUEL",Departamento de Pedagoxía e Didáctica,,"Educación en la naturaleza: teoría, recursos y fuentes documentales. Pensamiento pedagógico e instituciones educativas en relación con la educación en la naturaleza. Excursionismo en la naturaleza: fuentes documentales y históricas. Arte y naturaleza. Música y naturaleza. El paseo sonoro y el paisaje sonoro. Ecología acústica. La actividad física y deportiva en la naturaleza. Actividad física cardiosaludable. Itinerarios urbanos saludables. Senderismo en el medio natural",1,declaradas,Educación al aire libre | arte y naturaleza | Música y naturaleza | deporte y naturaleza,,"Estudio de los espacios naturales como espacios educativos. Trazado de rutas educativas en la naturaleza. Diseño de materiales educativos para actividades al aire libre. Formación y desarrollo profesional en el ámbito de la educación en entornos naturales. Circuitos deportivos en la naturaleza. Deporte de montaña. Salvamento y socorrismo. Instalaciones artísticas en la naturaleza. Estudios artísticos de los espacios naturales. Estudios de los recursos musicales en los espacios naturales. Realización de documentos sonoros en diferentes espacios naturales, rurales y urbanos. Trazado de rutas sonoras naturales, rurales y urbanas. Estudio, diseño y elaboración de rutas en la naturaleza con repercusiones orgánicas, psíquicas y sociales de carácter saludable",,,https://imaisd.usc.es/grupoficha.asp?idpersoatipogrupo=206904&i=es&s=-126-328-329&v=,,grupo,{},USC_groups.csv
USC,Universidade de Santiago de Compostela,Galicia,extraido,GI-2047,El conflicto y los mecanismos de solución con perspectiva de género,CIARCUS,"NOYA FERREIRO, MARIA LOURDES",Departamento de Dereito Público Especial e da Empresa,,"El perito ante los Tribunales de justicia, Cooperación policial y judicial internacional, Menores, Recursos, Ejecución, Proceso penal, Proceso civil, Mediación, Anomalías en el funcionamiento de la Administración de Justicia, Tópica Jurídica, Argumentación jurídica, Violencia de género",1,declaradas,Tópica | argumentación | mediación | litigiosidad | tribunales de justicia | género | menores,,"Argumentación jurídica, mediación ,resolución de conflcitos, adminsitración de justicia Legal y violencia de género",,,https://imaisd.usc.es/grupoficha.asp?idpersoatipogrupo=156272&i=es&s=-126-328-329&v=,,grupo,"{""telefono"": ""981-563100 ext.14642""}",USC_groups.csv
USC,Universidade de Santiago de Compostela,Galicia,extraido,GI-1876,Empresa y Administración,GI-EA,"GARCIA NOVOA, CESAR",Departamento de Dereito Público Especial e da Empresa,,"Sociedad Digital. Economía digital. Administración digital. Industria 4.0. Aspectos jurídicos de la inteligencia artificial y la automatización. Derechos de la ciudadanía en la sociedad digital. Administración pública y gobernanza electrónica. Retos del Estado de Derecho frente a la inteligencia artificial y otras tecnologías disruptivas para garantizar su sostenibilidad y resiliencia. Diseño y evaluación de políticas en territorios o áreas afectadas por los procesos de cambio demográfico, económico, tecnológico y energético. El empleo del futuro. Capacitación y re-capacitación Línea. Promoción de la Responsabilidad social empresarial/Sostenibilidad en las empresas. Desarrollo sostenible (ODS). Estándares de sostenibilidad y modelos de gestión de riesgos. Big data, IoT, Fintech, Blockchain, Smart Cities | Derecho Tributario comunitario. Reformas fiscales. Informática tributaria. Convenios para evitar la doble imposición. Regímenes tributarios especiales | El contrato de trabajo. El proceso laboral. Análisis de la jurisprudencia laboral y de la seguridad social. Las relaciones colectivas de trabajo. Derecho Social de la Unión Europea | Principios y control de la actuación administrativa. Organización administrativa: tipología de los entes públicos y distribución competencial. Régimen jurídico del empreado público. Contratación administrativa: colaboración público-público y colaboración público- privada. Servicios públicos.En particular, servicios sociales. Intervención administrativa en la economía. Ordenación del territorio y urbanismo | Derecho de sociedades. Derecho del mercado de valores. Derecho Bancario. Gobierno Corporativo. Responsabilidad social empresarial (RSE). Protección del Inversor. Derechos de Propiedad Intelectual",5,declaradas,"Sociedad Digital. Economía digital. Industria 4.0. Aspectos jurídicos de la intelixencia artificial y la automatización. Big data, IoT, Fintech, Blockchain. Tributos | Procedimientos tributarios | Armonización tributaria | Doble imposición | Informática tributaria | Fundaciones | Cooperativas | Concentración empresarial | Presupuestos | jurisprudencia europea | negociación colectiva | contrato de trabajo | seguridad social comunitaria | libre circulación de trabajadores | Organización administrativa | entes públicos | Régimen jurídico del empleo público | Contratación administrativa | Intervención administrativa en la economía | Ordenación del territorio y urbanismo | Derecho de sociedades | Derecho del mercado de valores | Derecho Bancario | Gobierno Corporativo | Responsabilidad social empresarial (RSE) | Protección del Inversor | Derechos de Propiedad Intelectual",,Asesoría jurídico-tributaria. Informes jurídico-tributarios | Realización de estudios e informes jurídicos-laborales. Asesoramiento laboral. Asesoramiento y asistencia técnica en procedimientos de negociación colectiva | Respuesta a consultas. Elaboración de informes y dictámenes jurídicos. Organización y participación en actividades formativas | Informes y asesoramiento sobre las líneas de investigación del grupo: Derecho de sociedades. Derecho del mercado de valores. Derecho Bancario. Gobierno Corporativo. Responsabilidad social empresarial (RSE). Protección del Inversor. Derechos de Propiedad Intelectual | Realización de cursos de formación. Realización de jornadas científicas,,,https://imaisd.usc.es/grupoficha.asp?idpersoatipogrupo=109375&i=es&s=-126-328-329&v=,,grupo,{},USC_groups.csv
USC,Universidade de Santiago de Compostela,Galicia,extraido,GI-2148,"Enfermería clínica, urgencias, simulación e innovación docente",CLINURSID,"RODRIGUEZ NUÑEZ, ANTONIO","Departamento de Psiquiatría, Radioloxía, Saúde Pública, Enfermaría e Medicina",,Soporte vital | Simulación avanzada | Nuevos métodos y dispositivos docentes para profesionales y poblaciones diana | Fisiopatología y tratamiento de la patología crítica | Patología hepática aguda y crónica | Urgencias y emergencias | Ética en enfermería y Pediatría | Prevención y tratamiento de la parada cardíaca | Reanimación cardiopulmonar de calidad,9,declaradas,soporte vital | reanimación cardiopulmonar | simulación avanzada | escenario clínico | métodosdocentes | dispositivos docentes | patología hepática | paciente crítico | fisiopatología | tratamiento | ética,,Escenarios programados de simulación avanzada adaptados a la población diana | Simuladores avanzados de pacientes | Enseñanza práctica de la reanimación cardiopulmonar de calidad,,,https://imaisd.usc.es/grupoficha.asp?idpersoatipogrupo=227168&i=es&s=-126-328-329&v=,,grupo,{},USC_groups.csv
USC,Universidade de Santiago de Compostela,Galicia,extraido,GI-2218,Enfoques inteligentes para nuevos descubrimientos en Física de Altas Energías,Smart@HEP,"HERNANDO MORATA, JOSE ANGEL",Departamento de Física de Partículas,,"Búsqueda de nuevas partículas en Física de Altas Energías, cuyo descubrimiento suponga una disrupción en nuestro conocimiento actual de la Física de Partículas y la Cosmología | Uso de métodos inteligentes: algoritmos de simulación, reconstrucción e identificación, redes neuronales e inteligencia artificial, aplicados al diseño de experimentos y a la explotación científica de datos | Desarrollo de tecnologías de detección e identificación de partículas con potencial para generar aplicaciones beneficiosas para la sociedad | Avance y divulgación al público general de la ciencia fundamental y del conocimiento sobre el comportamiento y las propiedades de las partículas fundamentales que componen la Naturaleza",4,declaradas,Física de Partíclas | Física de Altas Energías | Neutrinos | Partículas de vida larga (LLP) | Descubrimientos de Partículas | Inteligencia Artificial | Redes Neuronales | Técnicas de simulación y reconstrucción | Detectores de Partículas,,"El Instituto Gallego de Física de Altas Energías (IGFAE) pone a disposición de su comunidad investigadora una amplia gama de servicios de apoyo técnico y científico, tanto en el ámbito de la computación como en los laboratorios experimentales. En cuanto a la infraestructura de computación, el IGFAE cuenta con recursos de cálculo de altas prestaciones, servidores para análisis de datos y acceso a redes de computación distribuida, como la Grid europea para la física de partículas. Estos recursos permiten realizar simulaciones complejas, análisis masivo de datos y desarrollo de software científico. Igualmente los investigadores del grupo hacen uso habitual de las capacidades de cálculo del CESGA (Centro de Supercomputación de Galicia) | En cuanto a los laboratorio, el IGFAE dispone de espacios y equipamiento para el desarrollo de experimentación en física de altas energías, incluyendo sistemas de electrónica, montaje y testeo de sensores y detectores, así como instrumentación de precisión para mediciones y caracterización de dispositivos. Estos servicios están orientados tanto a proyectos internacionales como al desarrollo de tecnología propia, y cuentan con personal especializado que ofrece apoyo técnico y formación al personal investigador",,,https://imaisd.usc.es/grupoficha.asp?idpersoatipogrupo=321702&i=es&s=-126-328-329&v=,,grupo,{},USC_groups.csv
USC,Universidade de Santiago de Compostela,Galicia,extraido,GI-1956,"Epidemiología, Salud Pública y Evaluación de Servicios de Salud",ESPASS,"RUANO RAVIÑA, ALBERTO",Centro de Investigación Interdisciplinar en Tecnoloxías Ambientais (CRETUS),,Epidemiología ambiental y ocupacional | Epidemiología del cáncer | Epidemiología de las enfermedades bucodentales | Farmacoepidemiología | Epidemiología de las enfermedades no transmisibles y de los accidentes | Epidemiología de las enfermedades de alta incidencia y baja gravedad | Hábitos y estilos de vida | Nuevos desarrollos metodológicos en epidemiología | Epidemiología de las enfermedades infecciosas emergentes | Epidemiología del tabaquismo | Salud laboral del personal sanitario,11,declaradas,Epidemiología | Salud Pública | Salud LaboraL | Medicina del Trabajo | Evaluacion de Servicios Sanitarios,,"Diseño y análisis de estudios epidemiológicos y ensayos clínicos | Evaluación de programas de salud | Determinación de la concentración de radón y torón en el interior de edificios y en el suelo. Elaboración de informes y recomendaciones | Diseño y evaluación de programas de educación para la salud | Revisiones sistemáticas y evaluación crítica de la literatura médica en técnicas, procedimientos y dispositivos sanitarios",,,https://imaisd.usc.es/grupoficha.asp?idpersoatipogrupo=138382&i=es&s=-126-328-329&v=,,grupo,{},USC_groups.csv
USC,Universidade de Santiago de Compostela,Galicia,extraido,GI-2046,Episteme,,"MARTINEZ VIDAL, MARIA DE LA CONCEPCION",Departamento de Filosofía e Antropoloxía Web: http://imaisd.usc.es/grupoficha.asp?idpersoatipogrupo=156238&i=es&s=-2-26-148-150,,Análisis de inteligencia | Epistemología Analítica | Filosofía de la lógica | Filosofía de la matemática | Filosofía del lenguaje | Filosofía de la ciencia | Filosofía de la mente | Metafísica analítica | Modelado conceptual | Modelos computacionales de argumentación | Pensamiento crítico | Teoría de la argumentación | Filosofía moral | Éticas aplicadas,14,declaradas,"Argumentación | falacias | comunicación | semiótica | semántica | ontosemántica | pragmática | pragmatismo | experiencia | normatividad | formalidad | constantes lógicas | la lógica como modelo | analítico-sintético | a priori | a posteriori | consecuencia lógica | modalidad | creencia | fiabilidad | falibilidad | evidencia | necesidad | verdad | racionalidad | teoría | teórico-no teórico | observable-no observable | cambio teórico | inconmensurabilidad | holismo | coherentismo | fundamentismo | observación científica | percepción, apriori-a posteriori, analítico-sintético",,"Investigación básica aplicada al análisis de la naturaleza, estructura y justificación del conocimiento en las ciencias formales y empíricas | Construcción y evaluación de argumentos",,,https://imaisd.usc.es/grupoficha.asp?idpersoatipogrupo=156238&i=es&s=-126-328-329&v=,,grupo,"{""telefono"": ""981-563100 ext.13814""}",USC_groups.csv
USC,Universidade de Santiago de Compostela,Galicia,extraido,GI-1161,Equipo de investigaciones políticas.,Análisis Políticos,"LAGARES DIEZ, MARIA NIEVES",Departamento de Ciencia Política e Socioloxía,,"Federalismo: teoría y comparación | Nacionalismo e identidades colectivas: movilización, organización y discurso | Elecciones y partidos políticos | Marketing político: estrategias y comuniciación política | Cultura política | Gestión públicas. Políticas públicas | Gobierno multinivel. Gobierno local, autonómico y Unión Europea",7,declaradas,"Nacionalismo | identidad | federalismo | partidos | elecciones | marketing | gestión pública, género",,Asesoría Institucional. Campañas políticas. Asesoría a partidos y líderes. Sondeos de opinión. Diseño insititucional. Gestión de calidad. Gestión de la participación. Evaluación de políticas públicas. Políticas de igualdad,,,https://imaisd.usc.es/grupoficha.asp?idpersoatipogrupo=75027&i=es&s=-126-328-329&v=,,grupo,{},USC_groups.csv
USC,Universidade de Santiago de Compostela,Galicia,extraido,GI-1908,Estudios Clásicos y Medievales,CLASMED,"CARRACEDO FRAGA, JOSE","Departamento de Filoloxía Clásica, Francesa e Italiana Web: http://www.clasmedusc.es/",,Lingüística griega | Lingüística latina | Literatura griega | Literatura romana | Edición y comentario de textos griegos | Edición e comentario de textos latinos | Lingüística Indoeuropea | Tradición clásica y Humanismo | Religión y mitología clásicas | Lengua Latina Medieval | Literatura Latina Medieval,11,declaradas,Filología Clásica | latín | griego | edición crítica | indoeuropeo | lenguas paleohispánicas | hitita | sánscrito | tradición clásica | humanismo | religión | mitología,,"Edición de monografías y artículos científicos sobre lingüística y filología de las lenguas clásicas, de lenguas paleohispánicas y de lenguas indoeuropeas orientales | Edición crítica de textos griegos y latinos | Edición crítica de textos hititas e indios (sánscritos clásicos)",,,https://imaisd.usc.es/grupoficha.asp?idpersoatipogrupo=135888&i=es&s=-126-328-329&v=,,grupo,{},USC_groups.csv
USC,Universidade de Santiago de Compostela,Galicia,extraido,GI-2025,Estudios Históricos de Música en Galicia y América (ss. XI-XX),Organistrum,"CAPELAN FERNANDEZ, MONTSERRAT",Departamento de Historia da Arte Web: http://grupo-organistrum.com,,"Música gallega en la edad media. Música gallega y americana en la edad moderna y contemporánea. La música en las catedrales gallegas y americanas en el barroco y clasicismo. Historia social de la música. Tradición e historiografía en la música gallega. Instrumentos musicales de la edad media. Música, emigración y exilio. Catalogación de fondos musicales. Música escénica Música de salón",1,declaradas,"Música gallega | Música Americana | Música en las catedrales y americanas | Música religiosa | Música civil | Música, pensamiento, sociología e ideología | Emigración y exilio | Organología | , Catalogación",,Asesoramiento en materia de música Catalogación material musical Localización recursos Edición | Asesoramiento en exposiciones vinculadas a la música | Organización de conciertos,,,https://imaisd.usc.es/grupoficha.asp?idpersoatipogrupo=151151&i=es&s=-126-328-329&v=,,grupo,{},USC_groups.csv
USC,Universidade de Santiago de Compostela,Galicia,extraido,GI-1368,Estudios Interdisciplinares de Comunicación,KOINÉ,"FERNANDEZ PEREZ, MILAGROS","Departamento de Lingua e Literatura Españolas, Teoría da Literatura e Lingüística Xeral Web: https://www.usc.gal/koine/index-es.html",,Lingüística aplicada a déficits en la habilidad verbal | Lingüística aplicada a problemas de comunicación | Corrientes y métodos en Lingüística actual | Autores de relieve en la Historia de la Lingüística,4,declaradas,Adquisición de la lengua. Lenguaje infantil. Déficit y evaluación del lenguaje. Lingüística aplicada. Lingüistas en la historia,,Diseño de perfiles comunicativos en detección y análisis de déficit verbales | Técnicas aplicadas a la composición discursiva y textual | Banco de lingüistas relevantes en su contexto histórico,,,https://imaisd.usc.es/grupoficha.asp?idpersoatipogrupo=75241&i=es&s=-126-328-329&v=,,grupo,"{""telefono"": ""981-563100 ext.11799""}",USC_groups.csv
USC,Universidade de Santiago de Compostela,Galicia,extraido,GI-1917,Estudios Territoriales,ESTE,"DOVAL ADAN, ANTONIO",Departamento de Xeografía,,Ordenación territorial Desarrollo local Sociodemografía Planificación urbana El espacio económico: flujos y redes,1,declaradas,Geodemografía | Geografía y Género | Turismo y Patrimonio | Mediombiente | Planificación Urbana | Ordenación del Territorio | Galicia,,"El grupo de investigación posee capacidad para la realización de estudios, diagnósticos y planes estratégicos relacionados con las lineas de investigación descritas. Cuenta con los recursos informáticos, cartográficos, bibliográficos y documentales existentes en el Departamento de Geografía, cuenta además co las metodologías, protocolos de trabajo y sistemas de planificación adaptados a las líneas de investigación, que fueron experimentados y validadas en proyectos anteriores",,,https://imaisd.usc.es/grupoficha.asp?idpersoatipogrupo=135944&i=es&s=-126-328-329&v=,,grupo,{},USC_groups.csv
USC,Universidade de Santiago de Compostela,Galicia,extraido,GI-1165,"Estudios de Género, Feminismo y Educación",Study feminismo género,"RADL PHILIPP, RITA MARIA",Departamento de Ciencia Política e Socioloxía,,"Relaciones de género y educación, procesos de socialización, medios de comunicación, cambios sociales y los procesos de definición y transformación de los roles y relaciones de género. Género y cambio social en Galicia | Transformaciones de las relaciones de género en la vejez | Violencia y violencia simbólica contra las mujeres",3,declaradas,Relaciones de género | procesos de socialización | medios de comunicación | cambio social | roles de género,,"Asesoramiento en cuestiones de igualdad de géneros (para instituciones, asociaciones, instituciones públicas, etc.). Actividades académicas, planificación e asesoramento en los centros educativos en cuestiones de igualdad de géneros. Diseño de programas y planes de igualdad de género",,,https://imaisd.usc.es/grupoficha.asp?idpersoatipogrupo=75031&i=es&s=-126-328-329&v=,,grupo,{},USC_groups.csv
USC,Universidade de Santiago de Compostela,Galicia,extraido,GI-1811,"Estudios de los sistemas culturales gallego, luso, brasileño y africanos de lengua portuguesa",GALABRA,"FEIJO TORRES, ELIAS JOSE","Departamento de Filoloxía Galega Departamento de Electrónica e Computación Departamento de Bioloxía Funcional Departamento de Didácticas Aplicadas Departamento de Lingua e Literatura Españolas, Teoría da Literatura e Lingüística Xeral Web: http://www",,"Sociología de la literatura (en Galicia, Portugal, Brasil y países africanos de lengua portuguesa) | Relaciones Culturales (en Galicia, Portugal, Brasil y países africanos de lengua portuguesa) | Culturología | Turismo. Relaciones habitantes- visitantes | Narrativas, comunidades, territorios | Literatura comparada y mundial | Estudos ibéricos y transatlánticos | Desarrollo local sostenible | Lengua y cultura (en Galicia, Portugal, Brasil y países africanos de lengua portuguesa) | Teoría, crítica literaria | Literaturas / culturas en contacto / comparadas (en Galicia, Portugal, Brasil y países africanos de lengua portuguesa) | Literatura, Cultura y Turismo | Civilización y caracteres nacionales (en Galicia, Portugal, Brasil y países africanos de lengua portuguesa)",13,declaradas,"Turismo, desarrollo local, Cultura | lengua | literatura | sistema | relación | nacional | comparado | sociología | Galicia | Portugal | lusofonía | Brasil | PALOP, identidad",,"Asesoría y consultoria a entidades públicas y privadas vinculadas al turismo, desarorllo local, `política lingüística, cultural y relaciones internacionales en los países de lengua portuguesa. -metodología y análisis sociológico de procesos literarios y culturales",,,https://imaisd.usc.es/grupoficha.asp?idpersoatipogrupo=77159&i=es&s=-126-328-329&v=,,grupo,{},USC_groups.csv
USC,Universidade de Santiago de Compostela,Galicia,extraido,GI-1244,Evaluación de la Calidad del Suelo,Calidad del Suelo,"PARADELO NUÑEZ, REMIGIO",Centro de Investigación Interdisciplinar en Tecnoloxías Ambientais (CRETUS),,Evaluación de la calidad y salud del suelo | Valorización agronómica de compost y residuos. Evaluación de los riesgos ambientales | Uso de compost en remediación ambiental | Contaminación del suelo por metales pesados | Degradación y recuperación de suelos,5,declaradas,Indicadores de la calidad del suelo | salud del suelo | conservación del suelo | contaminación del suelo | recuperación de suelos | manejo sostenible de suelos | agricultura sostenible,,Análisis de suelos | Caracterización de compost y enmiendas orgánicas | Medida de la contamianción de los suelos | Diagnóstico de la degradación del suelo,,,https://imaisd.usc.es/grupoficha.asp?idpersoatipogrupo=75113&i=es&s=-126-328-329&v=,,grupo,{},USC_groups.csv
USC,Universidade de Santiago de Compostela,Galicia,extraido,GI-1414,"Evaluación y tratamiento de las adicciones, de los trastornos del estado de ánimo, ansiedad y psicología de la salud",Tratapsicológico,"BECOÑA IGLESIAS, ELISARDO",Departamento de Psicoloxía Clínica e Psicobioloxía Instituto Instituto de Psicoloxía (IPsiUS) Web: http://www.usc.es/gl/servizos/tabaquismo/,,"Tratamiento del juego patológico | Tratamiento del tabaquismo | Prevención de las drogodependencias | Tratamiento de la dependencia de la cocaína | Tratamiento de la comorbilidad asociada a las conductas adictivas | Tratamiento psicológico del asma bronquial. Factores psicológicos y evaluación psicológica en el asma bronquial. Calidad de vida relacionada con la salud en enfermedades físicas crónicas (asma, enfermedad renal) | Factores de riesgo y protección de los trastornos del comportamiento alimentario. Evaluación de la dieta restrictiva y variables psicológicas asociadas. Comorbilidad de los trastornos alimentarios y trastornos depresivos | Evaluación y tratamiento de los trastornos depresivos | Análisis de las demandas recibidas y resultados obtenidos en las intervenciones psicológicas realizadas en la Unidad de Atención Psicológica de la Universidad de Santiago de Compostela",9,declaradas,"Tabaco, juego patologico, cocaína, cannabis, drogas. Tratamiento, prevención, comorbilidad. Trastornos de la alimentación, dieta restrictiva. Trastornos depresivos. Asma. Enfermedad renal. Calidad de vida relacionada con la salud",,"Unidad de tabaquismo. Departamento de Psicología Clínica y Psicobiología. Facultad de Psicología | Aplicación de tratamientos psicológicos en organismos públicos y empresas | Realización de estudios sobre conductas adictivas | Estudios epidemiológicos sobre distintos trastornos psicológicos (drogas legales e ilegales, juego patológico, adicciones comportamentales, depresión, etc.) | Estudios sobre la eficacia de la intervención psicológica en el asma bronquial. Adaptación a población española de cuestionarios para la evaluación de factores psicológicos y calidad de vida relacionada con la salud en pacientes asmáticos. Estudios sobre la evaluación de la influencia de factores psicológicos en la calidad de vida relacionada con la salud en el asma bronquial y en la enfermedad renal | Evaluación sobre hábitos alimentarios, conductas anómalas relacionadas con la alimentación, trastornos alimentarios y síntomas depresivos en niños y adolescentes. Estudios sobre vulnerabilidad psicosocial sobre trastornos alimentarios y trastornos depresivos en niños y adolescentes. Evaluación multidimensional de la dieta restrictiva",,,https://imaisd.usc.es/grupoficha.asp?idpersoatipogrupo=75288&i=es&s=-126-328-329&v=,,grupo,"{""telefono"": ""981-563100 ext.13729""}",USC_groups.csv
USC,Universidade de Santiago de Compostela,Galicia,extraido,GI-1684,Farmacología del Sistema Nervioso Central y del Estrés Oxidativo,Farma SNC-EO,"FONTENLA GIL, JOSE ANGEL","Departamento de Farmacoloxía, Farmacia e Tecnoloxía Farmacéutica",,"Evaluación de nuevas moléculas útiles en el tratamiento de enfermedades neurodegenerativas (Parkinson, Alzheimer ,etc.) | Evaluación de nuevas moléculas utiles en tratamiento de enfermedades psicológicas - psiquiatricas (ansiolíticos, sedantes, antidepresivos, antipsicóticos,etc.) | Estrés oxidativo y citotoxicidad | Fármacos vasoactivos y antitrombóticos",4,declaradas,Farmacología del sistema nervioso central (SNC) | Neuropsicofarmacología | Neurotoxicidad | Parkinson | Alzheimer | Psicosis | Ansiedad | Depresión | Estrés oxidativo | Especies reactivas de oxígeno (ROS) | Patología cerebrovascular,,"Se dispone de un laboratorio aislado y termostatizado para la realización de estudios de actividad motora (videoregistro), coordinación motora (rota-rod), rotaciones (rota-count), evitación-escape (shuttle box), etc | Realización de estudios neuroquímicos (dopamina, serotonina, etc.) ""ex vivo"" e ""in vivo""mediante HPLC/EC | Estudios de fijación (binding) a receptores | Evaluación de fármacos antioxidantes, citoprotectores, vasoactivos y antiagregantes. Se dispone de los equipos necesarios para los estudios de estrés oxidativo, vasculares, plaquetarios,etc. (espectrofotómetro, baño de órganos, agregómetro, etc.)",,,https://imaisd.usc.es/grupoficha.asp?idpersoatipogrupo=75582&i=es&s=-126-328-329&v=,,grupo,"{""telefono"": ""981-563100 ext.14998""}",USC_groups.csv
USC,Universidade de Santiago de Compostela,Galicia,extraido,GI-1791,Filología Italiana,Italianística,"DE FRUTOS MARTINEZ, MARIA CONSUELO","Departamento de Filoloxía Clásica, Francesa e Italiana Web: http://www.usc.es/franit/ita_principal.html",,Lexicografía | Historia y crítica de la literatura italiana | Lingüística diacrónica | Lingüística aplicada,4,declaradas,Literatura italiana | lengua italiana | lexicografía italiana | lexicografía gallega | lexicografía castellana | lingüística diacrónica | lingüística sincrónica | crítica literaria | análisis de textos | poesía | narrativa | teatro,,"Asesoramiento lingüístico general italiano/gallego/castellano | Asesoramiento lexicográfico italiano/gallego/castellano | Traducción italiano/gallego/castellano | Asesoramiento en didáctica de las lenguas y las literaturas extranjeras | Asesoramiento lingüístico, literario y cultural a editoriales, entes culturales y empresas en general que mantengan o deseen iniciar relaciones económico-culturales con Italia",,,https://imaisd.usc.es/grupoficha.asp?idpersoatipogrupo=76601&i=es&s=-126-328-329&v=,,grupo,"{""telefono"": ""981-563100 ext.11834""}",USC_groups.csv
USC,Universidade de Santiago de Compostela,Galicia,extraido,GI-1743,Filología y Lingüística Gallega,FILGA,"ALVAREZ DE LA GRANJA, MARIA",Departamento de Filoloxía Galega Instituto Instituto da Lingua Galega (ILG) Web: http://ilg.usc.gal/,,Fonética | Fonología | Gramática sincrónica y gramática histórica | Lexicografía | Onomástica | Dialectología | Sociolingüística | Historia de la lengua | Edición de textos | Análisis del discurso | Estudos literarios y culturales,11,declaradas,Fonética | Fonología | Morfología | Sintaxis | Semántica | Lexicografía | Etnolingüística | Sociolingüística | Dialectología | Historia de la lengua | Lingüística histórica | Etimología | Onomástica | Análisis del discurso | Bases de datos lingüísticos,,Corpus informatizado de la lengua gallega (TILG http://www.ti.usc.es/TILG/) | Corpus medieval informatizado de la lengua gallega (TMILG) | Base de datos del Atlas Lingüístico Gallego | Laboratorio de fonética | Biblioteca (especializada en lengua gallega y en sociolingüística) | Elaboración y supervisión de materiales didácticos en lengua gallega | Traducción desde diferentes lenguas al gallego | Asesoramiento lingüístico | Informes lingüísticos sobre restauración de nombres y apellidos gallegos,,,https://imaisd.usc.es/grupoficha.asp?idpersoatipogrupo=75644&i=es&s=-126-328-329&v=,,grupo,{},USC_groups.csv
USC,Universidade de Santiago de Compostela,Galicia,extraido,GI-1591,"Fisicoquímica de superficies, biointerfases y sistemas coloidales de interés farmacéutico",BIOINTERFAR,"CASAS PARADA, MATILDE",Departamento de Química Física Web: https://www.usc.gal/en/investigar-na-usc/grupos/biointerfar,,"Estudio de monocapas mixtas de compuestos de interés bioquímico y biológico | Interacciones entre fármacos y membranas biológicas: mecanismos de acción y estudios de afinidad | Evaluación y optimización de sistemas coloidales de liberación (micelas poliméricas, vesículas, etc.) a través de estudios en la interfase aire/agua ante cambios en el pH, temperatura o la presencia de pequeños solutos | Estudios fármaco/vehículo en nuevos sistemas de liberación controlada | Interacciones entre polímeros y biomembranas: nuevos materiales y drug targeting | Mecanismo de acción de péptidos y proteínas con actividad farmacológica e interacciones con biomembranas | Caracterización superficial de nuevos tensoactivos candidatos a componentes de sistemas coloidales de liberación de fármacos | Penetración de sustancias hidrosolubles en monocapas extendidas en la interfase aire/ agua como modelo de vectores coloidales y biomembranas",8,declaradas,Fenómenos interfaciales | interaciones en las interfases | monocapas de extensión | monocapas de adsorción | filmes de Langmuir | presión superficial | potencial de superficie | microscopía de ángulo de Brewster | biomembranas | química biofísica | solubilización de fármacos | péptidos | polímeros | lípidos | interacciones fármaco-membrana | biointerfases | fluorescencia,,"Utilización de la técnica de monocapas como modelo de la membrana celular | Comportamiento superficial de liposomas, nanopartículas y de otros vehículos de administarción de medicamentos | Estudio da penetración de substancias hidrosolubles en monocapas extendidas en la interfase aire/agua (cinéticas de adsorción a membranas, mecanismos de internalización celular) | Caracterización estructural de compuestos anfifílicos a través de potencial de superficie (carga superficial), microscopía de ángulo de Brewster (BAM) y fluorescencia | Estudio molecular y termodinámico de la interacción de fármacos, macromoléculas y otras sustancias bioactivas con biomembranas y otros coloides de agregación (micelas, vesículas) usados como sistemas de liberación de fármacos | Estudios termodinámicos de miscibilidad superficial en sistemas multicomponente; diagramas de fases superficiales | Obtención de monocapas de tensoactivos y macromoléculas sobre sustratos sólidos (películas de Langmuir-Blodgett y Langmuir-Schaeffer) para posterior análisis instrumental (microscopía, espectroscopía, etc.) | Estudio de la actividad superficial de tensoactivos bajo diferentes condiciones",,,https://imaisd.usc.es/grupoficha.asp?idpersoatipogrupo=75479&i=es&s=-126-328-329&v=,,grupo,"{""telefono"": ""981-563100 ext.14915""}",USC_groups.csv
USC,Universidade de Santiago de Compostela,Galicia,extraido,GI-1862,Fisiología y farmacología de enfermedades crónicas,FIFAEC,"SEÑARIS RODRIGUEZ, ROSA MARIA",Departamento de Fisioloxía Web: http://www.usc.es/fisio/gl/investigacion.html,,"Neuroendocrinología y metabolismo | Oncología y metabolismo | Enfermedad vascular, neurodegeneración y metabolismo | Búsqueda de nuevos fármacos para estas enfermedades crónicas",4,declaradas,"Cáncer, Ciclo celular, Neuroendocrinología, metabolismo, neurodegeneración, nuevos fármacos",,Cultivos de células murinas y humanas. Banco de tumores funcional | Citometría de flujo | Ratones modificados genéticamente,,,https://imaisd.usc.es/grupoficha.asp?idpersoatipogrupo=108663&i=es&s=-126-328-329&v=,,grupo,{},USC_groups.csv
USC,Universidade de Santiago de Compostela,Galicia,extraido,GI-1751,Francofonía y Culturas Hispánicas: Relaciones e Implicaciones Pedagógicas,FRANCION,"MALINGRET, LAURENCE","Departamento de Filoloxía Clásica, Francesa e Italiana",,Estructura sintáctico-semántica de la oración y construcciones verbales | Enseñanza de lenguas | Francés para Objetivos Específicos | Variación y contacto lingüístico | Literatura francesa. Relaciones históricas con otros sistemas | El Teatro como espectáculo,6,declaradas,Sintaxis | estructura de la oración | complementación y régimen verbal,,"Traducciones literarias y técnicas, métodos de aprendizaje de la lengua francesa, elaboración de diccionarios y glosarios, intermediación cultural, estudios sobre estructuras y variación lingüísticas, ediciones críticas de textos literarios, análisis de movimientos culturales y literarios",,,https://imaisd.usc.es/grupoficha.asp?idpersoatipogrupo=75923&i=es&s=-126-328-329&v=,,grupo,{},USC_groups.csv
USC,Universidade de Santiago de Compostela,Galicia,extraido,GI-1789,"Francés, Discurso y Semiótica",FraDiS,"RODRIGUEZ PEDREIRA, NURIA","Departamento de Filoloxía Clásica, Francesa e Italiana Web: https://www.usc.gal/gl/investigacion/grupos/gifald",,lexicología semántica pragmática semiótica análisis de texto didáctica fraseología,1,declaradas,lexicología | semántica | pragmática | semiótica | análisis de texto | didáctica | fraseología,,agencias empresas administración,,,https://imaisd.usc.es/grupoficha.asp?idpersoatipogrupo=76277&i=es&s=-126-328-329&v=,,grupo,{},USC_groups.csv
USC,Universidade de Santiago de Compostela,Galicia,extraido,GI-2070,Física Corpuscular y Aplicaciones,FICA,"FERNANDEZ DOMINGUEZ, BEATRIZ",Departamento de Física de Partículas Instituto Instituto Galego de Física de Altas Enerxías (IGFAE) Web: https://www.usc.es/gl/investigacion/grupos/fica/index.html,,Desarrollo de instrumentacion para Física de Partículas | Fisica Nuclear Experimental,2,declaradas,"Fisica Nuclear, Fisica de Particulas, Instrumentacion, Detectores de Particulas, RPCs",,Desarrollo de detectores e instrumentacion para Fisica Nuclear y de Particulas,,,https://imaisd.usc.es/grupoficha.asp?idpersoatipogrupo=175082&i=es&s=-126-328-329&v=,,grupo,{},USC_groups.csv
USC,Universidade de Santiago de Compostela,Galicia,extraido,GI-2189,GENOMAS Y ENFERMEDAD,GENOMES-DISEASE,"GOMEZ TOURIÑO, IRIA MARIA",Centro de Investigación en Medicina Molecular e Enfermidades Crónicas (CIMUS) Web: https://genomesdisease.tech/,,Patrones y mecanismos de variación estructural en el desarrollo del cáncer y otras enfermedades | Mecanismos moleculares de la autoinmunidad | Biomarcadores predictivos para oncologia de precisión,3,declaradas,Genómica del cáncer,,Diagnóstico genómico de enfermidades (https://www.genome4.com/care/),,,https://imaisd.usc.es/grupoficha.asp?idpersoatipogrupo=288221&i=es&s=-126-328-329&v=,,grupo,{},USC_groups.csv
USC,Universidade de Santiago de Compostela,Galicia,extraido,GI-1345,GI-1345 Medicina Neonatal y del Desarrollo,GI-1345,"COUCE PICO, MARIA DE LA LUZ","Departamento de Ciencias Forenses, Anatomía Patolóxica, Xinecoloxía e Obstetricia e Pediatría",,"Errores congénitos del metabolismo, cribado neonatal, diagnostico, tratamiento, consumo metabólico | Fisiología pulmonar neonatal, ventilación de alta frecuencia, surfactante, oxido nítrico, monitorización biofísica | Nutrición Neonatal, Oligoelementos, Elementos Traza, Biodisponibilidad y Especiación, Digestion ""in vitro"", Técnicas de Análisis (en colaboración con GI 1622) | Epidemiología y clínica de las infecciones neonatales | Desarrollo, crecimiento y asistencia integral, atención temprana, sonografía neonatal",5,declaradas,Neonatología | Pediatria | Crecimiento y desarrollo | Cribado Neonatal | Metabolismo | Elementos Traza | Espectrometría de Masas en Tandem | Espectrometría Absorción Atómica | Análisis de aminoácidos,,"Técnicas de Cribado Neonatal, Espectrometría de Masas en Tandem, Análisis de Aminoácidos, Elementos Traza y Carnitinas Técnicas de Fisiología Respiratoria Neonatal",,,https://imaisd.usc.es/grupoficha.asp?idpersoatipogrupo=75215&i=es&s=-126-328-329&v=,,grupo,{},USC_groups.csv
USC,Universidade de Santiago de Compostela,Galicia,extraido,GI-2179,GRUPO DE INVESTIGACIÓN EN DESARROLLO E INCLUSIÓN EN EL CICLO VITAL,INDEIN,"BAÑA CASTRO, MANOEL",Departamento de Psicoloxía Evolutiva e da Educación,,"Investigadoras: PLAN NACIONAL DE I+D+i: Escuelas que caminan hacia la Inclusión Educativa: Trabajar con la comunidad local, la voz del alumnado y el apoyo educativo para promover el cambio. Ref. EDU2011-29928-C03-01. Proyecto de investigación PLAN NACIONAL DE I+D+i: Redes de innovación para la inclusión educativa y social. Ref. EDU2015-68617-C4-I-R. I.P:: RELACIÓN ENTRE LOS DETERMINANTES SOCIALES DE LA SALUD CON LA CALIDAD DE VIDA FAMILIAR DE NIÑOS Y ADOLESCENTES CON DISCAPACIDAD INTELECTUAL, Universidad Autónoma de MANIZALES - COLOMBIA, LA CORUÑA  ESPAÑA Financiadores: Universidad Autónoma de Manizales, Corporación Alberto Arango Restrepo CEDER | Dificultades de aprendizaje Trastornos del desarrollo y del neurodesarrollo. Dificultades y / o trastornos del lenguaje, el habla y la voz. Atención al desarrollo a lo largo del ciclo vital. Autodeterminación e inclusión | Parrilla, Á., Gallego, C. y Sierra, S. (2016). When educational transitions are supported by students. Journal of Research in Special Educational Needs (JORSEN), 16(1), 11041107.DOI: 10.1111/1471-3802.12360. Parrilla, A. y Sierra, S. (2015). Construyendo una investigación inclusiva en torno a las distintas transiciones educativas. Revista Electrónica Interuniversitaria de Formación del Profesorado (REIFOP), 18(1), 161-175. ISSN 1575-0965",3,declaradas,"Voz, Dificultades de aprendizaje, trastornos del neurodesarrollo, educación inclusiva, autodeterminación y atención de calidad, Trastornos del desarrollo, Desórdenes del habla",,"Prevención, detección e intervención en dificultades de aprendizaje y trastornos del desarrollo y del neurodesarrollo. Asesoramiento a familias, escuelas, personas e instituciones en el marco de la autodeterminación y la educación inclusiva. Prevención, detección y atención a problemas de lenguaje, habla y voz",,,https://imaisd.usc.es/grupoficha.asp?idpersoatipogrupo=266611&i=es&s=-126-328-329&v=,,grupo,{},USC_groups.csv
USC,Universidade de Santiago de Compostela,Galicia,extraido,GI-2195,Galician Precision Oncology Research Group,ONCOGAL,"SUAREZ CUNQUEIRO, MARIA MERCEDES",Departamento de Cirurxía e Especialidades Médico-Cirúrxicas,,"Genética del cáncer Identificación de biomarcadores del cáncer mediante técnicas de biopsia líquida (ctDNA, CTC, exosomas) Desarrollo de modelos preclínicos de la metástasis Identificación de mecanismos de resistencia a tratamientos en cáncer Estudio de los mecanismos de diseminación tumoral Interacción tumor-estroma en la biogénesis de ADN tumoral circulante Cultivos primarios en 2D y 3D Modelos celulares complejos Análisis de interacciones mecánicas entre diferentes tipos celulares Desarrollo de sistemas in vitro para la evaluación de la invasión tumoral",1,declaradas,"oncología de precisión | medicina personalizada | biopsia líquida | biomarcadores | cáncer, saliva | ADN libre circulante, ADN tumoral circulante (ADNtc) | células tumorales circulantes (CTC) | exosomas | mutaciones somáticas | metilación | integridad del ADN | clínica del cáncer | heterogeneidad tumoral | farmacoterapia | metástasis | modelos preclínicos in vitro | modelos preclínicos in vivo | ómica",,"SERVICIOS NGS (Next Seq) ddPCR, qPCR BEAMing Estudios en fluidos biológicos: determinación y caracterización de ADN libre circulante, ADN tumoral, CTCs. Enriquecimiento y aislamiento de CTC: CellSearch, Parsortix, RosetteSepTM Aislamiento de célula individual Xenotrasplantes en ratón y pez cebra RECURSOS Laboratorio de Oncología Médica Traslacional Unidad de Biopsias Líquidas Unidad de Epigenómica del Cáncer Microscopía de fluorescencia Microscopía confocal",,,https://imaisd.usc.es/grupoficha.asp?idpersoatipogrupo=292938&i=es&s=-126-328-329&v=,,grupo,{},USC_groups.csv
USC,Universidade de Santiago de Compostela,Galicia,extraido,GI-2175,Genética de Poblaciones en Biomedicina - USC,GenPoB - USC,"SALAS ELLACURIAGA, ANTONIO","Departamento de Ciencias Forenses, Anatomía Patolóxica, Xinecoloxía e Obstetricia e Pediatría Web: https://genpob.eu/",,Genética de poblaciones humanas | Analisis de bases de datos genómicas | Genética de poblaciones aplicada a la biomedicina - enfermedades simples y complejas | Enfermedades infecciosas | Investigación en vacunas - huésped | Bioinformática | Genética Forense | Antropología molecular | ADN antiguo | Genética del cáncer | Genética evolutiva | Genotipado de SNPs | Secuenciación Paralela - Next Generation Sequencing | Marcadores uniparentales - mtDNA / cromosoma Y,14,declaradas,Genética de poblaciones | genética evolutiva | genética forense | enfermedades infecciosas | DNA antiguo | secuenciación paralela | next generation sequencing | RNAseq | exomas | genomas completos | genómica | infectómica | vacunómica | transcriptómica | omica | bioinformática | SNPs | microsatélites | marcadores uniparentales | ADNmt | cromosoma Y,,"Hacemos uso de las más modernas técnicas de biología molecular para el estudio de las poblaciones humanas y sus múltiples aplicaciones en el ámbito de la biomedicina. Usamos un enfoque que desde la investigación básica trabajamos con un enfoque traslacional hacia la medicina personalizada. Nos hemos especializado en distintos ámbitos de las ciencias ómicas, incluyendo la genómica, transcriptómica, epigenómica, etc. También trabajamos en el ámbito de la biología celular, probando nuevos fármacos en relación a algunas patologías, como la heteroplasia ósea progresiva. Es importante también la faceta en el ámbito de la genética forense, con una fuerte vocación asistencial en la medicina legal. En este contexto, brindamos asesoramiento sobre proyectos de investigación relacionados con la genómica, transcriptómica, bioinformática, etc. Para esto, actualmente tenemos un grupo de investigación multidisciplinario que integra biólogos, genetistas, farmacéuticos, médicos, matemáticos, etc | Análisis de datos ómicos (genómicos, transcriptómicos, epigenómicos, etc) | Análisis de datos en el ámbito de la genética de poblaciones y genética /genómica evolutiva | Asesoramiento para proyectos en el ámbito de la omica | Transcriptómica usando la plataforma n-counter de Nanostring (https://nanostringenvip.com)",,,https://imaisd.usc.es/grupoficha.asp?idpersoatipogrupo=262512&i=es&s=-126-328-329&v=,,grupo,{},USC_groups.csv
USC,Universidade de Santiago de Compostela,Galicia,extraido,GI-1251,Genética para la acuicultura y la conservación de recursos,ACUIGEN,"MARTINEZ PORTELA, PAULINO","Departamento de Zooloxía, Xenética e Antropoloxía Física Web: http://www.acuigen.es/es",,"Genética poblacional, filogenia y filogeografía | Arquitectura y evolución de los genomas | Desarrollo y genotipado de marcadores genéticos a escala genómica | Genómica estructural: mapas físicos y genéticos, loci de rasgos cuantitativos (QTL), asociación genómica (GWAS) | Genómica Funcional: expresión génica y regulación | Genómica Comparada estructural y funcional | Metagenómica: estudio del microbioma y sus aplicaciones | Mejora genética en acuicultura: Identificación de QTL (GWAS): selección asistida por marcadores (MAS) Identificación de genes candidatos relacionados con caracteres de interés (GAS) | Gestión y conservación de recursos genéticos: genómica poblacional | Laboratorio de pez cebra: organismo acuático modelo en toxicología y biomedicina",10,declaradas,Acuicultura | Peces | Moluscos | Crustáceos | Biorecursos | Genética | Genómica estructural | Genómica funcional | Genómica comparada | Genética de la conservación | Recursos genéticos | Marcadores genéticos | Selección genética | Genotipado de marcadores | Secuenciación Sanger | Secuenciación NGS | Ensamblado y anotación de genomas | Expresión génica | Regulación génica | Microarrays | qPCR | RNA-seq | scRNA-seq | sRNA-seq | ATAC-seq | ChIP-seq | SNPs | Microsatélites | GWAS | QTL | MAS | Conservación de recursos genéticos | Diversidad genética | Estructura genética | Filogenia | Variación adaptativa | Huellas de selección | Genes candidatos | Epigenética | Metagenómica | Parásitos | Bacterias | Virus | Análisis de paternidad | Análisis de parentesco | Pez cebra | CRISPR | Edición genética | Transgénesis | Xenotransplantes | Análisis toxicológico | Líneas mutantes,,"Aplicaciones genómicas y genéticas en acuicultura y conservación de recursos: Evaluación de recursos genéticos y apoyo en planes de selección genética |  Plataforma tecnológica de la USC: secuenciación, genómica estructural y funcional: https://www.usc.gal/gl/servizos/area/infraestruturas-investigacion/plataformas/plataforma-servizos-xeneticos-xenomicos-peixe-cebra/servizos-plataforma-xenetica-xenomica | Secuenciación Sanger y análisis de fragmentos de ADN | Desarrollo y genotipado de marcadores moleculares (microsatélites, SNPs, RFLPs, AFLPs, RAPDs, RAD-seq, chips de SNPs, AgriSeq, Ampliseq, SNaPshot, MassARRAY) | Análisis de expresión génica (microarrays, RNA-seq, scRNA-seq, qPCR) y su regulación (ATAC-seq, ChIP-seq, sRNA-seq) | DNA barcoding | Análisis de la microbiota mediante amplicones ribosómicos (metagenómica) | Bioinformática: Análisis de datos NGS (Next Generation Sequencing): secuenciación y anotación de genomas y transcriptomas; genotipado de marcadores a diferente escala (paneles de decenas, cientos y miles de SNPs) |  Plataforma de Pez Zebra: https://www.usc.gal/gl/servizos/area/infraestruturas-investigacion/plataformas/plataforma-servizos-xeneticos-xenomicos-peixe-cebra/servizos-plataforma-peixe-cebra | Suministro de embriones de pez cebra | Xenograft de células tumorales | Análisis de toxicidad",,,https://imaisd.usc.es/grupoficha.asp?idpersoatipogrupo=75120&i=es&s=-126-328-329&v=,,grupo,{},USC_groups.csv
USC,Universidade de Santiago de Compostela,Galicia,extraido,GI-1372,Gramática del español,Gramática,"VAZQUEZ ROZAS, MARIA VICTORIA","Departamento de Lingua e Literatura Españolas, Teoría da Literatura e Lingüística Xeral Web: http://gramatica.usc.es",,"Estructuras sintácticas del español | Elaboración y desarrollo de corpus, diccionarios y otros recursos lingüísticos | El español hablado en Galicia | Historia del léxico | Relaciones entre léxico y gramática | Morfología derivativa del español | Enseñanza de español como lengua extranjera | Estudios contrastivos léxico-sintácticos | Historiografía de la lingüística",9,declaradas,"Sintaxis, discurso, morfología, gramática, diacronía",,Anotación morfosintáctica de textos Gramática descriptiva del español,,,https://imaisd.usc.es/grupoficha.asp?idpersoatipogrupo=75245&i=es&s=-126-328-329&v=,,grupo,"{""telefono"": ""981-563100 ext.11813""}",USC_groups.csv
USC,Universidade de Santiago de Compostela,Galicia,extraido,GI-2205,Grupo Aplicaciones energéticas Sostenibles,SEAG,"LOPEZ AGUERA, Ma ANGELES",Departamento de Física de Partículas,,Energía Solar Fotovoltaica y sus Aplicaciones Comunidades Sostenibles entorno NEXUS Diseño de Agendas de Transición Sostenible | Sostenibilidad Sistemas Agroforestales | Tecnologias Socialmente Apropiadas | Biomasa y Agroenergía,4,declaradas,"Sostenibilidad, NEXUS, Fotovoltaica, Agroenergia",,Caracterización de modulos fotovoltaicos Caracterización de baterias en procesos de envejecimiento,,,https://imaisd.usc.es/grupoficha.asp?idpersoatipogrupo=306566&i=es&s=-126-328-329&v=,,grupo,{},USC_groups.csv
USC,Universidade de Santiago de Compostela,Galicia,extraido,GI-1230,Grupo Gallego de Investigacions Oncológicas,GIO,"DOMINGUEZ PUENTE, FERNANDO",Centro de Investigación en Medicina Molecular e Enfermidades Crónicas (CIMUS),,Investigación Traslacional en Cáncer,1,declaradas,Marcadores Tumorales | Factores Pronostico | Genómica y proteómica del Cáncer | Farmacogenómica del Cáncer,,Ginecología .-Hematología .-Anatomía Patológica .-Medicina Nuclear .-Oncología Médica .-Diagnóstico Genético,,,https://imaisd.usc.es/grupoficha.asp?idpersoatipogrupo=75098&i=es&s=-126-328-329&v=,,grupo,{},USC_groups.csv
USC,Universidade de Santiago de Compostela,Galicia,extraido,GI-1867,Grupo Gallego de estudios para la formación e inserción laboral,GEFIL,"SARCEDA GORGOSO, CARMEN",Departamento de Pedagoxía e Didáctica Web: http://www.usc.es/gefil/,,"Subsistemas de formación profesional | Calidad en la formación profesional | Formación y cualificaciones profesionales | Formación y transición al mundo laboral | Formación e inserción profesional para colectivos con dificultades especiales | Formación, inserción profesional y género | Sociología del trabajo | Lenguaje y género",8,declaradas,"Formación profesional, inserción profesional, orientación profesional, cualificaciones y competencias profesionales, perfiles profesionales, calidad de la formación profesional, lenguaje y género, sociología del trabajo",,"Servicios de investigación en el campo del trabajo, formación e inserción profesional en Galicia | Organización de congresos y cursos de postgrado en el ámbito de la formación e inserción profesional en Galicia",,,https://imaisd.usc.es/grupoficha.asp?idpersoatipogrupo=108716&i=es&s=-126-328-329&v=,,grupo,{},USC_groups.csv
USC,Universidade de Santiago de Compostela,Galicia,extraido,GI-2084,Grupo Integrado de Ingeniería Civil y Geomática,CIGEO,"GIL DOCAMPO, MARIA DE LA LUZ",Departamento de Enxeñaría Agroforestal Web: http://www.usc.es/gl/investigacion/grupos/geca/ http://webspersoais.usc.es/persoais/ml.gil/,,"I. Ingeniería hidráulica | Energías marinas: recurso, producción y diseño de convertidores | Hidrodinámica e hidráulica ambiental: hidrodinámica y morfodinámica de rías y estuarios, estado ambiental, impacto de actuaciones | Gestión integrada de zonas costeras: intensificación y nuevos usos del litoral, análisis multicriterio y coste beneficio, big data | II.Infraestructuras de transporte | Desarrollo de materiales y productos de alto valor añadido para firmes de carreteras | Optimización del trazado de carreteras y líneas de ferrocarril. Microsimulación en ingeniería del tráfico | Estructuras costeras y portuarias. Gestión portuaria. Planificación y explotación de puertos | III. Geomática | Fotogrametría Terrestre de Objeto Cercano. Fotogrametría terrestre y aérea mediante UAS/drones | Escaneado, modelado e impresión de objetos en 3D. Gemelos digitales | Documentación para patrimonio y arqueología. Catalogación e inventario | Estudio de deformaciones. Control de calidad | Teledetección ambiental. Tratamiento y análisis de imágenes de sensores aéreos y espaciales | IV. Construcción Civil | Valorización de residuos y coproductos procedentes del sector agroindustrial en Ingeniería Civil | Modelización numérica de problemas geotécnicos",17,declaradas,"Fotogrametría de objeto cercano | modelado 3D | escanner 3D | Teledetección | RPAS | dron, patrimonio, arqueología | Energía marina | energía del oleaje | energía de las mareas | energías renovables | hidrodinámica | ría | oceanografía | olas | mareas | procesos litorales | estructuras costeras | estructuras portuarias | contaminación marina | barreras flotantes",,"Ensayos de modelos físicos a escala en canal de oleaje. Modelos de: estructuras portuarias y costeras (diques, espigones, etc.), convertidores de energía del oleaje, barreras flotantes de contención de hidrocarburos, etc | Canal de oleaje y corriente de 20 x 1.20 x 0.65 m, con capacidad de generación de oleaje regular e irregular, sistema de absorción de oleaje reflejado (AWACs) y sistema de generación de corriente reversible | Modelización numérica de procesos litorales: oleaje, corrientes de marea, transporte de sedimentos, contaminantes | Modelización numérica de la interacción entre el oleaje y una estructura o un convertidor de energía del oleaje | Patente internacional ""WaveCat"", sistema de conversión de la energía del oleaje | Proyectos fotogramétricos para la modelización y estudio de objetos en 3D: naturales y artificiales, estáticos o en movimiento, accesibles e inaccesibles y con un amplio rango de dimensiones. Levantamiento en campo (el escaneo puede ser aportado por el cliente), creación y edición del modelo 3D, ortofoto (imagen métrica), planos en dos y/o tres dimensiones y control de calidad | Estudios de teledetección aérea y espacial con sensores ópticos, multiespectrales e hiperespectrales. Estudios de vegetación, calidad de aguas, áreas quemadas, control de cambios (estudios multitemporales), etc. Elaboración de cartografía temática e informes | Cartografía, inventario y estudios a partir de imágenes tomadas mediante drones y satélites | Levantamientos topográficos",,,https://imaisd.usc.es/grupoficha.asp?idpersoatipogrupo=193341&i=es&s=-126-328-329&v=,,grupo,{},USC_groups.csv
USC,Universidade de Santiago de Compostela,Galicia,extraido,GI-2109,"Grupo Interdisciplinar en Tecnología Farmacéutica, Inmunobiología parasitaria y Parasitosis Hídricas",PARAQUASIL,"OTERO ESPINAR, FRANCISCO JAVIER","Departamento de Microbioloxía e Parasitoloxía Departamento de Bioloxía Funcional Departamento de Farmacoloxía, Farmacia e Tecnoloxía Farmacéutica",,"Caracterización genética de protozoos entéricos de transmisión hídrica y alimentaria Estudio de factores ambientales y geográficos relacionados con la transmisión antroponótica y zoonótica Evaluación in vivo e in vitro de moléculas con potencial actividad antiprotozoaria: ciclodextrinas , sus complejos de inclusión y polímeros biocompatibles Aplicaciones farmacéuticas de las ciclodextrinas y sus complejos de inclusión. Desarrollo de sistemas de liberación de sustancias activas de interés en medicina humana, veterinaria y acuicultura. Diseño y desarrollo de micropartículas para la liberación controlada de vacunas Diseño y evaluación de sistemas matriciales y multiparticulares poliméricos de liberación controlada y especializada | Parasitología de enfermedades emergentes en peces en cultivo -Inmunología de Peces -Desarrollo de nuevas vacunas para peces",2,declaradas,"Enteropatógenos | Diagnóstico | Identificación molecular | Epidemiología | Medio ambiente | Moluscos bivalvos | Ciclodextrinas Formas farmacéuticas | Nuevos sistemas de liberación de fármacos | Tratamiento | Control. Acuicultura, piscicultura, escuticociliados, protozoos parásitos de peces, parasitosis emergentes en peces, inmunología de peces, inmunomoduladores, adyuvantes",,"Asesoramiento y asistencia técnica en la investigación de brotes hídricos y alimentarios de etiología parasitaria. Asesoramiento y asistencia técnica en la detección de protozoos en aguas superficiales, destinadas al consumo humano y residuales. Diseño y evaluación de sistemas de liberación controlada e inmediata para acuicultura, veterinaria y medicina humana. Estudio biofarmacéutico en el desarrollo de nuevas formulaciones. RECURSOS: instalaciones propias de los diferentes equipos de investigación que forman el GI | Diagnóstico de parasitosis en peces de cultivo. -Producción de autovacunas para peces -Asesoramiento en prevención y control de parasitosis en piscicultura",,,https://imaisd.usc.es/grupoficha.asp?idpersoatipogrupo=200979&i=es&s=-126-328-329&v=,,grupo,{},USC_groups.csv
USC,Universidade de Santiago de Compostela,Galicia,extraido,GI-2121,Grupo Mazarelos de Pensamiento Moderno y Contemporáneo,GMPMYC,"VAZQUEZ LOBEIRAS, MARIA XESUS",Departamento de Filosofía e Antropoloxía,,"CONCEPCIONES DE LA RACIONALIDAD vinculadas por una parte al problema del CONOCIMIENTO (fundamentos del conocimiento y la conciencia, epistemología de las ciencias naturales y humanas) y por otra parte al problema de la LIBERTAD Y DE LA ACCION HUMANA (ética, estética, filosofía de la cultura) | PENSAMIENTO DE LA ILUSTRACION: estudio historiográfico y revisión crítica de los ideales culturales de la ilustración, especialmente de la ilustración alemana: TOLERANCIA, COSMOPOLITISMO, HUMANISMO, ECLECTICISMO | Tránsito del IDEALISMO TRASCENDENTAL al IDEALISMO ABSOLUTO | Pensamiento contemporáneo: fenomenología y psicoanálisis",4,declaradas,"Kant, ilustración alemana, modernidad, idealismo, pensamiento contemporáneo, fenomenología",,Análisis de conceptos e interpretación de textos. Autocomprensión del ser humano y la cultura,,,https://imaisd.usc.es/grupoficha.asp?idpersoatipogrupo=205957&i=es&s=-126-328-329&v=,,grupo,{},USC_groups.csv
USC,Universidade de Santiago de Compostela,Galicia,extraido,GI-1883,Grupo de Análisis y Modelización Económica,GAME,"FERNANDEZ FERNANDEZ, MELCHOR",Departamento de Fundamentos da Análise Económica Instituto Instituto de Estudos e Desenvolvemento de Galicia (IDEGA) Web: https://game-idega.com/,,Economia laboral | Economia de la Salud | Evaluación socioeconomica | Contabilidad Social | Análisis Input-Output | Integración Económica | Economía Internacional,7,declaradas,Mercado de trabajo | Evaluación Económica | Integración económica | Desarrollo económico | Análisis económico multisectorial,,ANÁLISIS Y DIAGNÓSTICO SOCIOECONOMICO TERRITORIAL | ANÁLISIS Y PROSPECCIÓN DE LOS MERCADOS LOCALES DE EMPLEO | ESTRATEGIAS DE DESARROLLO TERRITORIAL (MODELOS DE PLANIFICACION ECONOMICA) | EVALUACIÓN DE SERVICIOS Y DE POLÍTICAS SOCIALES Y LABORALES | INCIDENCIA Y EFECTOS REDISTRIBUTIVOS DEL GASTO SOCIAL | INDICADORES PARA EL DESARROLLO URBANO Y RURAL | OBSERVATORIO SOCIOECONÓMICO Y URBANO | OBSERVATORIO COMPETITIVIDAD SECTORIAL Y TERRITORIAL,,,https://imaisd.usc.es/grupoficha.asp?idpersoatipogrupo=121090&i=es&s=-126-328-329&v=,,grupo,{},USC_groups.csv
USC,Universidade de Santiago de Compostela,Galicia,extraido,GI-2127,Grupo de Bioestatística y Ciencia de Datos Biomédicos,GRID-BDS,"CONDE AMBOAGE, MERCEDES","Departamento de Cirurxía e Especialidades Médico-Cirúrxicas Departamento de Estatística, Análise Matemática e Optimización Departamento de Psiquiatría, Radioloxía, Saúde Pública, Enfermaría e Medicina Web: http://www.grid-usc.com",,Bioestadística | Modelos Aditivos Generalizados | Modelos de Regresión Múltiple | Curvas ROC | Análisis de Supervivencia,5,declaradas,Bioestadística | Inferencia Estadística | GAM | Estimación no Paramétrica | Análisis de Supervivencia | Curvas ROC | Regresión Cuantil,,Investigación en metodología estadística | Formación Básica y Avanzada en Bioestadística | Asesoramiento en bioestadística | Elaboración de software,,,https://imaisd.usc.es/grupoficha.asp?idpersoatipogrupo=212234&i=es&s=-126-328-329&v=,,grupo,{},USC_groups.csv
USC,Universidade de Santiago de Compostela,Galicia,extraido,GI-1622,"Grupo de Elementos Traza, Espectroscopía y Especiación",GETEE,"MOREDA PIÑEIRO, ANTONIO","Departamento de Química Analítica, Nutrición e Bromatoloxía Web: http://www.geteeanalitica.es",,"Desarrollo de Plataformas Nanometrológicas en Química Analítica: - Especiación multielemental, química y funcional en nanopartículas naturales. - Sensores y biosensores usando nanopartículas metálicas funcionalizadas, y uso de quantum dots para el estudio de metales disruptores endocrinos, de drogas de abuso. - Desarrollo de metodología analítica para el análisis de nanopartículas metálicas en muestras ambientales, muestras clínicas y en alimentos | Estudios de biodisponibilidad de elementos traza | Estudios de fortificación de alimentos | Estudios de contaminación ambiental por metales | Estudios de elementos traza en muestras clínicas | Especiación de elementos traza en muestras de interés clínico, alimentario y ambiental | Métodos alternativos para la preparación de la muestra: - Polímeros de impresión molecular e iónica como sistemas de extracción en fase sólida. - Extracción en punto de nube, extracciones enzimáticas, etc",7,declaradas,Metales | medio ambiente | medios biológicos | alimentos | especiación de metales,,"Análisis de metales en medios biológicos | Análisis de metales en alimentos | Determinación de metales en muestras de interés ambiental ( aguas, sedimentos,plantas,etc) | Estudios de contaminación ambiental por metales y no metales | Estudios de biodisponibilidad y especiación de metales | Estudios de fortificación de alimentos",,,https://imaisd.usc.es/grupoficha.asp?idpersoatipogrupo=75511&i=es&s=-126-328-329&v=,,grupo,{},USC_groups.csv
USC,Universidade de Santiago de Compostela,Galicia,extraido,GI-1138,Grupo de Estudios Internacionales,GRESIN,"LIROLA DELGADO, MARIA ISABEL",Departamento de Dereito Público e Teoría do Estado Web: http://www.usc.es/gl/investigacion/grupos/gresin/index.html,,Derecho del Mar | Instituciones y Derecho de la Unión Europea | La actividad exterior de la Comunidad Autónoma de Galicia | Derecho Internacional Humanitario | Globalización. Actores internacionales. Política Exterior de España | Integración latinoamericana y Mercosur | Uso de la fuerza y responsabilidad internacional | Derechos Humanos | Organización Internacional cooperación penal internacional,9,declaradas,Globalización | actividad exterior | Comunidades Autónomas | Política exterior | responsabilidad | terrorismo | cooperación penal | organización internacional | integración | Unión Europea | Mercosur | transfronteriza | mar | espacio ultraterrestre | Artico | medio ambiente | contaminación | uso de la fuerza | Derecho humanitario | Derechos humanos | refugiados | desplazados internos | pueblos indígenas | educación,,"Asesoría jurídica, elaboración de informes, dictamenes",,,https://imaisd.usc.es/grupoficha.asp?idpersoatipogrupo=75003&i=es&s=-126-328-329&v=,,grupo,{},USC_groups.csv
USC,Universidade de Santiago de Compostela,Galicia,extraido,GI-1170,"Grupo de Estudios de Historia Empresarial y Sectorial. Pesca, Industria y Comercio",GESPIC,"GIRALDEZ RIVERO, JESUS",Departamento de Economía Aplicada Instituto Instituto de Estudos e Desenvolvemento de Galicia (IDEGA),,Historia y economía de la pesca y la construcción naval | Relaciones Económicas Internacionales | Historia industrial | Historia de la empresa | Historia del trabajo | Patrimonio industrial y marítimo,6,declaradas,Pesca | industria | comercio internacional | construcción naval | historia económica | historia empresarial | historia de Galicia | trabajo | arqueología industrial | patrimonio marítimo,,"Bases de datos históricas relativas a pesca, industria y comercio internacional de Galicia | Elaboración de estudios de historia para empresas y otras instituciones económicas | Organización e impartición de cursos especializados en historia económica e empresarial | Realización de exposiciones documentales y proyectos museográficos | Trabajos de catalogación y descripción del patrimonio industrial y marítimo | Asesoramiento para la realización de Planes de Ordenación Urbana y proyectos de gestión turística en aspectos relativos a recursos marítimos e industriales",,,https://imaisd.usc.es/grupoficha.asp?idpersoatipogrupo=75036&i=es&s=-126-328-329&v=,,grupo,{},USC_groups.csv
USC,Universidade de Santiago de Compostela,Galicia,extraido,GI-1534,"Grupo de Estudios para la Prehistoria del NO Ibérico. Arqueología, Antigüedad y Territorio",GEPN - AAT,"FABREGAS VALCARCE, RAMON",Departamento de Historia Web: http://www.gepn.eu,,Análisis morfológico y funcional de los materiales líticos prehistóricos | Prehistoria reciente del Noroeste ibérico: estudio integral de las manifestaciones materiales y simbólicas y de la economía de las sociedades entre los inicios del neolítico y la cultura castreña | Análisis morfológico y funcional de artefactos cerámicos | Arte rupestre galaico al aire libre | Neolítico Atlántico y Megalitismo. Arqueología y ecología del Fenómeno tumular y megalítico gallego | Arte megalítico,6,declaradas,Prehistoria | cultura material | arqueología | análisis funcional | arte prehistórico | Arqueología Prehistórica y Protohistórica | Estudios de Historia Antigua,,"Estudios sobre la cultura material de época prehistórica y protohistórica | Catalogación y estudio del arte rupestre al aire libre | Catalogación y estudio del arte megalítico | Análisis de ecofactos (antracología) | Asesoramiento en técnicas de investigación arqueológica, Sistemas de Información Geográfica (SIG), evaluación arqueológica y gestión del Patrimonio Arqueolóxico",,,https://imaisd.usc.es/grupoficha.asp?idpersoatipogrupo=75419&i=es&s=-126-328-329&v=,,grupo,"{""telefono"": ""981-563100 ext.12696""}",USC_groups.csv
USC,Universidade de Santiago de Compostela,Galicia,extraido,GI-1896,Grupo de Física No Lineal,GFNL,"PEREZ MUÑUZURI, ALBERTO",Departamento de Física de Partículas Web: http://www.usc.es/en/investigacion/grupos/gfnl/,,Física Medioambiental: Modelización atmosférica. Predicción meteorológica. Modelos de mesoscala y de circulación general de la atmósfera. Acoplamiento a modelos de dispersión atmosférica. Predicción por conjuntos. Modelización oceanográfica. Predicción oceanográfica. Modelos de oleaje. Acoplamiento de modelos atmosféricos y oceanográficos. Simulación de corrientes en zonas costeras y estuáricas | Formación de estructuras en Sistemas Complejos. Estructuras espacio-temporales en medios activos. Reacción-difusión-convección. Estructuras de Turing. Forzamientos estocásticos y deterministas de estructuras. Reacción de Belousov-Zhabotinsky. Modelos y simulación numérica. Caos en sistemas discretos. Modelos dinámicos neuronais. Biofísica. Modelización de sistemas biofísicos | Robótica. Algoritmos de toma de decisión. Algoritmos de automatización,3,declaradas,"Estructuras espacio-temporales. Autoondas, estructuras de Turing, Caos. Predicción meteorológica y oceanográfica. Modelización. Robótica",,Predicción meteorológica de alta resolución. Estimación de meteoros en puntos concretos. Modelización de dispersión de contaminantes atmosféricos | Modelización de descargas de aguas residuales en la costa. Predicción oceanográfica de corrientes | Modelización de procesos no lineales con aplicación biofísica,,,https://imaisd.usc.es/grupoficha.asp?idpersoatipogrupo=130901&i=es&s=-126-328-329&v=,,grupo,{},USC_groups.csv
USC,Universidade de Santiago de Compostela,Galicia,extraido,GI-1490,Grupo de Física de Altas Energías,GAES,"SABORIDO SILVA, JUAN JOSE",Departamento de Física de Partículas Instituto Instituto Galego de Física de Altas Enerxías (IGFAE) Web: http://www.usc.es/gaes,,"Física de quarks b, violación CP e desintegracións raras en colisionadores de alta energía | Desarrollo de detectores de micropistas y micropíxeles de silicio resistentes a la radiación para experimentos en aceleradores de partículas | Búsqueda de desintegraciones doble-beta sin emisión de neutrinos con el experimento NEXT en el laboratorio subterráneo de CANFRANC | Desarrollo de técnicas de computación GRID",4,declaradas,"Violación CP, Pionium, QCD, Silicio, GRID, Detectores, Aceleradores, Quarks",,"Servicio de microsoldadura automatizada | Cluster de procesadores GRID | Sistema de irradiación X de detectores | Dispositivo de fotomultiplicadores con resolución temporal de 50 picosegundos | Sistema de micromanipuladores y micropruebas | Analizador digital de señales | Sistema de fuentes de alimentación y control para alto voltaje | Chassis de electrónica VME, CAMAC y NIM | Cluster de procesadores LINUX",,,https://imaisd.usc.es/grupoficha.asp?idpersoatipogrupo=75373&i=es&s=-126-328-329&v=,,grupo,{},USC_groups.csv
USC,Universidade de Santiago de Compostela,Galicia,extraido,GI-2055,Grupo de Física de Coloides y Polímeros,GFCP,"BARBOSA FERNANDEZ, SILVIA",Departamento de Física de Partículas Web: http://www.usc.es/gfcp,,"Síntesis y caracterización de nanovehículos poliméricos para solubilización, transporte y liberación de principios activos (fármacos, genes, etc) | Análisis de los mecanismos de autoensamblaje de fibras proteicas y sus implicaciones en enfermedades degenerativas (Parkinson, Alzheimer, etc.). Potenciales aplicaciones en nanotecnología | Desarrollo de sensores plasmónicos nanoestructurados para (bio)detección y (bio)remediación | Diseño y obtención de nanomateriales híbridos (nanopartículas, películas delgadas) con potenciales aplicaciones en teragnóstica (diagnóstico y terapia médicas) y fotocatálisis | Diseño de nanoestructuras/matrices para proliferación, diferenciación y liberación celular y sus aplicaciones en medicina regenerativa",5,declaradas,"Síntesis orgánica e inorgánica | copolímeros de bloque | proteínas | fibras proteicas | nanopartícula metálica | nanopartícula magnética | nanopartícula polimérica | nanopartícula cerámica | nanoplataformas compartimentalizadas | nanomaterial híbrido | película delgada | fotocatálisis, (bio) sensores | teragnóstica | producción energética",,"Diseño y obtención de sistemas poliméricos para liberación controlada | Obtención de nanopartículas metálicas magnéticas, y cerámicas de forma e tamaño controlado | Elaboración de nanomateriales híbridos con propiedades modificables para su uso en teragnóstica, fotocatálisis y producción y almacenamiento de energía | Caracterización termodinámica, reológica y estructural de sistemas nanoscópicos, coloidales y fluidos | Dispersión luz láser, calorimetría de titración isotérmica, reometría, UV-Vis, fluorometría, FTIR, Raman, densimetría, tensiometría; potencial zeta; reactores químicos; microscopía confocal, ensayos celulares",,,https://imaisd.usc.es/grupoficha.asp?idpersoatipogrupo=159658&i=es&s=-126-328-329&v=,,grupo,{},USC_groups.csv
USC,Universidade de Santiago de Compostela,Galicia,extraido,GI-2133,Grupo de Imagen Molecular y Física Médica,MIMP,"AGUIAR FERNANDEZ, PABLO","Departamento de Psiquiatría, Radioloxía, Saúde Pública, Enfermaría e Medicina",,ANALISIS Y CUANTIFICACION DE ESTUDIOS PET CON FDG EN ONCOLOGÍA (SUV: STANDARD UPTAKE VALUES) CUANTIFICACIÓN DE ESTUDIOS SPECT CEREBRAL ESTUDIO MEDIANTE IMAGENES DE NUEVAS DROGAS ANTITUMORALES IMAGEN FUNCIONAL PARA VALORACION DEL EFECTO DE LA TERAPIA HORMONAL EN EL CANCER DE PROSTATA SPECT CEREBRAL Y EPILEPSIA: LOCALIZACIÓN PREQUIRURGICA DEL FOCO EPILEPTOGENO ESTUDIO DE IMAGEN PET CON NANOPARTÍCULAS: DIAGNÓSTICO Y TERAPEUTICA DESARROLLO DE SISTEMAS DE IMAGEN MOLECULAR PET/SPECT PARA INVESTIGACIÓN PRECLÍNICA ESTUDIOS DE IMAGEN MULTIMODAL PRECLÍNICA IN VIVO PET/SPECT/RM/OPTICA | Dosimetría y radioterapia,2,declaradas,IMAGEN MOLECULAR | ENFERMEDADES NEURODEGENERATIVAS | CANCER | IMAGEN MULTIMODAL Y MULTIPARAMÉTRICA DOSIMETRIA | RADIOTERAPIA,,2 TOMOGAMMACÁMARAS. UNA DE ELLAS CON TAC ASOCIADO 1 PET 1 MICROSPECT 1 MICROPET CICLOTRÓN CÁMARA CALIENTE PARA MARCAJE RADIACTIVO DE SUSTANCIAS BIOLÓGICAS,,,https://imaisd.usc.es/grupoficha.asp?idpersoatipogrupo=214772&i=es&s=-126-328-329&v=,,grupo,{},USC_groups.csv
USC,Universidade de Santiago de Compostela,Galicia,extraido,GI-2165,Grupo de Investigación ATALAYA,ATALAIA,"FERNANDEZ TILVE, MARIA DOLORES",Departamento de Pedagoxía e Didáctica Web: http://atalaia.usc.es,,"Formación y desarrollo profesional del profesorado (infantil, primaria, secundaria, universidad) | Inclusión socioeducativa | Patrimonio documental | Educación patrimonial",4,declaradas,Formación | desarrollo profesional | inclusión | patrimonio | documentación,,Asesoramiento y apoyo a centros y profesores | Estudios y servicios técnicos a instituciones y agentes socio-educativos | Formación psicopedagógica a profesionales de la formación | Recursos formativos a profesionales en activo y en formación,,,https://imaisd.usc.es/grupoficha.asp?idpersoatipogrupo=250500&i=es&s=-126-328-329&v=,,grupo,{},USC_groups.csv
USC,Universidade de Santiago de Compostela,Galicia,extraido,GI-2171,Grupo de Investigación Educativa MESTURA,MESTURA,"MUÑOZ CARRIL, PABLO CESAR",Departamento de Pedagoxía e Didáctica Web: http://www.usc.es/mestura,,"Formación del profesorado y desarrollo profesional en diferentes etapas educativas (educación infantil, primaria, secundaria, universidad) | E-learning, tecnología educativa y educación transmedia | Incorporación y uso de las Tecnologías de la Información y de la Comunicación (TIC) en el ámbito educativo y curricular | Asesoramiento y evaluación de instituciones, programas y proyectos socioeducativos | Innovación educativa | Prácticum y prácticas externas | Expresión musical y artes escénicas en la formación del profesorado | Análisis e intervención psicoeducativa en contextos escolares, familiares y sociocomunitarios | Asesoría familiar, mediación escolar e intercultural | Diseño y desarrollo curricular | Dirección y gestión de centros",11,declaradas,"Formación y promoción del profesorado | Tecnologías de la Información y de la Comunicación | Educación transmedia, Innovación educativa | Prácticum y Prácticas Externas | E-learning | Educación Musical, Intervención psicoeducativa, Asesoramiento institucional y educativo | Diseño curricular | Dirección Escolar | Evaluación y calidad | Convivencia escolar",,"Estudios e informes técnicos a instituciones y agentes socioeducativos | Diseño y elaboración de materiales y recursos formativos | Planificación, desarrollo y evaluación de programas de innovación, formación y dirección (para entornos educativos, laborales y profesionales) | Asesoramiento a centros, instituciones, profesorado, formadores y otros agentes educativos | Diseño, desarrollo y evaluación de acciones formativas en e-learning y TIC",,,https://imaisd.usc.es/grupoficha.asp?idpersoatipogrupo=252774&i=es&s=-126-328-329&v=,,grupo,{},USC_groups.csv
USC,Universidade de Santiago de Compostela,Galicia,extraido,GI-2225,Grupo de Investigación Socioeconómica Multidisciplinar,SOCECOM,"FERREIRO SEOANE, FRANCISCO JESUS",Departamento de Economía Aplicada,,"Economía política y finanzas Públicas | Economía, política y gestión sanitarias | Empresas, finanzas y sostenibilidad | Educación, capital humano y mercado de trabajo | Empresas culturales y economía de la creatividad | Desigualdad, cambios sociales y movimientos migratorios | Economía social y Emprendimiento | Desarrollo, medio ambiente y territorio | Análisis científico-social del derecho | Economía del comportamiento",10,declaradas,Economía Política | Finanzas | Gestión sanitaria | Empresas | Sostenibilidad | Educación | Capital humano | Cultura | Desigualdad | Migración | Economía social | Emprendimiento | Desarrollo | Medio ambiente | Científico-social Derecho | Economía Comportamiento,,"Asistencia técnica a administraciones en temas económicos, jurídicos, y políticos (finanzas, estudios económicos, RPTs, etc) | Asesoramiento la empresa y emprendedores, fiscal, financiero, contable, etc | Gestión de RRHH y laborales | Gestión y asesoramiento cultural | Asesoramiento en temas de migración | Asesoramiento en sostenibilidad social, medio ambiental, financiera | Investigadores y profesionales, con experiencia había sido de la universidad, con amplios conocimientos en temas jurídicos, económicos, politolóxicos y sociológicos y con enfoques interdisciplinares y multidisciplinares",,,https://imaisd.usc.es/grupoficha.asp?idpersoatipogrupo=332041&i=es&s=-126-328-329&v=,,grupo,{},USC_groups.csv
USC,Universidade de Santiago de Compostela,Galicia,extraido,GI-1374,Grupo de Investigación Valle-Inclán de la Universidad de Santiago,GIVIUS,"SANTOS ZAS, MARGARITA","Departamento de Lingua e Literatura Españolas, Teoría da Literatura e Lingüística Xeral Web: http://www.usc.es/catedras/valle-inclan",,Valle-Inclán: -Ediciones críticas. -Estudios bibliográficos. - Biografía. -Estudios temáticos y estilísticos,1,declaradas,Valle-Inclán | bibliografía | biografía | estudios,,Fondos bibliográficos y documentación. Bases de datos | Anuario Valle-Inclán,,,https://imaisd.usc.es/grupoficha.asp?idpersoatipogrupo=75247&i=es&s=-126-328-329&v=,,grupo,"{""telefono"": ""981-563100 ext.11808""}",USC_groups.csv
USC,Universidade de Santiago de Compostela,Galicia,extraido,GI-1213,Grupo de Investigación de Patología en Acuicultura,GIPA,"ESTEVEZ TORANZO, MARIA ALICIA CAROLINA",Instituto de Investigación en Análises Químicas e Biolóxicas (IAQBUS) Instituto Instituto de Investigación do Medio Acuático para unha Saúde Global (iARCUS),,Patología bacteriana y vírica en Acuicultura: - Caracterización de patógenos bacterianos y víricos de peces y moluscos. - Análisis epidemiológico y epizootiológico. - Desarrollo de nuevas estrategias de diagnóstico bacteriano y vírico. - Análisis molecular de mecánismos de virulencia de patógenos. - Desarrollo de métodos de prevención y control de patologias | Transmisión y bioacumulación de virus entéricos en moluscos | Aplicación de la Genómica y proteómica en el estudio de la interacción patógeno-hospedador,3,declaradas,Bacterias | virus | salmónidos | rodaballo | dorada | lubina | moluscos | diagnóstico | vacunación | epidemiología,,"Diagnóstico de patologías en Acuicultura marina y continental | Control sanitario de reproductores por métodos no destructivos | Diseño de nuevas herramientas y asesoramiento en estrategias para la prevención y control de patologias | Disponibilidad de Secuenciador automático, Real-Time PCR y Acuario | Desarrollo de vacunas para Acuicultura. Ensayos de patogenicidad y producción de antisueros",,,https://imaisd.usc.es/grupoficha.asp?idpersoatipogrupo=75081&i=es&s=-126-328-329&v=,,grupo,"{""telefono"": ""981-563100 ext.13255""}",USC_groups.csv
USC,Universidade de Santiago de Compostela,Galicia,extraido,GI-2181,Grupo de Investigación en Derecho penal y Criminología,IUSCRIM,"VAZQUEZ-PORTOMEÑE SEIJAS, FERNANDO ANTONIO",Departamento de Dereito Público Especial e da Empresa,,Delincuencia económica y corrupción -Criminalidad y globalización. Delitos transnacionales -Violencia contra la mujer y colectivos vulnerables -Nuevas formas de criminalidad -Victimología e instrumentos de protección de las víctimas. -Política Criminal -Alternativas a la prisión,1,declaradas,Delincuencia económica | corrupción | globalización | delincuencia transnacional | violencia contra la mujer | víctimas | política criminal | alternativas a la prisión,,Elaboración de informes y dictámenes,,,https://imaisd.usc.es/grupoficha.asp?idpersoatipogrupo=284676&i=es&s=-126-328-329&v=,,grupo,{},USC_groups.csv
USC,Universidade de Santiago de Compostela,Galicia,extraido,GI-1573,Grupo de Investigación en Geometría Riemanniana,Geom. de Riemann,"HERVELLA TORRON, LUIS MARIA",Departamento de Matemáticas Web: http://xtsunxet.usc.es,,Geometría Riemanniana | Geometría Lorentziana y Relatividad | Curvatura de métricas semi-riemannianas | Hipersuperficies con curvaturas principales constantes | Acciones isométricas | Nilvariedades compactas | Geometría hermítica y kahleriana. Otras estructuras geométricas,7,declaradas,Métricas riemannianas y semi-riemannianas | geometría Lorentziana y relatividad | geometría hermítica | nilvariedades | estructuras geométricas en variedades,,Asesoramiento en temas de Geometría Diferencial,,,https://imaisd.usc.es/grupoficha.asp?idpersoatipogrupo=75461&i=es&s=-126-328-329&v=,,grupo,"{""telefono"": ""981-563100 ext.13139""}",USC_groups.csv
USC,Universidade de Santiago de Compostela,Galicia,extraido,GI-2201,Grupo de Investigación en Lingüística Computacional,LComp,"GARCIA GONZALEZ, MARCOS","Departamento de Electrónica e Computación Departamento de Lingua e Literatura Españolas, Teoría da Literatura e Lingüística Xeral",,Lingüística Computacional | Procesamiento de las Lenguas Naturales | Lingüística de Corpus,3,declaradas,lingüística | lingüística computacional | sintaxis | semántica | procesamiento de las lenguas naturales | lingüística de corpus,,"Recopilación, tratamiento y anotación de recursos lingüísticos computacionales | Diseño y aplicación de herramientas informáticas para el procesamiento computacional de las lenguas | Adaptación de modelos computacionales a distintos idiomas y casos de uso",,,https://imaisd.usc.es/grupoficha.asp?idpersoatipogrupo=302280&i=es&s=-126-328-329&v=,,grupo,{},USC_groups.csv
USC,Universidade de Santiago de Compostela,Galicia,extraido,GI-2136,Grupo de Investigación en Matemáticas,Matemáticas,"GOMEZ TATO, ANTONIO","Departamento de Matemática Aplicada Departamento de Matemáticas Departamento de Estatística, Análise Matemática e Optimización Web: http://www.usc.es/regaca/gimat",,"Geometría Riemanniana y de Lorentz, curvatura, ecuaciones de evolución geométrica, acciones isométricas, subvariedades isoparamétricas, curvaturas principales constantes | Álgebra homológica, categorias derivadas, álgebras de Hopf, álgebras de Lie y de Leibniz, dualidad en geometría algebraica, estructuras monoidales, homología de espacios singulares, teoría de Galois | Topología algebraica y diferencial, categoría de Lusternik-Schnirelmann, complejidad topológica, teoría de Morse | Teoría de foliaciones, Análisis global en foliaciones, Análisis global en espacios estratificados | Sistemas dinámicos. Aplicaciones de las ecuaciones diferenciales y en diferencias. Biomatemática",5,declaradas,Geometría diferencial | geometría algebraica | álgebra homológica y categórica | topología algebraica | teoría de foliaciones | sistemas dinámicos,,"Asesoramiento en Matemáticas | Divulgación científica, especiamente en aspectos matemáticos | Análisis Matemático de datos | Bioinformática y Estadística para la investigación Médica y Biológica",,,https://imaisd.usc.es/grupoficha.asp?idpersoatipogrupo=214835&i=es&s=-126-328-329&v=,,grupo,{},USC_groups.csv
USC,Universidade de Santiago de Compostela,Galicia,extraido,GI-1806,Grupo de Investigación en Neurociencia Cognitiva y Afectiva,NECeA,"RODRIGUEZ HOLGUIN, SOCORRO","Departamento de Psicoloxía Clínica e Psicobioloxía Departamento de Psicoloxía Evolutiva e da Educación Departamento de Psicoloxía Social, Básica e Metodoloxía Instituto Instituto de Psicoloxía (IPsiUS)",,"Consecuencias neurocognitivas del consumo intensivo de alcohol (binge drinking) en jóvenes | Psicofisiología de los procesos de orientación y atención visual, y su estudio en el envejecimiento | Estudio de la atención visual mediante medidas derivadas del EEG (potenciales evocados, actividad oscilatoria, estimación de fuentes neurales) | Correlatos psicofisiológicos da detección explícita e implícita de cambios en el medio visual | Estudio neurocognitivo de la interacción entre procesos cognitivos y afectivos | Transicción, adaptación y rendimiento académico en estudiantes de Enseñanza Superior | Mecanismos neurocognitivos del procesamiento de expresiones faciales emocionales en vulnerabilidad cognitiva a la depresión",7,declaradas,Potenciales Evocados | Procesos de Atención | Alcoholismo | Psicofisiología | Neuropsicología | Neurociencia Cognitiva. Psicología Evolutiva. Ajuste y Rendimiento Académico. Vulnerabilidad a la depresión,,No procede,,,https://imaisd.usc.es/grupoficha.asp?idpersoatipogrupo=77141&i=es&s=-126-328-329&v=,,grupo,{},USC_groups.csv
USC,Universidade de Santiago de Compostela,Galicia,extraido,GI-2117,Grupo de Investigación en Odontología Médico-Quirúrgica,OMEQUI,"DINIZ FREITAS, MARCIO",Departamento de Cirurxía e Especialidades Médico-Cirúrxicas,,Relación entre infecciones orales y enfermedades sistémicas | Periimplantitis | Cáncer oral | Odontología en pacientes con necesidades especiales | Regeneración tisular en periodoncia | Enfermedades Raras y Odonotlogía,6,declaradas,Relación oral-sistémica | Láser | Regeneración tisular | Odontología en pacientes especiales | Cáncer oral | Periimplantitis,,Clínica de tratamiento odontológico multidisciplinario. - Clínica de implantología/periodoncia. - Laboratorio básico de biología molecular/microbiología. - Banco de muestras,,,https://imaisd.usc.es/grupoficha.asp?idpersoatipogrupo=202113&i=es&s=-126-328-329&v=,,grupo,{},USC_groups.csv
USC,Universidade de Santiago de Compostela,Galicia,extraido,GI-2169,Grupo de Investigación en Oftalmología y Ciencias Visuales,VISION,"GONZALEZ GARCIA, FRANCISCO",Centro de Investigación en Medicina Molecular e Enfermidades Crónicas (CIMUS) Web: http://www.usc.es,,Oftalmología y Ciencias Visuales,1,declaradas,Oftalmología Visión,,Enfermedades oculares e investigacion en ciencias visuales,,,https://imaisd.usc.es/grupoficha.asp?idpersoatipogrupo=252245&i=es&s=-126-328-329&v=,,grupo,"{""telefono"": ""981-563100 ext.12287""}",USC_groups.csv
USC,Universidade de Santiago de Compostela,Galicia,extraido,GI-1319,"Grupo de Investigación en Patología Oral Médico Quirúrgica, Gerodontología, Biomateriales e Innovación Tecnológica",MedOralRes,"GARCIA GARCIA, ABEL",Departamento de Cirurxía e Especialidades Médico-Cirúrxicas Web: https://investigacion.usc.gal/grupos/4550/detalle?lang=es,,"Estudio de alteraciones potencialmente malignas de la mucosa oral | Proteómica salival en la osteonecrosis de los maxilares | Diagnóstico y tratamiento de las Candidiasis | Nuevos materiales mesoporóticos en la reconstruccón dental y de la cresta alveolar | Distracción ósea alveolar | Nuevas tecnologías: Láser, inteligencia artificial, digitalización, teleodontología, avances tecnológicos en el tratamiento oral, odontología personalizada | Virus del papiloma humano y alteraciones potencialmente malignas | Estudio integral oral y sistémico del paciente anciano | Periimplantitis | Técnicas de aumento óseo",10,declaradas,salud,,Medicina oral | Cirugia Oral | Implantología Oral,,,https://imaisd.usc.es/grupoficha.asp?idpersoatipogrupo=75189&i=es&s=-126-328-329&v=,,grupo,{},USC_groups.csv
USC,Universidade de Santiago de Compostela,Galicia,extraido,GI-2074,Grupo de Materia Blanda y Biofísica Molecular,MBBM,"RUSO VEIRAS, JUAN MANUEL",Departamento de Física Aplicada Web: http://smmb.usc.es/,,Autoensamblaje molecular Materiales biocompatibles Materiales mesoporosos Sistemas de liberación de fármacos Hidrogeles Biofísica computacional Receptores de membrana Dinámica de macromoléculas Reconocimiento molecular,1,declaradas,biofísica molecular | sistemas supramoleculares | macromoléculas | materia blanda | coloides | péptidos | interfases | nuevos materiales,,Caracterización de sistemas supra y macromoleculares en escala atómica por medio de simulación de dinámica molecular,,,https://imaisd.usc.es/grupoficha.asp?idpersoatipogrupo=179797&i=es&s=-126-328-329&v=,,grupo,{},USC_groups.csv
USC,Universidade de Santiago de Compostela,Galicia,extraido,GI-1487,Grupo de Materiales Cuánticos y Fotónica,QMatterPhotonics,"VAZQUEZ RAMALLO, MANUEL",Departamento de Física Aplicada Departamento de Física de Partículas Web: http://qmatterphotonics.usc.es,,"Sistemas cuánticos (materiales y dispositivos) basados en materiales avanzados y/o fotónica | Técnicas de litografía electrónica (e-beam) y fotolitografía UV y Láser para materiales nanoestructurados, microestructurados y chips fotónicos | Fabricación, estructuración, microscopía y caracterización de películas delgadas y otros materiales funcionales bidimensionales | Materiales de baja dimensionalidad, nanoestructurados, inhomogéneos y desordenados, y metamateriales ópticos (cristales fotónicos, ...) | Técnicas de intercambio iónico en vidrio y cristal para fabricación de dispositivos ópticos y chips fotónicos (integración óptica) para comunicaciones, sensores integrados, vórtices ópticos, astronomía | Fotónica cuántica integrada basada en fibras ópticas y guías ópticas y dispositivos integrados para tecnologías de la información cuántica (encriptación y computación cuánticas). Régimen de alta y baja temperatura | Metrología óptica por interferometría estándar, holográfica y de speckle electrónico (ESPI), para aplicaciones científicas, industriales y biomédicas | Superconductores de alta y baja temperatura crítica. Propiedades magnéticas, eléctricas, térmicas y ópticas | Dispositivos criogénicos y sistemas basados en superconductores: limitadores de corriente, detectores fotónicos | Mediciones eléctricas, magnéticas, ópticas y a bajas temperaturas de superconductores y otros materiales funcionales y cuánticos",10,declaradas,Materiales superconductores | materiales fotónicos | capas delgadas | elementos ópticos integrados | fibras ópticas | baja dimensionalidad | propiedades mesoscópicas y nanoscópicas | elementos ópticos difractivos | fenómenos críticos | estados cuánticos de luz | limitadores de corrente superconductores | interferómetros ópticos,,"Sistemas de crecimiento y caracterización de capas delgadas (pulverización catódica, evaporación, etc) | Litografía óptica, iónica y de electrones | Sistemas de medida de propiedades magnéticas (que incluyen magnetometría SQUID) y de transporte eléctrico y térmico entre 0.5 y 300 K y con campos magnéticos hasta 16 Tesla | Técnicas de caracterización interferométrica de propiedades ópticas y mecánicas de materiales y objetos | Sistemas de síntesis de materiales superconductores masivos de alta y baja Tc (policristales, monocristales y texturados) | Prototipos de instrumentación basada en los superconductores (limitadores de corriente, etc) | Fabricación de micromáscaras para óptica (y optoelectrónica) integrada, y microelectrónica | Iluminación y fuentes de luz clásicas. Fuentes de luz láser, uso y seguridad. Fuentes de luz cuántica",,,https://imaisd.usc.es/grupoficha.asp?idpersoatipogrupo=75368&i=es&s=-126-328-329&v=,,grupo,{},USC_groups.csv
USC,Universidade de Santiago de Compostela,Galicia,extraido,GI-1488,"Grupo de Nanomateriales, Fotónica y Materia Blanda",NaFoMat,"VARELA CABO, LUIS MIGUEL",Departamento de Física Aplicada Departamento de Física de Partículas Web: http://www.usc.es/gnmmb/,,"Propiedades estructurales, electrónicas y magnéticas de nanomateriales | Grafeno y otros materiales bidimensionales | Nanocintas, nanohilos, puntos cuánticos | Transporte térmico y eléctrico en nanoestructuras | Líquidos iónicos en contacto con grafeno y otras superficies | Líquidos iónicos confinados en materiales porosos | Geles iónicos | Electrolitos. Diagramas de fase | Aplicación de líquidos iónicos y disolventes iónicos densos en dispositivos electroquímicos | Caracterización experimental de las propiedades de líquidos iónicos y disolventes iónicos densos | Teoría de fluidos cargados complejos | Encapsulamiento en agregados vesiculares y nanopartículas biológicamente compatibles | Propiedades ópticas de materiales avanzados | Interferometría de luz blanca resuelta espectralmente | Absorción y refracción no lineal | Nanomateriales plasmónicos",16,declaradas,"Simulación en ordenador | dinámica molecular | Monte Carlo | cálculos ab initio | potenciales semiempíricos | grafeno y otros materiales bidimensionales | nanocintas, nanohilos, puntos cuánticos | sistemas líquidos | conductividad | densidad | potencial zeta | tensión superficial | coeficiente osmótico | difusión de luz | dependencia con la temperatura | líquidos iónicos | fluidos cargado complexos | screening en medios iónicos | comportamiento de fase de disolventes iónicos densos | ionogeles | líquidos iónicos confinados | óptica no lineal | pulsos ultracortos | cristales líquidos iónicos | plasmones | interferometría | nanofotónica | espectroscopía hiperespectral | dispersión cromática | birrefringencia natural e inducida | luminiscencia",,"Programas de simulación basados en la teoría del funcional de la densidad, o que emplean diferentes modelos de potencial de interacción, adecuados para el estudio de distintos sistemas; en particular, materiales nanoestructucturados, superficies, sólidos y líquidos | Disponibilidad de medios de computación propios (Estaciones de Trabajo y Servidores de Computación) | Caracterización de partículas mesoscópicas y moléculas en suspensión | Caracterización reológica de fluidos | Caracterización térmica de fluidos (calorimetría isotérmica de titración) | Densitometría/velocimetría sónica de fluidos | Calorimetría isoterma de titración (ITC) | Interferometría convencional y de luz blanca | Refractometría | Microscopía de polarización e interferométrica | Espectroscopía de imagen",,,https://imaisd.usc.es/grupoficha.asp?idpersoatipogrupo=75370&i=es&s=-126-328-329&v=,,grupo,{},USC_groups.csv
USC,Universidade de Santiago de Compostela,Galicia,extraido,GI-1337,Grupo de Neurobiologia Molecular y Celular de la Enfermedad de Parkinson,Parkinson neurobiol,"LABANDEIRA GARCIA, JOSE LUIS",Centro de Investigación en Medicina Molecular e Enfermidades Crónicas (CIMUS) Web: http://www.usc.es/neurolab,,Celulas troncales/progenitoras como terapia celular en la enfermedad de Parkinson | Terapias neuroprotectoras en la enfermedad de Parkinson | Estudio de los mecanismos moleculares implicados en la neurodegeneracion y neuroportección de neuronas dopaminérgicas,3,declaradas,Parkinson | Celulas troncales/progenitoras | Transplantes neurales | Neuroproteccion | Ganglios basales | Estres oxidativo | Sistemas antioxidantes,,Inmunohistioquímica | Hibridación 'in situ' | Cultivos celulares | Comportamiento animal | Estereotaxia | implantes neuronales | Western blot | PCR en tiempo real | Microiseeccion tisular/celular por laser,,,https://imaisd.usc.es/grupoficha.asp?idpersoatipogrupo=75207&i=es&s=-126-328-329&v=,,grupo,"{""telefono"": ""981-563100 ext.12223""}",USC_groups.csv
USC,Universidade de Santiago de Compostela,Galicia,extraido,GI-2097,Grupo de Neuroquímica del Parkinson,NEUROQUIPARK,"SOTO OTERO, RAMON",Departamento de Bioquímica e Bioloxía Molecular,,Estudio de mecanismos moleculares de destrucción de neuronas dopaminérgicas y neuroprotección | Estudio sobre la capacidad de la cadena de transporte electrónico mitocondrial para generar estrés oxidarivo cerebral | Desarrollo de nuevos fármacos para el tratamiento farmacológico de la enfermedad de Parkinson con propiedades neuroprotectoras | Estudio de la capacidad de los metales para generar estrés oxidativo y promover procesos neurodegenerativos,4,declaradas,Parkinson | neurodegeneración dopaminérgica | neuroprotección | estrés oxidativo | radicales libres | respiración mitocondrial | monoamino oxidasa | antioxidantes | metales,,Determinación de índices de estrés oxidativo cerebral: peroxidación lipídica y estado oxidativo de proteínas | Monitorización de la producción de especies oxigenadas altamente reactivas (hROS) | Monitorización de la respiración mitocondrial y de la actividad individual de cada uno de los complejos de la cadena de transporte electrónico mitocondrial | Monitorización de la actividad de los principales sistemas enzimáticos de defensa antioxidante cerebral | Monitorización de la actividad de la monoamino oxidasa cerebral (MAO-A y MAO-B): cinética de inhibición | Aislamiento y purificación de mitocondrias cerebrales,,,https://imaisd.usc.es/grupoficha.asp?idpersoatipogrupo=199044&i=es&s=-126-328-329&v=,,grupo,{},USC_groups.csv
USC,Universidade de Santiago de Compostela,Galicia,extraido,GI-1828,"Grupo de Química Analítica, Automatización, Simplificación, Medios Biológicos y Medioambiente",QAnaliticaUSC,"YEBRA BIURRUN, MARIA DEL CARMEN","Departamento de Química Analítica, Nutrición e Bromatoloxía",,"Análisis por inyección en flujo (FIA): automatización y miniaturización del proceso analítico | Técnicas continuas de separación no cromatográficas | Desarrollo de metodologías analíticas automáticas para la determinación de metales por técnicas espectroscópicas en muestras medioambientales y en alimentos | Desarrollo de metodologías analíticas automáticas para la determinación indirecta de compuestos orgánicos y aniones por técnicas espectroscópicas en muestras medioambientales y en alimentos | Gestión integral de la calidad, medio ambiente y prevención de riesgos laborales | Desarrollo de métodos gráficos para el estudio deductivo de los equilibrios químicos en disolución utilizando herramientas informáticas | Metodología multimedia aplicada a la enseñanza de la Química Analítica mediante formación presencial con autoaprendizaje tutorizado | Investigación en didáctica de la Química Analítica",8,declaradas,FIA | automatización | miniaturización | trazas metálicas | aniones | compuestos orgánicos | alimentos | muestras medioambientales | espectroscopía | calidad | medio ambiente | prevención de riesgos laborales | higiene analítica | didáctica de la Química Analítica,,Determinación de metales en: - alimentos - aguas - medios biológicos - suelos - muestras de aire (higiene laboral),,,https://imaisd.usc.es/grupoficha.asp?idpersoatipogrupo=78706&i=es&s=-126-328-329&v=,,grupo,{},USC_groups.csv
USC,Universidade de Santiago de Compostela,Galicia,extraido,GI-1636,Grupo de Sistemas Inteligentes,Grupo GSI,"BUGARIN DIZ, ALBERTO JOSE",Centro de Investigación en Tecnoloxías Intelixentes (CITIUS) Web: https://investigacion.usc.gal/grupos/4637/detalle,,"Aprendizaje automático: modelos de clasificación, regresión, ranking y optimización, modelos descriptivos y predictivos interpretables, minería de procesos, minería de datos y minería de textos, aprendizaje automático confiable | Tecnologías del lenguaje natural: Procesado y generación de lenguaje natural, Sistemas Data-To-Text, Tecnologías del lenguaje natural sobre Big Data, grandes modelos de lengua, validación humana y automatizaca, PLN confiable | Inteligencia Artificial Explicable y confiable: generación automática de explicaciones de modelos de IA en lenguaje natural, aprendizaje automático explicable, representación del conocimiento y razonamiento aproximados | E-Salud: Procesado inteligente de señal, abstracción y minería temporal de datos fisiológicos, mejora de la adherencia terapéutica | Robótica personal: técnicas de adaptación y aprendizaje continuo. Creación de mapas y localización en interiores a partir de datos multisensoriales. Interfaces avanzadas | Visión por Computador: detección y tracking mediante aprendizaje profundo | Interacción inteligente y natural persona-máquina, Tecnología persuasiva basada en IA para la sostenibilidad social | Recuperación de Información: Minería de datos en la Web, Predicción temprana de Riesgos en Internet | Inteligencia Computacional: Modelos y software para representación del conocimiento y razonamiento aproximado, computación neuronal, computación evolutiva, modelos híbridos",9,declaradas,Inteligencia Artificial | Inteligencia Artificial Explicable | Intelixencia Artificial Confiable | Aprendizaje automático | Aprendizaje profundo | Minería de datos | monitorización inteligente | robots autónomos | computación flexible | e-salud | sistemas basados en conocimiento | tecnologías del lenguaje | recuperación de información | visión por computador,,"Inteligencia Artificial Explicable y confiable: aspectos éticos, legales, socio-económicos, culturales y de género de la IA | Aprendizaje automático, minería de datos y análisis inteligente de datos | Tecnologías del lenguaje | Inteligencia artificial y E-Salud | Inteligencia Computacional | Robótica personal | Visión por computador | Recuperación de Información | Interacción inteligente y natural persona-máquina",,,https://imaisd.usc.es/grupoficha.asp?idpersoatipogrupo=75525&i=es&s=-126-328-329&v=,,grupo,{},USC_groups.csv
USC,Universidade de Santiago de Compostela,Galicia,extraido,GI-2037,Grupo de análisis jurídico-económico,ECO-IURIS,"LOUREIRO GARCIA, MARIA LUZ",Departamento de Dereito Común Departamento de Fundamentos da Análise Económica Departamento de Economía cuantitativa Departamento de Economía Aplicada Instituto Instituto de Estudos e Desenvolvemento de Galicia (IDEGA) Web: https://www.eiresearch.org,,"Daños y responsabilidad medioambiental | Derecho antidiscriminatorio | Derecho civil gallego | Economía ambiental (valoración de los activos ambientals, análisis de políticas de incentivos, estudios metodológicos de valoración) | Economía de la energía (análisis del impacto externo, análisis del ciclo de la vida) | Economía de los recursos naturales (recursos agrarios, pesqueros y forestales) | Economía de la salud y derecho sanitario | Seguros y responsabilidad civil | Integración europea e globalización | Economía de los recursos no renovables | Análisis de productividad y eficiencia | Economía experimental",12,declaradas,"derecho civil, daños ambientales y responsabilidad ambiental, diseño planes de gestión,valoración activos medio ambientales,evaluación de políticas medio-ambientales ,mercados de la energía y externalidades,estudio de métodos de valoración,gestión forestal",,"Asesoría jurídico económica | Análisis del impacto medio-ambiental asociado con nuevas políticas, enerxías, infraestructuras y accidentes medio-ambientales | Difusión de tales resultados bien a nive local, nacional o internacional a traves de revistas especializadas en el campo de estudio | Realización de actividades docentes y formativas (cursos de verano, talleres y seminarios) | Informes de expertos, peritajes y dictámenes en las líneas de investigación del grupo",,,https://imaisd.usc.es/grupoficha.asp?idpersoatipogrupo=154984&i=es&s=-126-328-329&v=,,grupo,{},USC_groups.csv
USC,Universidade de Santiago de Compostela,Galicia,extraido,GI-1243,Grupo de estudios medioambientales aplicados al patrimonio natural y cultural,GEMAP,"PRIETO LAMAS, BEATRIZ LORETO",Departamento de Edafoloxía e Química Agrícola Departamento de Xeografía Departamento de Didácticas Aplicadas,,"Biodeterioro y biorreceptividad de rocas graníticas | Procesos de alteración y metodologías para la conservación do patrimoni | Patrimonio natural y cultural: monitorización bioclimática y cambio climático | Desarrollo de metodologías no destructivas para el estudio del Patrimonio | Vegetación y recursos fitogenéticos. Análisis y puesta en valor | Suelos de ambientes fríos | Biogeoquímica de suelos y humedales | Paleoambiente, paleoclimatología , paleovegetación y antropización | Estudio, conservación y gestión de humedales | Ciencia del Suelo, educación superior y comunidad universitaria | Contaminación de suelos y sedimentos | Evaluación de riesgos de la pintura mural gallega | Geomorfología litoral: evolución y herencia de depósitos cuaternarios en la costa | Cambio ambiental en el Holoceno: clima y actividad antrópica | Geoarqueología | Aplicación de las Ciencias de la Tierra a la arqueología | Geomorfología y Patrimonio: Patrimonio natural/cultural",17,declaradas,"Rocas | granito | meteorización | patrimonio cultural, patrimonio natural | conservación del patrimonio | monumentos | biodeterioro | biorreceptividad | colonización biológica | líquenes | morteros antiguos | pinturas murales | paleoambiente | cambio global | geoquímica | biogeoquímica | edafología | paloambiente | paleoclimatología | paleovegetación | macrorrestos vegetales | microclimatología | humedales | recursos naturales | calidad de aguas | contaminación atmosférica | contaminación de sedimentos | compostaje | residuos | botánica | flora | vegetación | geomorfología costera | geomorfología | costas rocosas | Holoceno",,"Caracterización de rocas: análisis petrográfico-mineralógico, químico y físico (sistema poroso, propiedades hídricas y mecánicas,etc) | Caracterización de morteros antiguos (dosificación, composición, estado de conservación) | Estudio de la colonización biológica y sus efectos sobre los monumentos | Estudio de pinturas murales (estratigrafías, análisis de pigmentos, estado de conservación). Evaluación de riesgos | Estudio integral del estado de conservación de un monumento. Recomendaciones de actuación | Asesoría y ensayos de tratamientos de la piedra (limpieza, desinfección, hidrofugación, consolidación) | Estudios microclimáticos aplicados a la conservación de monumentos | Análisis de suelos, sedimentos, residuos, plantas y aguas | Análisis de metales y elementos traza | Asesoramiento medioambiental y evaluación de recursos naturales (clima ,suelo, agua, paisaje) | Asesoramiento en intervenciones arqueológicas | Inventario y cartografía de suelos | Formación en ciencia del suelo",,,https://imaisd.usc.es/grupoficha.asp?idpersoatipogrupo=75112&i=es&s=-126-328-329&v=,,grupo,{},USC_groups.csv
USC,Universidade de Santiago de Compostela,Galicia,extraido,GI-1439,Grupo de investigación Stellae,Stellae,"MARTINEZ PIÑEIRO, MARIA ESTHER",Departamento de Pedagoxía e Didáctica Web: http://stellae.usc.es,,"1. Tecnología Educativa: Integración de las tecnologías en las instituciones educativas. Competencia digital. Redes sociales en la enseñanza, y-learning y aprendizaje autorregulada. Repositorios digitales de materiales para la enseñanza. Recursos Educativos Abiertos (REA). Pensamiento computacional y aprendizaje de la programación. Learning analytics. Recursos educativos y materiales didácticos en diversos contextos institucionales: escolares, municipales, etc. y para diversos niveles: infantil, primaria, secundaria, universidad, personas mayores. Videojuegos en la enseñanza: juegos serios y gamificación. Smart cities y trabajo comunitario. Libros de texto (analógicos y digitales) | 2. Formación y desarrollo profesional del profesorado de diferentes niveles educativos (infantil, primaria, secundaria y universidad). La etapa de iniciación y el desarrollo profesional del profesorado novel. Análisis de necesidades de formación. La preparación de los profesores/as para contextos multiculturales. Reformas educativas, formación y profesionalización docente. Didáctica universitaria. Desarrollo profesional y nuevas tecnologías. Formación y desarrollo profesional del profesorado de educación física y el deporte. Creencias y conocimiento profesional del profesorado. El papel del maestro o maestra durante lo juego y el empleo de modelos pedagógicos en la organización y gestión de las aulas de infantil. Observación y análisis de prácticas educativas de calidad en el primero y segundo ciclo de educación infantil. La formación del profesorado de educación infantil del primero y segundo ciclo | 3. Inclusión socioeducativa y contextos rurales. Brecha digital. Brecha digital de género. Identidad de género y contornos digitales. Abandono escolar e inclusión socioeducativa. Intervención orientativa para la atención a la diversidad educativa y socio-profesional. Estrategias y recursos educativos para la inclusión educativa | 4. Diagnóstico, Evaluación y Orientación Educativa y Profesional: Análisis de necesidades orientativas. Desarrollo y evaluación de competencias de gestión de la carrera. Intervención orientativa y tutorial. Evaluación de servicios y programas de orientación. Diseño y evaluación de recursos y materiales para la orientación de la carrera. E-orientación. Desarrollo profesional de orientadores/as",4,declaradas,"Formación del profesorado | desarrollo profesional | nuevas tecnologías | materiales y recursos didácticos | formadores | liderazgo | dirección de centros | orientación educativa, educación infantil | educación rural",,"Apoyo a profesores en el diseño y utilización de materiales y recursos multimedia | Asesoramiento en estrategias y técnicas de desarrollo profesional de los profesores | Formación de formadores. Diseño de propuestas de formación e-learning. Diseño pedagógico de videojuegos | Asesoramiento para el diseño, desarrollo y evaluación de programas educativos y de orientación profesional. Diagnóstico y orientación de competencias de gestión de carrera en el ámbito educativo y profesional",,,https://imaisd.usc.es/grupoficha.asp?idpersoatipogrupo=75315&i=es&s=-126-328-329&v=,,grupo,{},USC_groups.csv
USC,Universidade de Santiago de Compostela,Galicia,extraido,GI-1455,Grupo de investigación en Cognición Humana,GRCH,"LEIROS LOBEIRAS, LUZ ISABEL","Departamento de Psicoloxía Social, Básica e Metodoloxía Web: https://sites.google.com/site/galexpsychology/",,Psícofísica visual | Atención y conciencia visual | Neuropsicología clínica | Trastornos de la Alimentación | Anorexia nerviosa e hiperactividad,5,declaradas,Psicofísica | Atención visual | Conciencia | Anorexía nerviosa | hiperactividad | Modelos animales en psicología clínica,,Desarrollo de Software para investigación en cognición humana | Desarrollo de tratamientos para la Anorexia Nerviosa | Unidad I+D de Investigación y tratamiento de trastornos psicológicos (Unidad Venres Clínicos USC),,,https://imaisd.usc.es/grupoficha.asp?idpersoatipogrupo=75332&i=es&s=-126-328-329&v=,,grupo,{},USC_groups.csv
USC,Universidade de Santiago de Compostela,Galicia,extraido,GI-2061,Grupo de investigación en fraseología y paremiología,FRASEONET,"GONZALEZ REY, MARIA ISABEL","Departamento de Filoloxía Clásica, Francesa e Italiana Web: http://www.phraseonet.com",,"Estudios teóricos de la fraseología y de la paremiología. Creación de córpora de frases hechas en lenguas nacionales (gallego, español, etc.) y extranjeras (francés, italiano, etc.). Clasificación y tratamiento lexicográfico de las frases hechas. Didáctica de las expresiones hechas en lenguas extranjeras. Estudios contrastivos del sistema fraseológico y paremiológico de las lenguas. Creación de un atlas en fraseología y paremiología europea. Identificación del mínimo fraseológico y paremiológico en las lenguas. Estudios etnolingüísticos e interculturales de la fraseología y paremiología",1,declaradas,fraseología | paremiología | fraseografía | paremiografía | estudios contrastivas | estudios etnolingüísticos e interculturales | estudios textuales | fraseología técnica | fraseodidáctica | atlas lingüístico | el mínimo paremiológico/fraseológico,,Elaboración de materia didáctico para la enseñanza de las expresiones fijas en lenguas extranjeras (hasta el nivel C2 del Marco Europeo Común de Referencia). Apoyo para mejorar la competencia comprensiva y expresiva de los hablantes. Preservación del patrimonio lingüístico y cultural. Creación de un centro de recursos en línea para a investigación en fraseología y paremiología,,,https://imaisd.usc.es/grupoficha.asp?idpersoatipogrupo=169522&i=es&s=-126-328-329&v=,,grupo,{},USC_groups.csv
USC,Universidade de Santiago de Compostela,Galicia,extraido,GI-2146,Grupo de investigación en salud mental y psicopatología,GRISAMP,"VAZQUEZ GONZALEZ, FERNANDO LINO","Departamento de Psiquiatría, Radioloxía, Saúde Pública, Enfermaría e Medicina",,"Investigación traslacional en trastornos depresivos | Intervenciones terapéuticas y preventivas de los problemas de salud mental | Perspectiva de género y salud mental: Prevalencia, factores de riesgo y repercusiones psicológicas de la violencia de género | Eficacia, eficiencia y coste-efectividad de las intervenciones terapéuticas y preventivas en salud mental | Salud mental en cuidadores de personas dependientes | Factores neurobiológicos y psicosociales del trastorno mental grave | Tratamiento y prevención de los problemas de salud mental en enfermedades médicas crónicas | Teleasistencia en el tratamiento y prevención de la patología depresiva | Salud mental positiva y envejecimiento activo | Instrumentos de cribado de la patología psiquiátrica | Aplicación de las nuevas tecnologías en el tratamiento y prevención de la patología psiquiátrica | Factores de riesgo y de protección en salud mental",12,declaradas,Salud mental | Psicopatología | Trastornos depresivos | Teleasistencia | Perspectiva de Género | Evaluación | Prevención y tratamiento,,"EBT-Spin-off de la Usc ""Xuntos Atención Psicolóxica y Psiquiátrica"" | Identificación de grupos de riesgo en salud mental. Diseño y aplicación de protocolos terapéuticos y preventivos en grupos específicos",,,https://imaisd.usc.es/grupoficha.asp?idpersoatipogrupo=226384&i=es&s=-126-328-329&v=,,grupo,{},USC_groups.csv
USC,Universidade de Santiago de Compostela,Galicia,extraido,GI-1233,Grupo de investigacións biomédicas,GIBIOMED,"DIEGUEZ GONZALEZ, CARLOS",Centro de Investigación en Medicina Molecular e Enfermidades Crónicas (CIMUS) Web: https://www.usc.es/cimus/,,obesidad | Proliferación y muerte celular,2,declaradas,obesidad crecimiento biotecnología ciclo celular cáncer estrés celular,,Fenotipado metabólico,,,https://imaisd.usc.es/grupoficha.asp?idpersoatipogrupo=75101&i=es&s=-126-328-329&v=,,grupo,"{""telefono"": ""981-563100 ext.12258""}",USC_groups.csv
USC,Universidade de Santiago de Compostela,Galicia,extraido,GI-2116,Gráficos por computador e ingeniería de datos,COGRADE,"COTOS YÁÑEZ, JOSÉ MANUEL",Departamento de Electrónica e Computación Web: https://cograde.es,,Ingeniería de Datos Espaciales Computación Grafica e Interfaces Multimodales Sistemas de Información Geográfica Teledetección Ingeniería Web | Ingeniería de Software,2,declaradas,Computación Gráfica | Ingeniería de datos | Sistemas de Información Geográfica (GIS) | Teledetección | Sistemas de Información,,Desarrollo de Aplicaciones Informáticas en los ámbitos de las líneas de investigación,,,https://imaisd.usc.es/grupoficha.asp?idpersoatipogrupo=202048&i=es&s=-126-328-329&v=,,grupo,{},USC_groups.csv
USC,Universidade de Santiago de Compostela,Galicia,extraido,GI-1426,Hermenéutica Filosófica e Historia de la Filosofía,Hermenéutica,"AGIS VILLAVERDE, MARCELINO",Departamento de Filosofía e Antropoloxía,,Filosofía contemporánea | Hermenéutica Filosófica | Filosofía y vida cotidiana | Filosofía y Literatura | Hermenéutica Medieval,5,declaradas,Hermenéutica | filosofía contemporánea | filosofía y literatura | hermenéutica medieval,,crítica filosófica y literaria | Análisis de la vida cotidiana | Interpretación de textos filosóficos,,,https://imaisd.usc.es/grupoficha.asp?idpersoatipogrupo=75302&i=es&s=-126-328-329&v=,,grupo,{},USC_groups.csv
USC,Universidade de Santiago de Compostela,Galicia,extraido,GI-1628,"Higiene, Inspección y Control de Alimentos",LHICA-USC,"CEPEDA SAEZ, ALBERTO","Departamento de Química Analítica, Nutrición e Bromatoloxía",,"Estudio de nuevos s inhibidores naturais en alimentos | Envasado de atmósferas modificadas | Reología de productos alimentarios | Tipificación de quesos gallegos | Desarrollo de Técnicas de Bioloxía Molecular (PCR) para el control de analitos en alimentos | Determinación de residuos de medicamentos de uso veterinario enalimentos de origen animal (GC-MS / MS e HPLC-MS) | Sistema APPCC aplicado a industrias agroalimentarias | Detección e control de campylobacter en alimentos por técnicas moleculares | Trazabilidad alimentaria en industrias alimentarias de origen animal | Certificación de los alimentos de origen animal | Utilización de transglutaminasa, pectinas y otros aditivos en tecnología de productos pesqueros y cárnicos | Nuevas aplicaciones de altas presiones en la industria alimentaria",12,declaradas,"Sanidad alimentaria | reología | análisis sensorial | residuos en carne, leche y derivados",,"Control de calidad en alimentos de origen animal (físco-químicos, microbilógicos, reología e análisis sensorial): Sector cárnico y lácteo | Control de residuos de medicamentos de uso veterinario en alimentos de origen animal | Asesoramiento en nutrición humana (en obesidad y en el deporte) | Asesoramiento en higiene alimentaria. Aplicación del sistema de análisis de riesgos e identificación y control de puntos críticos. Bioluminiscencia | Desarrollo de clusters | Autenticidad de alimentos de origen animal y piensos | Estudios de viabilidad técnica de nuevos alimentos",,,https://imaisd.usc.es/grupoficha.asp?idpersoatipogrupo=75517&i=es&s=-126-328-329&v=,,grupo,{},USC_groups.csv
USC,Universidade de Santiago de Compostela,Galicia,extraido,GI-1333,Histología,,"GALLEGO GOMEZ, MARIA ROSALIA",Departamento de Ciencias Morfolóxicas,,Célula de Merkel y tumores de Merkel | Localización celular de receptores hormonales | Histofisiología de la adenohipófisis,3,declaradas,Célula de Merkel | receptores hormonales | sistema neuroendocrino difuso | inmunohistoquímica | inmunofluorescencia | hibridación in situ | microscopía electrónica | inmunocitoquímica ultraestructural,,Inmunohistoquímica | Inmunofluorescencia | Hibridación in situ y FISH | Microscopía electrónica | Inmunocitoquímica ultraestructural,,,https://imaisd.usc.es/grupoficha.asp?idpersoatipogrupo=75203&i=es&s=-126-328-329&v=,,grupo,{},USC_groups.csv
USC,Universidade de Santiago de Compostela,Galicia,extraido,GI-1921,Historia Moderna,,"DUBERT GARCIA, ISIDRO",Departamento de Historia Web: http://www.usc.es/hmoderna/,,Historia de la Población | Historia rural | Historia urbana | Historia social | Historia de la Cultura | Historia política,6,declaradas,Historia Moderna | demografía | población | cultura | sociedad | política | instituciones | economía,,"Información para estudios comparados sobre procesos e cambios demográficos, económicos e sociais. Información para estudios sobre procesos de formación de identidades culturais. Estudios sobre formas de exercicio do poder. Información e asesoramento sobre patrimonio histórico-cultural",,,https://imaisd.usc.es/grupoficha.asp?idpersoatipogrupo=137328&i=es&s=-126-328-329&v=,,grupo,{},USC_groups.csv
USC,Universidade de Santiago de Compostela,Galicia,extraido,GI-1657,Historia agraria y política del mundo rural. Siglos XIX y XX,HISTAGRA,"FERNANDEZ PRIETO, LOURENZO",Departamento de Historia Web: http://histagra.usc.es,,"Historia de las sociedades campesinas contemporáneas . Paisajes, agroecología | Tranformaciones en la agricultura atlántica de pequeña explotación: propiedad, política agraria y medio ambiente | Cambio tecnológico y sistemas de innovación: Agricultura orgánica, revolución verde y sustentabilidad | Propiedad comunal, política forestal contemporánea y procesos de despoblción en Galicia | Construcción de la ciudadanía y democratización en el mundo rural contemporáneo | El mundo rural en el período franquista: política, economía y cambio social | Historia y memoria del siglo XX. Políticas de la memoria | Clientelismo politico, liberalismo y democracia | Instituciones locales",9,declaradas,sociedad rural | políticas de la memoria | paisajes atlánticos | ciudadanía | cambio tecnológico | política forestal | medioambiente | comunes y comunidades | agroecología | clientelismo político | franquismo | siglos XIX y XX,,"Bases de datos: nomesevoces.org, sociedades agrarias, violencia | Fondo Oral: nomesevoces.org, terraememoria.usc.gal | ondos Documentales: nomesevoces.org; Fondo DOAME (AHUS-USC) | Elaboración de bases de datos de prosopografía | Asesoría a instituciones locales y estudios de recuperación de la memoria local y asociativa | Asesoramiento en patrimonio documental, bibliográfico y hemerográfico en el mundo rural contemporáneo | Orientación para la recuperación y manejo sostenible de cultivos y formas de producción tradicionales | Estudios de patrimonio rural agroecológico",,,https://imaisd.usc.es/grupoficha.asp?idpersoatipogrupo=75551&i=es&s=-126-328-329&v=,,grupo,"{""telefono"": ""981-563100 ext.12578""}",USC_groups.csv
USC,Universidade de Santiago de Compostela,Galicia,extraido,GI-1661,Historia de América,HistAmérica,"REY TRISTAN, EDUARDO",Departamento de Historia Web: http://histamerica.usc.gal/es,,"Línea de investigación A (L.i.A): Movilidades trasatlánticas: migraciones, diplomacia y cultura | Línea de investigación B (L.i.B): Política, violencia y movilización | Línea de investigación C (L.i.C): Culturas y Literaturas",3,declaradas,América | migraciones | relaciones culturales | política | violencia | movilización | sociabilidad,,"Repertorios Bibliográficos sobre América | Fuentes orales para el estudio de los movimientos migratorios | Asesoramiento en patrimonio documental, bibliográfico y hemerográfico en temática americanista",,,https://imaisd.usc.es/grupoficha.asp?idpersoatipogrupo=75555&i=es&s=-126-328-329&v=,,grupo,{},USC_groups.csv
USC,Universidade de Santiago de Compostela,Galicia,extraido,GI-2063,Historia de la Administración de Justicia,HISJUSC,"ORTEGO GIL, PEDRO",Departamento de Dereito Público Especial e da Empresa,,Historia del Derecho procesal. Historia del Derecho criminal. Arbitrio judicial en la Edad Moderna. Instituciones judiciales contemporáneas,1,declaradas,Proceso judicial. Penas. Delitos. Arbitrio judicial. Administración de justicia,,Investigación histórico-jurídica,,,https://imaisd.usc.es/grupoficha.asp?idpersoatipogrupo=169994&i=es&s=-126-328-329&v=,,grupo,{},USC_groups.csv
USC,Universidade de Santiago de Compostela,Galicia,extraido,GI-1928,Historia política y de los nacionalismos,HISPONA,"NUÑEZ SEIJAS, XOSE MANOEL",Departamento de Historia Web: https://hispona.org,,"Nacionalismos y procesos de nacionalización en Galicia y España | Historia social y cultural de la guerra y la violencia en España y Europa, siglo XX | Guerra Civil y primer franquismo. Conflicto, violencia y represión | Políticas de la memoria en el siglo XX | Migraciones y cambio social en Galicia y en España | Partidos, ideologías y dinámicas sociopolíticas en Galicia y España | Historiografía y nacionalismo, siglos XIX y XX | Las dictaduras de Franco y Salazar. Análisis comparado y relaciones",8,declaradas,Ideologías | partidos | sistemas políticos | nacionalismos | nacionalización | Guerra Civil | Dictadura de Franco | represión | historia cultural | migraciones | fascismo,,Base de datos de la prensa gallega. 1800-2000 | Asesoramiento sobre antecedentes de sistemas políticos y movimientos políticos y sindicales | Asesoramiento en actividades conmemorativas de entidades públicas y privadas,,,https://imaisd.usc.es/grupoficha.asp?idpersoatipogrupo=137685&i=es&s=-126-328-329&v=,,grupo,{},USC_groups.csv
USC,Universidade de Santiago de Compostela,Galicia,extraido,GI-1920,Humboldt,,"MILLET SCHRODER, VICTOR",Departamento de Filoloxía Inglesa e Alemá Web: http://tv.usc.es/mmobj/index/id/4044,,,0,nombre,lexicología contrastiva | lexicografía | generación automática de lenguaje | literatura medieval | poesía medieval | narrativa breve medieval | novela medieval | edición dixital de textos | lingüística del texto | lingüística contrastiva | valencias verbales | sintaxis alemana | lingüística de corpus,,"Lingüística alemana sincrónica y diacrónica | Herramientas lexicológicas multilingües | Literatura alemana en el contexto europeo | Géneros, formas y tipos textuales | Etiquetado XML/TEI de textos | Lingüística de corpus",,,https://imaisd.usc.es/grupoficha.asp?idpersoatipogrupo=193198&i=es&s=-126-328-329&v=,,grupo,{},USC_groups.csv
USC,Universidade de Santiago de Compostela,Galicia,extraido,GI-1606,I+D de fármacos,GI-1606,"CORREIA PINTO CARVALHO DE MATOS, MARIA JOAO",Departamento de Química Orgánica,,"Diseño, síntesis y caracterización de moléculas útiles en el tratamiento de enfermedades relacionadas con el envejecimiento (neurodegenerativas y cardiovasculares) | Liberación de fármacos al sistema nervioso central: obtención de bioconjugados | Relación estructura-actividad (REA) y optimización de propiedades farmacocinéticas de moléculas con potencial actividad farmacológica",3,declaradas,Diseño de moléculas bioactivas | síntesis orgánica | compuestos con actividad frente a diferentes dianas farmacológicas | compuestos multidiana | compuestos híbridos | QSAR | Docking,,Diseño de estrategias sintéticas complejas | Exploración sistemática de la relación estructura-actividad (REA) | Diseño de medicamentos asistido por plataformas virtuales: QSAR and Docking | Optimización de esqueletos químicos y síntesis orgánica avanzada,,,https://imaisd.usc.es/grupoficha.asp?idpersoatipogrupo=75494&i=es&s=-126-328-329&v=,,grupo,{},USC_groups.csv
USC,Universidade de Santiago de Compostela,Galicia,extraido,GI-1645,I+D en formas de dosificación y sistemas de liberación de medicamentos,ID-FARMA,"ALVAREZ LORENZO, CARMEN ISABEL","Departamento de Farmacoloxía, Farmacia e Tecnoloxía Farmacéutica Web: https://www.idfarmausc.es/",,"Evaluación de propiedades mecánicas, microestruturales y de cesión de comprimidos y pelets | Caracterización físico-química y funcional de excipientes | Evaluación de propiedades reológicas de sistemas de interés farmacéutico | Diseño de hidrogeles sensibles a estímulos y con reconocimiento molecular como sistemas de liberación de fármacos | Agregados polímero-tensoactivo y micelas poliméricas como portadores de fármacos | Diseño y evaluación de sistemas poliméricos matriciales y multiparticulares de liberación controlada de medicamentos | Complejos de inclusión con ciclodextrinas: preparación y caracterización propiedades y aplicaciones",7,declaradas,Desarrollo galénico | medicamentos genéricos | cesión controlada | comprimidos | pellets | excipientes | hidrogeles | solubilización de fármacos | formas de dosificación de medicamentos,,"Asesoramiento a la industria farmacéutica en investigación y desarrollo de formas de dosificación de medicamentos | Desarrollo galénico de formas de dosificación convencionales y de liberación controlada de nuevos fármacos y de medicamentos genéricos | Caracterización físico-química y funcional de fármacos y excipientes farmacéuticos | Estudios de estabilidad de fármacos y de formas de dosificación de medicamentos | Resolución de problemas de solubilidad, de estabilidad y de biodisponibilidad de fármacos mediante su complejación con ciclodextrinas",,,https://imaisd.usc.es/grupoficha.asp?idpersoatipogrupo=75536&i=es&s=-126-328-329&v=,,grupo,{},USC_groups.csv
USC,Universidade de Santiago de Compostela,Galicia,extraido,GI-1156,Impuestos y gasto público,Temas fiscales,"NIETO MONTERO, JUAN JOSE",Departamento de Dereito Público Especial e da Empresa,,El tributo | Procedimientos tributarios | Sistema tributario español | Gasto público: el presupuesto | Derecho tributario internacional y comunitario,5,declaradas,Tributo | impuesto | derecho presupuestario | procedimiento tributarios | derecho tributario europeo | derecho tributario internacional | fiscalidad de la empresa,,Elaboración de informes y dictámenes tributarios | Asesoría jurídica en materia tributaria | Asesoría de entes públicos en materia de política fiscal,,,https://imaisd.usc.es/grupoficha.asp?idpersoatipogrupo=75022&i=es&s=-126-328-329&v=,,grupo,{},USC_groups.csv
USC,Universidade de Santiago de Compostela,Galicia,extraido,GI-1563,Ingeniería matemática,Ingeniería matemat.,"SALGADO RODRIGUEZ, MARIA DEL PILAR",Departamento de Matemática Aplicada Web: https://ingmat.usc.gal/,,"1) Simulación numérica y optimización de dispositivos y procesos industriales, incluyendo: modelado matemático en términos de ecuaciones diferenciales estudio y desarrollo de técnicas numéricas (elementos finitos, volúmenes finitos, elementos de contorno, métodos de orden reducido, etc.) optimización y control | desarrollo de algoritmos y paquetes de software. 2) Análisis matemático y numérico de sistemas de ecuaciones diferenciales parciales. 3) Campos de aplicación: acústica, baterías, biomatemática, ecuaciones cinéticas, electromagnetismo, fluido-estructura, mecánica de fluidos, mecánica de sólidos, metalurgia, transferencia de calor etc",2,declaradas,Ecuaciones en derivadas parciales | métodos numéricos | elementos finitos | simulación numérica,,1) Ingeniería asistida por ordenador (CAE) con software propio y comercial. 2) Simulación y optimización de procesos en diversas áreas de la ciencia y la ingeniería: acústica; baterías; biomatemáticas; ecuaciones cinéticas; electromagnetismo; fluido-estructura; mecánica de fluidos; mecánica de los sólidos; metalurgía; transferencia de calor,,,https://imaisd.usc.es/grupoficha.asp?idpersoatipogrupo=75451&i=es&s=-126-328-329&v=,,grupo,{},USC_groups.csv
USC,Universidade de Santiago de Compostela,Galicia,extraido,GI-2058,Ingeniería y gestión de procesos y productos sostenibles,PRODES,"FERNANDEZ CARRASCO, EUGENIO",Departamento de Enxeñaría Química Web: https://investigacion.usc.gal/grupos/4747/detalle,,"Desarrollo e integración de herramientas de evaluación ambiental (Huella Ecológica, ACV, ERA, AFME, etc) aplicando metodologías de análisis multicriterio | Estudios y análisis de procesos de transición energética mediante indicadores de sostenibilidad y metodologías de decisión multicriterio | Modelización, simulación y control de procesos biotecnológicos | Desarrollo e Innovación de Tecnologías y Sistemas Autosostenible de Redes de Energía Distribuida Basados en Combustibles de Cero Carbono | Cargas e impactos ambientales de procesos y productos | Desarrollo de procesos y productos sostenibles (Ecodiseño) | Integración de Sistemas Power to X Industriales basados en H2 de Carbono Cero | Desarrollo de modelos de distribución, acumulación y exposición de contaminantes. Modelización de escenarios para evaluación de riesgo ambiental | Análisis de riesgos ambientais por contaminantes prioritarios en gestión de recursos y residuos y asociados a productos",9,declaradas,Análisis de Riesgo Ambiental | Huella Ecológica | Huella de Carbono | ACV | Análisis Multicriterio | Modelización Ambiental | Sostenibilidad | Ecodiseño | Recursos | Co-combustibles | Energía Verde,,"Investigación en ingeniería de procesos sostenibles y en ecodiseño de productos. Así mismo su actividad se enfoca hacia los servicios de gestión ambiental y sostenibilidad. La actividad se dirige y tiene interés tanto para diversos sectores productivos (industrial, agropecuario, etc.) como para Consultoría Ambiental y la Administración Ambiental | Evaluación Ambiental de procesos productivos considerando las Mejores Técnicas Disponibles (MTB) | Determinación de la Huella Ecológica e o ACV de empresas y procesos | Evaluación de riesgo ambiental y ocupacional derivado de actividades productivas (Responsabilidad Medioambiental)",,,https://imaisd.usc.es/grupoficha.asp?idpersoatipogrupo=164052&i=es&s=-126-328-329&v=,,grupo,{},USC_groups.csv
USC,Universidade de Santiago de Compostela,Galicia,extraido,GI-2155,Inhibidores Enzimáticos y Herramientas Químicas en Biología,INCTB,"GONZALEZ BELLO, CONCEPCION",Centro de Investigación en Química Biolóxica e Materiais Moleculares (CIQUS) Web: http://www.usc.es/ciqus/en/groups/gonzalezbello,,"Desarrollo de nuevos agentes antimicrobianos con un nuevo mecanismo de acción para el tratamiento de las infecciones bacterianas resistentes | Estudios computacionales de la catálisis enzimática y el reconocimiento molecular como base del diseño de ligandos: Dinámica Molecular, QM/MM | Agentes de Reconocimiento de ADN, Sensores y Dispositivos Moleculares | Herramientas químicas para estudiar las mitocondrias | Desarrollo de ""IC-tagging"" para la elaboración de vacunas subunitarias",5,declaradas,"Inhibidores enzimáticos, Catálisis enzimática, Docking y Dinámica Molecular, Fluorescencia, Péptidos, Helicatos, Sensores y Dispositivos Moleculares, patogénesis molecular, viroplasmas, ""armas"" moleculares, herramientas para la elaboración de vacunas, herramientas para la liberación de genes",,Síntesis de compuestos orgánicos altamente funcionalizados | Predicción de la interacción ligando-biomacromolécula mediante modelado molecular | Simulaciones de dinámica molecular de complejos enzima/ligando y proteína/ligando | Síntesis de péptidos y complejos de coordinación | Fotoquímica y dicroismo circular | Expresión de proteínas | Virología | Biotecnología,,,https://imaisd.usc.es/grupoficha.asp?idpersoatipogrupo=242915&i=es&s=-126-328-329&v=,,grupo,{},USC_groups.csv
USC,Universidade de Santiago de Compostela,Galicia,extraido,GI-1219,Inmunoparasitología y genética parasitaria,IPXP,"MARTINEZ UBEIRA, FLORENCIO CESAR",Instituto de Investigación en Análises Químicas e Biolóxicas (IAQBUS),,Inmunoparasitología | Inmunodiagnóstico | Genética de poblaciones parasitarias | Parasitología molecular de helmintos | Bioinformática aplicada,5,declaradas,Trichinella | Anisakis | Fasciola | Helmintos | Nematodo | Trematodos | Anticuerpos monoclonales | Inmunodiagnóstico,,Producción de antígenos parasitarios y anticuerpos monoclonales aplicables al diagnóstico de enfermedades parasitarias humanas y de animales. Serodiagnóstico de la anisaquiosis y triquinelosis humanas,,,https://imaisd.usc.es/grupoficha.asp?idpersoatipogrupo=75087&i=es&s=-126-328-329&v=,,grupo,{},USC_groups.csv
USC,Universidade de Santiago de Compostela,Galicia,extraido,GI-1178,"Innovación, cambio estrutural y desarrollo",ICEDE,"VENCE DEZA, XABIER",Departamento de Economía Aplicada Web: https://www.usc.gal/gl/investigar-na-usc/grupos/icede,,Economía circular | Economía de la innovación y cambio tecnológico. Innovación en los servicios. Políticas de innovación | Políticas de Innovación | Cadenas Globales de Valor | Desarrollo regional | Política Fiscal Ambiental y Circular | Desarrollo local y urbano | Economía industrial | Economía de Galicia y de la Unión Europea | Crisis del neoliberalismo | Recursos e Intercambio Ecolóxicamente Desigual | Desigualdades de renta | Empleo y Mercado de Trabajo,13,declaradas,Economía circular | Políticas para la sustentabilidad | Innovación | política tecnológica | desarrollo regional | industria | sistemas regionales de innovación | comercio y cadenas globales de valor | empleo | desigualdades regionales,,"Estudios aplicados e informes en los campos citados, tanto para la administración como para la empresa",,,https://imaisd.usc.es/grupoficha.asp?idpersoatipogrupo=75045&i=es&s=-126-328-329&v=,,grupo,"{""telefono"": ""981-563100 ext.11567""}",USC_groups.csv
USC,Universidade de Santiago de Compostela,Galicia,extraido,GI-1142,Instituto de Derecho Industrial,IDIUS,"GARCIA VIDAL, ANGEL",Departamento de Dereito Público Especial e da Empresa,,Propiedad Industrial | Derecho de patentes | Derecho de obtenciones vegetales | Derecho de marcas y otros signos distintivos | Derecho de diseño industrial | Propiedad Intelectual: Derechos de autor y derechos conexos | Derecho de la publicidad | Derecho represor de la competencia desleal | Derecho de defensa de la competencia | Derecho Mercantil,10,declaradas,Propiedad industrial e intelectual y derecho de la competencia,,Informes y dictámenes | Docencia,,,https://imaisd.usc.es/grupoficha.asp?idpersoatipogrupo=75007&i=es&s=-126-328-329&v=,,grupo,{},USC_groups.csv
USC,Universidade de Santiago de Compostela,Galicia,extraido,GI-2122,Inteligencia Artificial Aplicada,IA aplicada,"TABOADA IGLESIAS, MARIA JESUS",Departamento de Electrónica e Computación,,Visión por computador Reconocimiento de patrones en imágenes Segmentación de imágenes Análisis de imágenes en color Aplicaciones a la gestión de recursos marinos y la tecnología de alimentos Ontologías Web semántica Integración semántica Representación de conocimiento Terminologías biomédicas Arquetipos clínicos,1,declaradas,Visión por computador | clasificación | procesamiento de imágenes | segmentación | análisis de imágenes | tecnología de alimentos | recursos marinos. Web semántica | integración semántica | ontologías | terminologías biomédicas | arquetipos clínicos,,Programa informático que identifica automáticamente los ovocitos maduros de cortes histológicos de gónadas de diferentes especies de peces. Os resultados pueden ser importantes para la estimación de la capacidad reproductora de las distintas especies y así contribuir a la gestión de recursos marinos. - Tecnoloxía informática baseada en ontoloxías e terminoloxías biomédicas -Estudios de viabilidade de aplicacións baseadas na web semántica,,,https://imaisd.usc.es/grupoficha.asp?idpersoatipogrupo=206255&i=es&s=-126-328-329&v=,,grupo,{},USC_groups.csv
USC,Universidade de Santiago de Compostela,Galicia,extraido,GI-1612,Intensificación de procesos para un desarrollo sostenible,PROSUST,"GONZALEZ ALVAREZ, JULIA",Departamento de Enxeñaría Química Web: http://www.usc.es/enxqu/?q=node/254,,"Aprovechamiento de materiales y residuos lignocelulósicos forestales e industriales | Eliminación de compuestos fenólicos, cationes metálicos y otros contaminantes de aguas residuales industriales | Preparación de adhesivos para la industria de la madera y fabricación de tableros | Obtención de antioxidantes naturales para la industria alimentaria a partir de residuos de la industria alimentaria y de la madera | Procesos de separación y reacción empleando sistemas multifásicos: Sistemas gas-líquido, gas-sólido, gas-sólido-líquido, gas-líquido-líquido. Caracterización físico-química de dichos medios",5,declaradas,"adhesivos para madera | tableros de madera | taninos | adsorción | contaminantes de aguas residuales | residuos lignocelulósicos | antioxidantes naturales | separación, disolventes, multifásico, reactores",,"Encoladora, prensa para la preparación de tableros y máquina de ensayos de resistencia mecánica | Secadero de spray de laboratorio | Análisis y caracterización de adhesivos industriais | Análisis de cationes metálicos y compuestos fenólicos en aguas | Análisis instrumental: DSC modulado, DMTA, GPC, Absorción atómica | Reactor a escala piloto | Medida de tensión superficial, ángulos de contacto, energía libre superficial | Caracterización físico-química de disolventes y mezclas de proceso | Estudios a nivel laboratorio y planta piloto de operaciones de separación empleando fases gaseosas | Instalaciones a nivel laboratorio para llevar a cabo estudios de investigación sobre procesos de separación y reacciones involucrando fases gaseosas: columnas de burbujeo y de gotas, reactores dotados de agitación mecánica, reactores tipo air-lift, reactores de membranas | Equipos para la determinación de propiedades físicas y de transporte: viscosímetros (capilar y rotacional), tensiómetros superficiales e interfacial, densímetro y analizador de la velocidad del sonido, refractómetro",,,https://imaisd.usc.es/grupoficha.asp?idpersoatipogrupo=75500&i=es&s=-126-328-329&v=,,grupo,{},USC_groups.csv
USC,Universidade de Santiago de Compostela,Galicia,extraido,GI-2101,Investigación Translacional del Paciente Crítico. Mecanismos de Lesión Celular,Lesión Celular en el Paciente Crítico,"ALVAREZ ESCUDERO, JULIAN",Departamento de Cirurxía e Especialidades Médico-Cirúrxicas,,"1) Investigación en sepsis: identificación de factores de riesgo tanto clínicos, moleculares y genéticos para desarrollar complicaciones y mortalidad asociados a esta enfermedad, un síndrome altamente prevalente en las UCI y con una incidencia en aumento. 2) Identificación y caracterización de los efectos celulares de los anéstésicos: mecanismos citoprotectores, mediadores inflamatorios, estrés oxidativo. 3) Identificación de factores pronósticos, dianas terapéuticas y caracterización de la encefalopatía asociada a sepsis, la encefalopatía más frecuente en las UCIs sin tratamiento específico en la actualidad",1,declaradas,"sepsis, citoprotección, anestésicos, inflamación, genética",,"Cultivos celulares: Células endoteliales HUVEC, neuronas, astrocitos, monocitos. Modelos de sepsis in vitro e in vivo PCR a tiempo real y termocicladores Enzimoinmunoanálisis. Banco de ADN y seroteca del paciente crítico. Cirugía animal Microscopía confocal Espectrómetro de masas Medición incruenta e invasiva de constantes vitales. Monitorización del efecto anestésico basadas en electroencefalograma: Indice Bi-espectral® y Entropía® Base de datos basada en tecnología web, centralizada para el registro y análisis de pacientes. Técnicas de hipotermia controlada",,,https://imaisd.usc.es/grupoficha.asp?idpersoatipogrupo=199440&i=es&s=-126-328-329&v=,,grupo,{},USC_groups.csv
USC,Universidade de Santiago de Compostela,Galicia,extraido,GI-1987,Investigación en Bioquímica Clínica y Autoinmunidad,Bioquímica Clínica,"CAMIÑA DARRIBA, MANUEL FELIX",Departamento de Bioquímica e Bioloxía Molecular,,Bioquímica Clínica: 1.-Parametros de control glucémico 2.-Bases moleculares del fenotipo glicador 3.-Aplicación clínica de la Biología Molecular | Autoinmunidad: 1.-Identificación de autoantígenos en la diabetes humana 2.-Estudio de la respuesta linfocitaria en la diabetes humana,2,declaradas,diabetes | auntoantígenos | control glucémico | fructosamina | HbA1c | PCR | mutaciones,,Desarrollo y evaluación de pruebas de diagnóstico en el laboratorio clínico | Automatización y análisis de componentes bioquímicos en muestras biológicas | Diseño y análisis de métodos de PCR tradicional y en tiempo real | Detección de poblaciones celulares procesadoras y presentadoras de antígenos | Aislamiento y caracterización de Linfocitos t humanos por citometría de flujo y ELISPOT,,,https://imaisd.usc.es/grupoficha.asp?idpersoatipogrupo=143532&i=es&s=-126-328-329&v=,,grupo,"{""telefono"": ""Ext. 14934""}",USC_groups.csv
USC,Universidade de Santiago de Compostela,Galicia,extraido,GI-1702,Investigación en Sanidad Animal: Galicia,INVESAGA,"PANADERO FONTAN, ROSARIO",Departamento de Patoloxía Animal,,"Estudios epidemiológicos como base para el control de enfermedades animales | Fasciolosis: diagnóstico y tratamiento | Hipodermosis bovina y otras miasis: epidemiología, inmunomodulación y control | Infecciones gastrointestinales de rumiantes: paratuberculosis y nematodosis gastrointestinales | Infecciones respiratorias de rumiantes: Nematodosis pulmonares y Visna Maedi | Parasitofauna y enfermedades infecciosas de especies cinegéticas | Antígenos e inmunidad de parásitos de importancia veterinaria | Valoración de antihelmínticos y antimicrobianos en veterinaria y posibles resistencias | Criptosporidiosis y coccidiosis: estudios epidemiológicos y moleculares | Patógenos parasitarios e infecciosos que afectan a la reproducción de los rumiantes",10,declaradas,Protozoos | helmintos | miasis | diagnóstico parasitario | Maedi Visna | Paratuberculosis | Fiebre Q | antígenos | anticuerpos | resistencias antihelmínticas y antimicrobianas | inmunodiagnóstico | inmunidad celular y humoral | citoquinas | epidemiología y control de enfermedades infectocontagiosas de rumiantes domésticos y silvestres | biología molecular | zoonosis y salud pública,,Técnicas de diagnóstico parasitario.- Estudio de antígenos y anticuerpos parasitarios.- Eficacias antihelmínticas y resistencias.- Estudio de parásitos de animales silvestres.- Estudios epidemiológicos sobre enfermedades animales,,,https://imaisd.usc.es/grupoficha.asp?idpersoatipogrupo=75600&i=es&s=-126-328-329&v=,,grupo,{},USC_groups.csv
USC,Universidade de Santiago de Compostela,Galicia,extraido,GI-2174,Investigación en medicina animal,IMedA,"LOPEZ ALONSO, MARIA MARTA",Departamento de Patoloxía Animal,,"Metabolismo mineral, elementos traza y biomarcadores | Modelos animales como marcadores ambientales y herramientas de medicina traslacional | Sistemas de producción animal sostenibles y ganadería ecológica | Nutrición funcional y uso de macroalgas marinas en alimentación animal | Medicina animal, patología y clínica veterinaria",5,declaradas,Veterinaria | metabolismo | oligoelementos | ganadería ecológica | rumiantes,,Servicio de asesoramiento y análisis minerales,,,https://imaisd.usc.es/grupoficha.asp?idpersoatipogrupo=260753&i=es&s=-126-328-329&v=,,grupo,{},USC_groups.csv
USC,Universidade de Santiago de Compostela,Galicia,extraido,GI-2142,Investigación social y políticas públicas,ISOPOLIS,"CAINZOS LOPEZ, MIGUEL ANGEL",Departamento de Ciencia Política e Socioloxía,,"Comportamiento político, opinión pública y elecciones | Procesos y políticas de participación ciudadana | Políticas públicas: diseño, análisis y evaluación | Políticas sociales y de igualdad | Gestión pública | E-gobierno | Calidad de los servicios y satisfacción de los usuarios | Ética pública y corrupción política | Métodos y técnicas de investigación social",9,declaradas,Políticas públicas | gestión pública | gobierno | evaluación | participación | comportamiento político | corrupción | encuestas,,Investigación social aplicada | Diseño y análisis de encuestas | Asesoría en el diseño y gestión de proyectos | Evaluacion de políticas públicas,,,https://imaisd.usc.es/grupoficha.asp?idpersoatipogrupo=219784&i=es&s=-126-328-329&v=,,grupo,"{""telefono"": ""981-563100 ext.13812""}",USC_groups.csv
USC,Universidade de Santiago de Compostela,Galicia,extraido,GI-1510,Investigación y Desarrollo en Artes y Humanidades,IDEAHS,"SANCHEZ GARCIA, JESUS ANGEL",Departamento de Historia da Arte,,"Fuentes y documentos para la historia del arte, de la arquitectura y del urbanismo en Galicia | Historia del arte, de la arquitectura y del urbanismo en Galicia | Interpretación y difusión del patrimonio arquitectónico y urbano | Cascos históricos, monumentos y turismo cultural | Paisaje y ciudad | Arte contemporáneo | Estética y teoría de las artes | Historia del cine, narrativa fílmica y performatividad | Estudios culturales | Estudios visuales | Estudios sonoros | Nuevos medios",12,declaradas,Historia arquitectura | urbanismo | fuentes | Galicia | patrimonio arquitectónico | cascos históricos | turismo cultural | exposiciones | multimedia | productos editoriales,,"Informes y documentación histórica para la restauración de monumentos arquitectónicos de Galicia | Informes y documentación histórica para la redacción de planes especiales referidos a ciudades históricas de Galicia | Catalogación del patrimonio arquitectónico y urbanístico de Galicia | Gestión del patrimonio arquitectónico y urbano | Elaboración de productos ye itinerarios de turismo cultural | Asesoría, coordinación y comisariado de productos editoriales, multimedia y expositivos de carácter cultural",,,https://imaisd.usc.es/grupoficha.asp?idpersoatipogrupo=75395&i=es&s=-126-328-329&v=,,grupo,{},USC_groups.csv
USC,Universidade de Santiago de Compostela,Galicia,extraido,GI-1632,"Investigación, Desarrollo y Evaluación de la Seguridad Química de Alimentos y de Materiales de Contacto Alimentario",FoodChemPack,"BARBOSA PEREIRA, LETRICIA","Departamento de Química Analítica, Nutrición e Bromatoloxía Web: https://www.foodchempack.com",,"Seguridad química de alimentos y de materiales de contacto alimentario. Evaluación del riesgo | Materiales destinados a entrar en contacto con alimentos (envases, contenedores, recubrimientos plásticos, artículos de cocina, etc.): migración de sustancias químicas. Materiales reciclados, envases activos e inteligentes, modelado de la migración | Nutrientes y compuestos bioactivos en alimentos y subproductos",3,declaradas,Alimentos | análisis | composición | materiales en contacto con alimentos | recubrimientos | migración | monómeros | aditivos | envases activos e inteligentes | seguridad alimentaria,,"Desarrollo de métodos analíticos para la determinación de: -sustancias migrables de bajo peso molecular (monómeros, oligómeros u otras sustancias de partida, aditivos, productos de reacción, etc.) en materiales poliméricos -migrantes y productos de degradación en simulantes de alimentos y alimentos | Verificación del cumplimiento con la legislación de los materiales destinados a entrar en contacto con alimentos | Análisis de alimentos: macronutrientes, micronutrientes y contaminantes",,,https://imaisd.usc.es/grupoficha.asp?idpersoatipogrupo=75521&i=es&s=-126-328-329&v=,,grupo,{},USC_groups.csv
USC,Universidade de Santiago de Compostela,Galicia,extraido,GI-1469,"Investigación, diagnóstico educativo e avaliación",IDEE,"PORTO CASTRO, ANA MARIA",Departamento de Pedagoxía e Didáctica Instituto Instituto de Ciencias da Educación (ICE),,Metodología de investigación: métodos y técnicas cuantitativas y cualitativas aplicadas a la educación | Perspectivas de género en los estudios de educación e inserción laboral | Calidad del sistema educativo e inserción laboral | Investigación educativa con superdotados | Diagnóstico e intervención en los contextos educativos | Evaluación de los sistemas educativos | Atención a la Diversidad y Educación Inclusiva,7,declaradas,"Investigación educativa | diagnóstico | metodología | medida | evaluación de programas profesores alumnos e instituciones | género | calidad educativa | inserción laboral | inclusión educativa (altas capacidades, discapacidades)",,"Asesoramento metodológico en la investigación educativa: diseño, análisis e interpretación de datos | Diagnóstico y evaluación en los estudios educativos desde la perspectiva de género | Evaluación y propuestas de intervención de la calidad del sistema educativo | Evaluación y propuestas de intervención para la mejora de la inserción laboral | Diagnóstico de la superdotación: diseño, implementación y evaluación de programas | Diseño, implementación y evaluación de programas de intervención en técnicas de estudio | Evaluación e intervención en los contextos educativos | Asesoramiento institucional para la mejora del sistema educativo",,,https://imaisd.usc.es/grupoficha.asp?idpersoatipogrupo=75348&i=es&s=-126-328-329&v=,,grupo,{},USC_groups.csv
USC,Universidade de Santiago de Compostela,Galicia,extraido,GI-1893,LABORATORIO DE SISTEMAS,LABSIS,"TRIÑANES FERNANDEZ, JOAQUIN ANGEL",Departamento de Física Aplicada Departamento de Electrónica e Computación Instituto Instituto de Investigacións Tecnolóxicas Web: http://www.labsis.usc.es/lbs/,,Sistemas de informacion geografica | Teledetección y monitorización de la dinámica oceánica en la plataforma continental gallega | Modelado hidrodinámico regional | Relación entre variables medioambientales y HABS y ciclos de productividad | Teledetección como fuente de datos de valor añadido en las actividades pesqueras | Desarrollo de sistemas de medición in-situ de datos oceanográficos en toda la columna de agua | Computación de materialescon técnicas ab initio. Modelado y Diseño | Electrones altamente correlacionados | Nanoestructuras y nanotecnología,9,declaradas,Sistemas de Información Geográfica | Computación de Materiales | Estructura Electrónica | propiedades Magnéticas | Nanoestructuras y nanotecnología | dinámica oceánica | mareas rojas | Modelos oceánicos regionales | teledetecciön e infecciones bacterianas | perfiladores oceanográficos,,"Consultoria tecnológica | Formación especializada | programas de cálculo de propiedades eléctricas y magnéticas de materiales (WIEN 2K,OCTOPUS,SIESTA, deMon , Montecarlo, Montecarlo: Cuántico y de Dinámica de espines)",,,https://imaisd.usc.es/grupoficha.asp?idpersoatipogrupo=122029&i=es&s=-126-328-329&v=,,grupo,{},USC_groups.csv
USC,Universidade de Santiago de Compostela,Galicia,extraido,GI-1687,Laboratorio SNL-Lennart Levi,Laboratorio SNL,"FREIRE-GARABAL NUÑEZ, MANUEL","Departamento de Farmacoloxía, Farmacia e Tecnoloxía Farmacéutica Web: http://imaisd.usc.es/grupoficha.asp?idpersoatipogrupo=75585&i=gl&s=-126-191-196-235&v=",,Descubrimiento Temprano de Nuevos Fármacos | Neuroinmunología: estudio de la respuesta biológica del Estrés y diseño de estrategias preventivas y terapéuticas ante sus efectos adversos | Aplicaciones de las Tecnología Digital en Biomedicina | Innovación Educativa en Farmacología,4,declaradas,Descubrimiento Temprano de Fármacos Neuroinmunología Tecnología Digital,,"Diseño, estudio e avaliación de compuestos de interés terapéutico | Diseño de aplicaciones basadas en las Tecnologías de la Información en Biomedicina",,,https://imaisd.usc.es/grupoficha.asp?idpersoatipogrupo=75585&i=es&s=-126-328-329&v=,,grupo,{},USC_groups.csv
USC,Universidade de Santiago de Compostela,Galicia,extraido,GI-1265,Laboratorio de Hidrobiología,HIDROBIOL,"COBO GRADIN, FERNANDO","Departamento de Zooloxía, Xenética e Antropoloxía Física Instituto Estación Hidrobiolóxica ""Encoro do Con""",,Biología de las aguas dulces | Control Biológico de la Contaminación en Aguas Continentales | Biodiversidad y conservación del macrobentos de las aguas continentales | Rehabilitación y restauración de ecosistemas acuáticos continentales | Gestión de la pesca continental | Biología y ecología de peces migradores | Ecología trófica de peces de agua dulce | Ecología de la toxicidad de Cianobacterias de agua dulce,8,declaradas,Hidrobiología | limnología | macroinvertebrados | peces de agua dulce | bioindicación | Cianobacterias,,Monitorización de la contaminación de las aguas continentales (Indicadores biológicos) | Conservación y restauración de ecosistemas acuáticos continentales | Gestión de poblaciones de peces de aguas continentales | Identificación de cianobacterias y cianotoxicidad | Análisis limnológicos,,,https://imaisd.usc.es/grupoficha.asp?idpersoatipogrupo=75134&i=es&s=-126-328-329&v=,,grupo,{},USC_groups.csv
USC,Universidade de Santiago de Compostela,Galicia,extraido,GI-1310,Laboratorio de Investigación en Imagen Radiológica,LIIR,"CARREIRA VILLAMOR, JOSE MARTIN","Departamento de Psiquiatría, Radioloxía, Saúde Pública, Enfermaría e Medicina Web: http://www.usc.es/labir/",,"Radiología Digital, PACS, Diagnóstico Asistido por Ordenador | Radioloxía Intervencionista",2,declaradas,"Radiología digital, CAD, PACS",,Digitalización y Procesado Digital de Radiografias,,,https://imaisd.usc.es/grupoficha.asp?idpersoatipogrupo=75180&i=es&s=-126-328-329&v=,,grupo,{},USC_groups.csv
USC,Universidade de Santiago de Compostela,Galicia,extraido,GI-1886,Laboratorio de Investigación en Nefrología,Nefrología,"BLANCO PARRA, MIGUEL ANGEL","Departamento de Psiquiatría, Radioloxía, Saúde Pública, Enfermaría e Medicina",,Enfermedades genéticas del riñón,1,declaradas,Enfermedades genéticas del riñón. Poliquistosis Renal. Gen PKD1. Gen de la uromodulina,,Secuenciación automática de DNA | Detección de mutaciones | Bioinformática | Polimorfismos SNPs,,,https://imaisd.usc.es/grupoficha.asp?idpersoatipogrupo=121101&i=es&s=-126-328-329&v=,,grupo,{},USC_groups.csv
USC,Universidade de Santiago de Compostela,Galicia,extraido,GI-2085,Laboratorio de Investigación y Desarrollo de Soluciones Analíticas,LIDSA,"ALVAREZ RIVERA, GERARDO",Centro de Investigación Interdisciplinar en Tecnoloxías Ambientais (CRETUS) Web: https://investigacion.usc.gal/grupos/4756/detalle?lang=es,,"Desarrollo de nuevas metodologías de análisis de ingredientes de cosméticos y de productos de limpieza y cuidado personal | Estudio del potencial antioxidante de vinos y subproductos de vinificación. Investigación de alternativas de aprovechamiento | Investigación en nuevas técnicas de preparación de muestra para el análisis basadas en la Química Analítica verde: técnicas de microextracción con y sin disolventes: SPME, LPME, DLLME, USAEME | Desarrollo de nuevas metodologías de análisis de contaminantes prioritarios y emergentes en muestras medioambientales, agroalimentarias y biológicas: pesticidas, bifenilos policlorados (PCBs), éteres de difenilo polibromados (PBDEs), fenoles, ftalatos, fragancias, conservantes, fármacos | Investigación de los procesos de degradación de aditivos químicos y contaminantes ambientales. Determinación de subproductos de degradación | Desarrollo de aplicaciones analíticas y medioambientales de la Foto-SPME",6,declaradas,cosméticos | vino | aditivos químicos | seguridad | microextracción | cromatografía | foto-SPME | análisis medioambiental | contaminantes | agua | extracción,,"Análisis de cosméticos | Análisis de vinos y subproductos de vinificación | Análisis de Muestras Medioambientales | Técnicas de Preparación de Muestra: SPME, LPME, DLLME, USAEME, MAE, MSPD, ASE | Análisis mediante Cromatografía de Gases acoplada a Espectrometría de Masas (GC-MS) y Masas en tandem (GC-MS/MS) | Análisis mediante cromatografía de gases con detector de captura electrónica (GC-ECD) | Análises mediante Cromatografía Líquidacon detectores de Red de Diodos y Fluorescencia (HPLC-UV-FL)",,,https://imaisd.usc.es/grupoficha.asp?idpersoatipogrupo=193476&i=es&s=-126-328-329&v=,,grupo,{},USC_groups.csv
USC,Universidade de Santiago de Compostela,Galicia,extraido,GI-2200,Laboratorio de Realidad Intangible,IRLab,"Glowacki, David Ryan",Centro de Investigación en Tecnoloxías Intelixentes (CITIUS),,"Desarrollo de nuevas tecnologías y software para la realidad virtual aplicada a la simulación y visualización científicas | Desarrollo, análisis y creación de prototipos de nuevas tecnologías de interacción para entornos de RV ""human-in-the-loop"" | Desarrollo de dispositivos y estrategias interactivas (e-textiles, interfaces hápticas, wearables, hand-tracking) que faciliten la interacción entre personas en entornos de RV multiusuario, y que permitan a los usuarios tener un control motor preciso sobre las simulaciones científicas en tiempo real | Desarrollo y prueba de estrategias de software de RV que permitan el control y el diseño de sistemas moleculares a nanoescala en RV para comprender la dinámica y la flexibilidad moleculares | Desarrollo de diferentes enfoques estéticos que puedan aplicarse dentro de entornos digitales inmersivos con el fin de impactar positivamente en las experiencias emocionales y educativas de los usuarios | Llevar a cabo estudios detallados de usuarios que analicen hasta qué punto los diferentes paradigmas estéticos atraen a los usuarios de la RV y conducen a mecánicas de juego convincentes dentro de entornos de RV multiusuario | Investigar mecánicas de juego atractivas basadas en trayectorias que animen a los ciudadanos científicos a explorar eficazmente vías hiperdimensionales dentro de sistemas moleculares complejos | Llevar a cabo estudios de usuarios de experiencias de RV distribuidas para comprender los principios de diseño de software que nos permitirán mantener una base distribuida de ""usuarios"" de ciencia ciudadana comprometidos | Investigar estrategias para utilizar la biorretroalimentación (incluyendo, por ejemplo, el seguimiento ocular, los sensores de temperatura, los monitores de ritmo cardíaco, el EEG, etc.) para modificar el entorno inmersivo de forma que se cree una experiencia positiva para el usuario. Desarrollar una visión de cómo los diferentes aspectos de la fenomenología de la RV afectan a varios biomarcadores, y utilizar esta visión para construir entornos de RV atractivos | Desarrollar un enfoque matemático para analizar la mecánica estadística de la dinámica molecular no dirigida por el equilibrio, y que permita la imparcialidad de las vías moleculares que son muestreadas por los usuarios en un entorno de RV gamificado | Utilizar el conocimiento de la mecánica estadística para desarrollar funciones de puntuación que permitan un análisis eficaz de los datos de los usuarios en el entorno de RV | Desarrollar modelos computacionales basados en la nube y API de software que permitan una comunicación eficiente entre el cliente y los servidores de la nube de alto rendimiento para procesar y analizar flujos de datos moleculares en tiempo real | Investigar las representaciones de datos multimodales, que pueden aumentar la comprensión de los datos científicos de alta dimensión presentados en tiempo real dentro de entornos digitales inmersivos | Investigar los paradigmas estéticos para representar los cuerpos de los usuarios en entornos de RV inmersiva multipersonal basados en la nube | Establecer una red internacional distribuida de ""nodos"" de realidad virtual, que puedan servir como centros en los que los participantes y los ""ciudadanos científicos"" puedan entrar en la RV para ayudarnos mientras creamos prototipos y diseñamos nuestro software de realidad virtual, realizamos pruebas con los usuarios y utilizamos nuestro marco para impulsar el compromiso de colaboración para resolver problemas en la simulación científica | Investigar la fenomenología de los estados alterados de conciencia (por ejemplo, los estados psicodélicos, los estados de ""flujo"", los estados místicos, etc.) puede servir de base para el diseño de nuevos entornos digitales inmersivos que resulten atractivos para los participantes, que conduzcan a experiencias positivas y que faciliten el aprendizaje de nuevos campos de la ciencia | Desarrollar y probar métodos estéticamente atractivos para representar conjuntos de",17,declaradas,Realidad virtual | simulación científica | human-in-the-loop | ciencia ciudadana | gamificación | estética digital | interacción persona-ordenador | entornos digitales inmersivos | representación multimodal de datos | mecánica estadística | física computacional | computación de alto rendimiento | computación en la nube | diseño centrado en el usuario,,"Aplicaciones en realidad virtual y simulación científica | Aplicaciones en arquitecturas cliente-red, computación de alto rendimiento, computación en la nube y enfoques human-in-the-loop para resolver problemas científicos | Ciencia ciudadana, ludificación científica, procesamiento de datos distribuidos | Diseño de experiencias digitales inmersivas multipersonales | Diseño estético, mecánica de juego y participación del usuario en entornos digitales inmersivos | Circuitos de retroalimentación que permiten introducir datos del usuario en tiempo real (por ejemplo, diversas formas de biosensores) en entornos de realidad virtual | Representación multimodal de datos (más allá de la representación visual en pantallas 2D) y desarrollo de nuevas estrategias de interacción en entornos digitales inmersivos | Mecánica estadística y física computacional",,,https://imaisd.usc.es/grupoficha.asp?idpersoatipogrupo=298656&i=es&s=-126-328-329&v=,,grupo,{},USC_groups.csv
USC,Universidade de Santiago de Compostela,Galicia,extraido,GI-1222,Laboratorio de Referencia de Escherichia coli (LREC),LREC,"BLANCO ALVAREZ, JORGE",Departamento de Bioquímica e Bioloxía Molecular Departamento de Microbioloxía e Parasitoloxía Web: http://www.usc.es/ecoli/,,"Laboratorio Nacional de Referencia para a Detección de E.coli en Alimentos (AESAN, Ministerio de Sanidad) | Patogénisis, epidemiología y diagnóstico microbiológico de E. coli que causan infecciones en seres humanos y animales. STEC/VTEC, ETEC, EPEC, EIEC, EAggEC, AEEC, AIEC, ExPEC | Patogénesis, diagnóstico y tipado molecular de Escherichia coli verotoxigénicos (VTEC/STEC) O104:H4, O157:H7, O26:H11, O103:H2, O111:H8, O121:H19, O145:H- y de otros serotipos. Detección en muestras clínicas y alimentos | Tipado de intiminas por PCR y secuenciación del gen eae de la isla de patogenicidad LEE | Serotipos, genes de virulencia y tipado molecular de Escherichia coli patógenos extraintestinales (ExPEC) | Serotipos, genes de virulencia y tipado molecular de E. coli productores de betalactamasas de espectro extendido (BLEEs). Caracterización del clon emergente intercontinental O25:H4-ST131 productor de CTX-M-15 | Tipado molecular por PFGE y MLST | Métodos analíticos para la detección de STEC/VTEC y otras categorías de E. coli diarreagénicos en alimentos (carne, productos lácteos y vegetales) y muestras clínicas. Detección de STEC/VTEC O104:H4, O157:H7 y de otros serotipos por PCR convencional y en tiempo-real | Desarrollo de vacunas contra colibacilosis",9,declaradas,"Antisueros O y H, Bacteriología, Clon ST131, BLEE, E. coli, Escherichia coli, MLST, PCR, PFGE, Resistencia a antibióticos, Toxinas bacterianas, Genes de virulencia, Vacunas",,"Detección de E. coli patógenos en muestras clínicas de origen humano y animal. STEC/VTEC, EAEC, ETEC, EPEC, EIEC, AEEC, AIEC, y ExPEC | Detección de E. coli patógenos en alimentos implicados en toxiinfecciones. STEC/VTEC O104:H4, O157:H7 | Detección de E. coli productores de betalactamasas de espectro extendido (BLEEs). Caracterización del clon emergente intercontinental O25:H4-ST131 productor de CTX-M-15 | Antisueros O (O1-O181) y H (H1-H56) para serotipado de E. coli. Kits de antisueros para serotipado de cepas de E. coli patógenas para seres humanos y animales. Kit completo para serotipado de E. coli con todos los antisueros O y H. Kits para serotipado de: ExPEC (extraintestinal pathogenic E. coli, uropathogenic, septicemic and meningitis), VTEC/STEC (verotoxigenic or shiga-toxin producing E. coli) , EPEC (enteropathogenic E. coli), ETEC (enterotoxigenic E. coli), EIEC (enteroinvasive E. coli), EAEC (enteroaggregative E. coli), AIEC (adherent and invasive E. coli), NTEC (necrotoxigenic E. coli producing CNF1, CNF2 and CNF3). Kits para el serotipado de E. coli productores de beta-lactamasas de espectro extendido (ESBL) y resistentes a los antibióticos | Tipado molecular de E. coli por PFGE (pulsed-field gel electrophoresis) y MLST (multilocus sequence typing) | Kits para detección de genes de virulencia de E. coli por PCR | Desarrollo de vacunas contra las colibacilosis",,,https://imaisd.usc.es/grupoficha.asp?idpersoatipogrupo=75090&i=es&s=-126-328-329&v=,,grupo,{},USC_groups.csv
USC,Universidade de Santiago de Compostela,Galicia,extraido,GI-1153,"Libredon Derecho civil. Persona, familia y patrimonio",LIBREDONDERECHOCIVIL,"DIAZ MARTINEZ, ANA",Departamento de Dereito Común,,Propiedad horizontal y servidumbres | Matrimonio y regímenes económicos | Sucesión forzosa y testada | Derecho Civil de Galicia | Derecho de la persona | Derecho de la contratación | Filiación y reproducción asistida | Propiedad intelectual | Pactos sucesorios en Galicia | Régimen jurídico del patrimonio eclesiástico,10,declaradas,Propiedad horizontal | servidumbres | arrendamientos urbanos | matrimonio | regímenes económicos | consumidores | propiedad intelectual | discapacidad: filiación | reproducción asistida | sucesión forzosa | sucesión testada | Derecho civil de Galicia: patrimonio eclesiástico,,"Clarificación del régimen jurídico de la titularidad y transmisión privada de bienes, especialmente de la propiedad inmobiliaria | Asesoramiento a profesionales del Derecho en materias comprendidas en las líneas de investigación del grupo",,,https://imaisd.usc.es/grupoficha.asp?idpersoatipogrupo=75019&i=es&s=-126-328-329&v=,,grupo,{},USC_groups.csv
USC,Universidade de Santiago de Compostela,Galicia,extraido,GI-1762,"Lingüística Aplicada a la Enseñanza y Aprendizaje del inglés, Traducción y Diseño textual",LAEAITDT,"PALACIOS MARTINEZ, IGNACIO MIGUEL",Departamento de Filoloxía Inglesa e Alemá Web: http://www.spertus.es,,Lenguaje juvenil | Géneros digitales | Adquisición y enseñanza de segundas lenguas,3,declaradas,Lingüística Aplicada | enseñanza de lenguas | aprendizaje de lenguas | Traducción | nuevas tecnologías | inglés científico | inglés para fines específicos (IFP) | divulgación científica | diseño textual | Retórica contrastiva | calidad documental,,"Lingüística aplicada | Enseñanza de lenguas, métodos pedagógicos | Estudios descriptivos de Traducción inglés-español/gallego | Aplicaciones de las nuevas tecnologías a la enseñanza y aprendizaje del inglés | Aplicaciones de las nuevas tecnologías a la enseñanza y práctica de la Traducción | Retórica contrastiva | Mejora de la calidad documental",,,https://imaisd.usc.es/grupoficha.asp?idpersoatipogrupo=193169&i=es&s=-126-328-329&v=,,grupo,{},USC_groups.csv
USC,Universidade de Santiago de Compostela,Galicia,extraido,GI-1839,"Literatura gallega. Literatura Infantil y Juvenil. Investigaciones literarias, artísticas, interculturales y educativas.",LITER21,"FRANCO VAZQUEZ, MARIA DEL CARMEN",Departamento de Didácticas Aplicadas Instituto Instituto de Ciencias da Educación (ICE) Web: https://liter21.usc.gal/,,"Literatura infantil y juvenill: análisis literario y crítica de textos | Literatura comparada | Análisis literario y artístico | Análisis de paratextos | Crítica de textos | Historia de la literatura gallega | Metodología de las lecturas | Sociología de la Literatura y del Arte | Estudio de la cultura a partir de las manifestaciones visuales | Narrativas basadas en imágenes, videos, sonidos | Traducción",11,declaradas,"Diccionarios, Comparatismo, Crítica literaria, Crítica artes plásticas, Historigrafía literaria y artística, Literatura, Literatura infantil y juvenil, lecturas visuales y textuales, metodología, Paratextos, Recepción, Sociología Literaria y de las Artes, Teoría literaria",,Antologías Bibliografías Diccionarios Guías de lectura Informes de literatura y de procesos artísticos Materiales educativos sobre lectura textual y visual Rutas literarias y de arte Información y documentación,,,https://imaisd.usc.es/grupoficha.asp?idpersoatipogrupo=88297&i=es&s=-126-328-329&v=,,grupo,{},USC_groups.csv
USC,Universidade de Santiago de Compostela,Galicia,extraido,GI-1470,Magnetismo y Nanotecnología,NanoMag,"VAZQUEZ VAZQUEZ, CARLOS",Departamento de Física Aplicada Departamento de Química Física Web: http://www.nanomag.es,,"Estudio experimental de sistemas nanoestructurados: Capas y partículas | Magnetismo en sólidos: Materiales, estructuras y micromagnetismo | Síntesis y propiedades de Nanomateriales | Propiedades de transporte y magnéticas en óxidos mixtos y Materiales compuestos | Sintesis y propiedades de polímeros y copolímeros | Estabilidad coloidal y gelificación | Simulación por Monte Carlo y Dinámica Browniana | Autoorganización en dispersiones coloidales",8,declaradas,Magnetismo | materiales. Nanomateriales | Transiciones de fase Polímeros | Surfactantes | Copolímeros | Coloides | Materiales magnéticos,,"Magnetometría desde 4K hasta 1000K, H<=55KOe | Susceptibilidad ac desde 80K hasta 1000K | Medida de resistencia eléctrica, desde 4K hasta 350 K y con campos magnéticos aplicados hasta 50 KOe | Medidas termoeléctricas desde 80K hasta 350K | Medida de constantes dieléctricas desde 80K a 350K (20Hz a 1MHz) | Sintesis de nanomateriales; Sintesis de polímeros y copolímeros; Estabilidad coloidal; Propiedades magnéticas y eléctricas de los materiales cristalinos",,,https://imaisd.usc.es/grupoficha.asp?idpersoatipogrupo=75351&i=es&s=-126-328-329&v=,,grupo,{},USC_groups.csv
USC,Universidade de Santiago de Compostela,Galicia,extraido,GI-1321,Masticatory system research,MAST,"SANTANA MORA, URBANO ALEJANDRO",Departamento de Cirurxía e Especialidades Médico-Cirúrxicas,,Materiales de uso en Prótesis. Interacción con los tejidos bucales | Tecnología protésica | Oclusión. Articulación temporomandibular (ATM). Electromiografía de superficie | Dolor orofacial | Desarrollo orofacial | Implantología,6,declaradas,Articulación temporomandibular Dolor orofacial Prótesis Dental Oclusión dental Desarrollo orofacial,,Diagnóstico de la dinámica mandibular | Tratamiento etiológico del dolor orofacial | Implantología | Prótesis máxilo-facial | prótesis dental,,,https://imaisd.usc.es/grupoficha.asp?idpersoatipogrupo=75191&i=es&s=-126-328-329&v=,,grupo,{},USC_groups.csv
USC,Universidade de Santiago de Compostela,Galicia,extraido,GI-2170,Materia Condensada & Materiales Funcionales,MAT2,,Centro de Investigación en Química Biolóxica e Materiais Moleculares (CIQUS) Web: https://twitter.com/mat2ciqususc,,pendiente de definir,1,declaradas,sin definir,,sin definir,,,https://imaisd.usc.es/grupoficha.asp?idpersoatipogrupo=252420&i=es&s=-126-328-329&v=,,grupo,{},USC_groups.csv
USC,Universidade de Santiago de Compostela,Galicia,extraido,GI-1957,"Mecanismos humorales, celulares y genéticos de la artritis",Mecanismos en la artritis,"MERA VARELA, ANTONIO JOSE","Departamento de Psiquiatría, Radioloxía, Saúde Pública, Enfermaría e Medicina",,Evaluación clínica de nuevos fármacos en el tratamiento de las enfermedades reumáticas | Epidemiología genética de las enfermedades reumáticas | Mediadores de la respuesta inflamatoria en enfermedades reumáticas | Identificación y validación de dianas terapéuticas en enfermedades reumáticas,4,declaradas,artritis reumatioide | artrosis | lupus eritematoso sistémico | hormonas | adipocitoquinas | condrocitos,,"Estudios clínicos: diseño, desarrollo, gestión y evaluación | Estudios genéticos: diseño, desarrollo y evaluación | Cultivos celulares, estudio de interacciones ligando-receptor, viabilidad, respuestas biológicas, rutas de señalización intracelular, bioquímica de proteínas y péptidos hormonales | Modelos fisiológicos y patológicos en animales con cepas isogénicas y modificadas genéticamente | Biología molecular de la inflamación a nivel articular",,,https://imaisd.usc.es/grupoficha.asp?idpersoatipogrupo=138685&i=es&s=-126-328-329&v=,,grupo,{},USC_groups.csv
USC,Universidade de Santiago de Compostela,Galicia,extraido,GI-2119,Mecanismos moleculares de la enfermedad,MeMoEn,"ZALVIDE TORRENTE, JUAN BAUTISTA","Departamento de Bioquímica e Bioloxía Molecular Departamento de Fisioloxía Departamento de Farmacoloxía, Farmacia e Tecnoloxía Farmacéutica Web: https://memoen.weebly.com/",,Patogenia y fisiopatología de malformaciones vasculares | Mecanismos moleculares del cancer: alteraciones del ciclo celular | Biología de Mst kinasas | Biología celular de la infección viral | Virus y cáncer | Reparación de ADN e integridad genómica | Respuesta celular al estrés | Identificacion de nuevos biomarcadores en cáncer mediante técnicas de genómica funcional | Validación de dianas terapéuticas en cáncer por medio de modelos de animales transgénicos | Nanomedicina como nueva estrategia terapéutica en cáncer,10,declaradas,"cáncer | estrés celular | malformaciones vasculares | GC Kinasas | polaridad celular | ciclo celular | diferenciación | proliferación | supresión tumoral, modelos animales | ratones transgénicos, células madre | Reparación del ADN | sumoilación | nucleasas | recombinación de ADN | infección viral",,Identificación de nuevas dianas terapáuticas | Manejo y análisis de animales genéticamente modificados | Cultivos celulares | Análisis de Biología Molecular y Celular,,,https://imaisd.usc.es/grupoficha.asp?idpersoatipogrupo=205746&i=es&s=-126-328-329&v=,,grupo,{},USC_groups.csv
USC,Universidade de Santiago de Compostela,Galicia,extraido,GI-1736,Medicina Genómica,GMX - USC,"CARRACEDO ALVAREZ, ANGEL MARIA","Departamento de Ciencias Forenses, Anatomía Patolóxica, Xinecoloxía e Obstetricia e Pediatría Instituto Instituto de Ciencias Forenses ""Luis Concheiro"" (INCIFOR) Web: http://xenomica.eu",,Genética forense | Genética de poblaciones humanas | Análisis de bases de datos genómicas | Genética de poblaciones aplicada a biomedicina (enfermedades simples y complejas) | Antropología molecular | Bioinformática | ADN antiguo | Genética del cáncer (particularmente cáncer hereditario y esporádico de colon y mama) | Genética de enfermedades psiquiátricas | Genética en oftalmología | Genética de otras enfermedades complejas | Farmacogenética y farmacogenómica | Fecundación in vitro y diagnóstico prenatal | Genética evolutiva | Evolución genómica | Evolución molecular | Genotipado de SNPs y polimorfismos de ADN con técnicas de high-throughput | Genética de enfermedades neurolófgicas | Inestabilidad mitocondrial en tumorgénesis | Enfermedades mitocondriales y enfermedades complejas asociadas a ADN mitocondrial | Seucuenciación de alto rendimiento (NGS) | Genética de los trastornos del neurodesarrollo,22,declaradas,Polimorfismos de ADN | Polimorfismos nucleotídicos simples (SNPs) | microsatélites | ADN mitocondrial | genética de poblaciones | genética forense | DNA antiguo | cáncer de mama | cáncer de colon | cáncer hereditario | genética oftalmológica | reumatología molecular | enfermedades inflamatorias | fecundación in vitro | genética de enfermedades complejas | genética evolutiva | evolución molecular | evolución genómica | bioinformática | genotipado de SNPs | genética de enfermedades psiquiátricas | ultrasecuenciación | exomas,,"La aplicación de las más modernas tecnologías de análisis genético o farmacéutico requieren, además de los equipos necesarios, un conocimiento experto para la interpretación adecuada de los resultados obtenidos de los mismos. Igualmente, para el diseño y la valoración de la oportunidad de la realización de estos estudios, antes de iniciar el proceso es imprescindible tener un adecuado conocimiento general del campo y específico de las capacidades, limitaciones y alternativas en cada caso. El Grupo de Medicina Xenómica ofrece servicios de consultoría y asesoramiento en las diversas áreas de actividad en las que opera a través de equipos multidisciplinarios de científicos profesionales con larga experiencia y reconocida reputación y liderazgo. El GMX proporciona a investigadores, profesionales sanitarios, biotecnológicos y de los sectores farmacéutico e industrial los siguientes servicios de excelencia: * Centro Nacional de Genotipado (CEGEN-PRB2). El objetivo del centro es ofrecer genotipado de alto rendimiento de SNPs (GWAS, estudios de ligamiento ), análisis de post-genotipado (herramientas estadísticas y bioinformáticas) y estudios de genómica funcional. El CEGEN tiene varias plataformas de genotipado de alto rendimiento: MassArray (agena Bioscience), GeneChip, Axiom (Affymetrix) y SureScan Microarray Scanner (Agilent technologies). Más información en http://www.usc.es/cegen/. * FARMAXEN: Laboratorio dotado con un espacio independiente habilitado para la extracción de ADN, PCR y procesamiento post-PCR de las muestras. Dispone de toda la instrumentación y técnicas necesarias para la realización de análisis farmacogenéticos: campana de seguridad biológica de clase II (Biological safety cabinet ESCO Class II BSC,Streamline), campana de UV (DNA/RNA UV-cleaner box UVC/T-AR, Biosan), centrifugas (Centrifuge 5810, Centrifuge 5424 R, Eppendorf), bloques térmicos (ThermoMixer C, Eppendorf), fluorómetro (Qubit 3.0 fluorometer, Thermo Fisher Scientific), termocicladores de placa (Veriti 96 well Thermal Cycler, Applied Biosystems), PCR en tiempo real (QuantStudio 12K, Thermo Fisher Scientific), arcón de -80ºC, congeladores de -20ºC y neveras de 4ºC",,,https://imaisd.usc.es/grupoficha.asp?idpersoatipogrupo=75635&i=es&s=-126-328-329&v=,,grupo,"{""telefono"": ""981-563100 ext.12215""}",USC_groups.csv
USC,Universidade de Santiago de Compostela,Galicia,extraido,GI-1694,Medicina Interna,MEDINT,"GONZALEZ QUINTELA, ARTURO","Departamento de Psiquiatría, Radioloxía, Saúde Pública, Enfermaría e Medicina",,Patología relacionada con el alcohol | Diagnóstico y tratamiento de las enfermedades hepáticas | Epidemiología de las enfermedades alérgicas y su relación con el consumo de alcohol,3,declaradas,alcohol | hígado | hepatitis | cirrosis | inmunidad | inmunoglobulinas | inmunoglobulina E | alergia | inmunodeficiencia | infección | virus de la inmunodeficiencia humana | SIDA | virus hepatitis | tuberculosis | hipertensión arterial | aterosclerosis | cronobiología | cronoterapia | medicina interna,,"Diagnóstico y tratamiento de las enfermedades del ámbito de la Medicina Interna (especialmente hepáticas, relacionadas con el consumo de alcohol, infecciosas, inmunodeficiencia, alergia, y causantes de riesgo vascular)",,,https://imaisd.usc.es/grupoficha.asp?idpersoatipogrupo=75592&i=es&s=-126-328-329&v=,,grupo,{},USC_groups.csv
USC,Universidade de Santiago de Compostela,Galicia,extraido,GI-1706,Medicina Interna Veterinaria,MIV,"FIDALGO ALVAREZ, LUIS EUSEBIO","Departamento de Anatomía, Produción Animal e Ciencias Clínicas Veterinarias",,Podología bovina | Gestión medioambiental: Sanidad animal | Medicina interna de animales de renta y compañía | Metabolismo mineral y óseo | Medicina y Sanidad de las especies silvestres,5,declaradas,Podología | medicina interna | metabolismo mineral | especies silvestres,,"Medicina interna | Análisis de sangre, suero y muestras biológicas",,,https://imaisd.usc.es/grupoficha.asp?idpersoatipogrupo=75604&i=es&s=-126-328-329&v=,,grupo,{},USC_groups.csv
USC,Universidade de Santiago de Compostela,Galicia,extraido,GI-1739,Medicina Legal,GI-1739,"RODRIGUEZ CALVO, MARIA SOL","Departamento de Ciencias Forenses, Anatomía Patolóxica, Xinecoloxía e Obstetricia e Pediatría",,Valoración del daño corporal | Reacción vital y data de la muerte | Violencia de pareja | Identificación Médico Legal,4,declaradas,daño corporal. traumatismo craneoecefálico | data de la muerte | muerte súbita,,Clínica médico-legal | Microscopía óptica con fotomicroscopía y vídeo | Equipo vídeo-audiovisual | Laboratorio de Histología y de Bioloxía molecular,,,https://imaisd.usc.es/grupoficha.asp?idpersoatipogrupo=75639&i=es&s=-126-328-329&v=,,grupo,{},USC_groups.csv
USC,Universidade de Santiago de Compostela,Galicia,extraido,GI-2180,Metabolismo Molecular,MetaMol,"NOGUEIRAS POZO, RUBEN",Departamento de Fisioloxía,,Mecanismos implicados en el desarrollo del daño hepático Mecanismos hipotalámicos para la regulación de la homeostasis energética Relación entre obesidad y cáncer,1,declaradas,metabolismo | ácidos grasos | glucosa | obesidad | daño hepático | cáncer | caquexia,,"Fenotipado metabólico de roedores: calorimetría indirecta, termografía, metabolismo de glucosa y lípidos",,,https://imaisd.usc.es/grupoficha.asp?idpersoatipogrupo=269591&i=es&s=-126-328-329&v=,,grupo,{},USC_groups.csv
USC,Universidade de Santiago de Compostela,Galicia,extraido,GI-1705,Metabolismo y patología animal,METANIMAL,"CASTILLO RODRIGUEZ, CRISTINA",Departamento de Patoloxía Animal,,"Estudio del metabolismo de rumiantes | Estrategias nutricionales de los animales domésticos | Análisis de los factores de variación de las variables fisiológicas bovinas y ovinas | Medicina de la vaca lechera de alta producción (VLAP) | Electrocardiografía de los animales domésticos y silvestres. Terapéutica cardiocirculatoria | Estudio de las patologías medioambientales en animales domésticos y silvestres | Sostenibilidad e interacción con el medio ambiente | Métodos complementarios en la exploración de los animales domésticos | Historia de las Ciencias Veterinarias | Impacto del estrés térmico en la fisiología, productividad, salud y eficiencia metabólica del ganado vacuno | Predicción, determinación y mitigación de las emisiones de gases de efecto invernadero en sistemas de producción de ganado vacuno",11,declaradas,Animales domésticos y silvestres | metabolismo | metales pesados | homeostasis calcica,,"Determinación de los parámetros metabólicos en rumiantes, especialmente ganado vacuno, y su relación con la nutrición y la producción | Determinación de los diferentes metales pesados en el ganado vacuno de Galicia y Asturias | Estudio de la prevención, manejo y tratamiento de las patologías asociadas a la mama y al equilibrio cálcico",,,https://imaisd.usc.es/grupoficha.asp?idpersoatipogrupo=75603&i=es&s=-126-328-329&v=,,grupo,{},USC_groups.csv
USC,Universidade de Santiago de Compostela,Galicia,extraido,GI-2173,MetalingüísTICa,,"ZAS VARELA, MARIA LUZ","Departamento de Lingua e Literatura Españolas, Teoría da Literatura e Lingüística Xeral Web: http://avel.cesga.es/grupo/",,Sociolingüística. Sociolingüística crítica. Lingüística aplicada. Etnografía. Planificación lingüística. Políticas lingüísticas. Diversidade lingüística e cultural: linguas orais e linguas sinadas. Tecnología crítica y repertorios lingüísTICos | Lingüística de corpus | Ecolingüística | Biolingüística | Ideologías lingüísticas. Ideologías del estándar | Lingüística con perspectiva de género,6,declaradas,Etnografía | repertorios lingüísticos | plurilingüismo | planificación lingüística | Multimodalidad,,Proyectos colaborativos en el ámbito de la educación lingüística | Formación del profesorado para abordar estrategias y metodologías en la enseñanza de lenguas en contextos multilingües | Repertorios plurilingües y multimodales | Políticas lingüísticas inclusivas | Lingüística de corpus | Lingüística con perspectiva equitativa e inclusiva,,,https://imaisd.usc.es/grupoficha.asp?idpersoatipogrupo=259986&i=es&s=-126-328-329&v=,,grupo,{},USC_groups.csv
USC,Universidade de Santiago de Compostela,Galicia,extraido,GI-1680,"Metodología jurídica: Interpretación, aplicación y argumentación jurídica",Metodología jurídica,"SEGURA ORTEGA, MANUEL",Departamento de Dereito Público Especial e da Empresa,,metodología jurídica en el siglo XX: principales aportaciones,1,declaradas,INTERPRETACIÓN | APLICACIÓN | ARGUMENTACIÓN JURÍDICA,,justificación y controln de decisiones judiciales,,,https://imaisd.usc.es/grupoficha.asp?idpersoatipogrupo=75578&i=es&s=-126-328-329&v=,,grupo,{},USC_groups.csv
USC,Universidade de Santiago de Compostela,Galicia,extraido,GI-1620,Modelización Ambiental,GI-1620,"CASARES LONG, JUAN JOSE",Departamento de Enxeñaría Química,,"Contaminación ambiental: Estudio de emisiones, tecnologías ambientales, modelización multimedia, dispersión de contaminantes atmosféricos, modelos de calidad del aire | Análisis de sistemas: Variabilidad climática, modelización de sistemas industriales, radiación solar",2,declaradas,Medio ambiente | tecnologías ambientales | prevención y control de la contaminación | contaminación atmosférica | modelización,,"Asesoramiento técnico en medio ambiente atmosférico, mejores tecnologías disponibles, riesgos ambientales, ecología industrial",,,https://imaisd.usc.es/grupoficha.asp?idpersoatipogrupo=75509&i=es&s=-126-328-329&v=,,grupo,{},USC_groups.csv
USC,Universidade de Santiago de Compostela,Galicia,extraido,GI-2152,Modelización Econométrica y Medición de la Eficiencia-Productividad,MEMEP,"GONZALEZ MURIAS, PILAR",Departamento de Economía cuantitativa Web: http://webspersoais.usc.es/persoais/xoseanton.rodriguez/,,Modelización econométrica | Productividad y eficiencia | Desarrollo sostenible | Econometría sectorial | Economía minera | Economía del turismo,6,declaradas,Modelización econométrica | productividad | eficiencia | competitividad | cambio tecnológico | asignación de recursos | economías de escala | crecimiento económico | bienestar | econometría aplicada,,SERVICIOS: Modelización econométrica de la realidad socioeconómica y empresarial. Estudios de productividad y eficiencia en empresas y sectores productivos con la finalidad de crear alternativas de competitividad. Estudios económico-cuantitativos en general. RECURSOS: Amplia experiencia en estudios económico-cuantitativos aplicados,,,https://imaisd.usc.es/grupoficha.asp?idpersoatipogrupo=236202&i=es&s=-126-328-329&v=,,grupo,"{""telefono"": ""981-563100 ext.11527""}",USC_groups.csv
USC,Universidade de Santiago de Compostela,Galicia,extraido,GI-1720,"Modelización, Energía y Mecanización en Biosistemas",BioMODEM,"FERNANDEZ RODRIGUEZ, MARIA DOLORES",Departamento de Enxeñaría Agroforestal Web: http://biomodem.es,,"Monitorización, modelización y control de variables ambientales, animales y productivas en explotaciones ganaderas | Aplicación de las energías renovables, sostenibilidad y eficiencia energética en el medio rural | Agricultura de precisión. Smart Farming | Ganadería de precisión. Mecanización de explotaciones ganaderas | Sistemas de laboreo e recolección en patata y cultivos forrajeros (maíz forrajero y pratenses) | Gestión logística de parques de maquinaria. Modelado, simulación y gestión de rutas | Optimización de redes de drenaje subterráneo para suelos agrícolas | Calidad de la madera, aptitud tecnológica (física y química) y certificación con mejora da trazabilidad del producto según su aplicabilidad en las industrias de primera y segunda transformación | Desarrollo sostenible del mundo rural: Planificación, gestión y uso de la madera de especies frondosas caducifolias en la industria tonelera | Procesado, valorización y aplicaciones de subproductos y residuos de industrias agroalimentarias",10,declaradas,Mecanización | Sistemas de laboreo | Agricultura de conservación | Tecnología de post-cosecha | Gestión de fotas de Maquinaria | Explotaciones ganaderas | Propiedades físicas del suelo | Automatización | Control óptimo | Climatización invernaderos | Modelización de invernaderos | Recursos eólicos | Energías renovables,,Ensayos de maquinaria agrícola y forestal | Modificaciones de máquinas comerciales | Desarrollo de nuevas máquinas | Detección de impactos en almacenes y cosechadoras de patatas | Análisis energético de instalaciones eléctricas | Automatización de procesos agroganaderos,,,https://imaisd.usc.es/grupoficha.asp?idpersoatipogrupo=75618&i=es&s=-126-328-329&v=,,grupo,{},USC_groups.csv
USC,Universidade de Santiago de Compostela,Galicia,extraido,GI-1564,Modelos Matemáticos y Simulación Numérica en Mecánica de Sólidos,MOSISOLID,"VIAÑO REY, JUAN MANUEL",Departamento de Matemática Aplicada Web: http://www.usc.es/dmafm/grupo_viano/index.htm,,"Estructuras finas: modelización y cálculo de estructuras compuestas de vigas, placas y láminas elásticas, viscoelásticas o viscoplásticas | Mecánica del contacto: modelización matemática y simulación numérica de problemas de contacto, rozamiento, adhesión y desgaste en estructuras elásticas, viscoelásticas y viscoplásticas | Biomecánica: simulación numérica y modelos matemáticos de mandíbula humana y de formación de huesos | Diseño mecánico: volantes de automóvil, ortodoncia",4,declaradas,"Ecuaciones diferenciales | simulación numérica, diseño asistido por ordenador | cálculo de estructuras | elasticidad | plasticidad | viscoelasticidad | viscoplasticidad | piezoelectricidad | contacto mecánico | rozamiento | adhesión | desgaste | vigas | placas | láminas | vibraciones | elementos finitos | métodos asintóticos | mallado | biomecánica | biomatemáticas | ortodoncia | formación de huesos",,"Proposición y análisis matemático de modelos de comportamiento en problemas de estructuras (piezas, puentes, edificios, vehículos): vigas, placas, láminas, vibraciones, contacto, rozamiento, adhesión, desgaste, transferencia de calor, plastificación, materiales con memoria, | Análisis y programación de algoritmos numéricos para la resolución en ordenador de modelos de sólidos elásticos, viscoelásticos o viscoplásticos: elementos finitos, diferencias finitas, mallados, preproceso de datos, postproceso y análisis de resultados (tensiones, deformadas, campos de temperatura, ...), validación de modelos e métodos, | Modelización matemática y simulación numérica en biomecánica: mandíbula humana, ortoncia y formación de huesos",,,https://imaisd.usc.es/grupoficha.asp?idpersoatipogrupo=75452&i=es&s=-126-328-329&v=,,grupo,{},USC_groups.csv
USC,Universidade de Santiago de Compostela,Galicia,extraido,GI-1313,Modelos de cirugía experimental,Cirugía experimental,"CAINZOS FERNANDEZ, MIGUEL ANGEL",Departamento de Cirurxía e Especialidades Médico-Cirúrxicas,,Modelos experimentales de ictericia obstruciva y alteraciones inmunológicas | Modelos de cirugía laparoscópica versus cirugía abierta | Estudio del desarrollo de adherencias intraabdominales | Modelos de infección del sitio quirúrgico (pared abdominal e infecciones intraabdominales) | Estudio de materiales impregnados de antibióticos o antisépticos,5,declaradas,Ictericia | infección quirúrgica | sistema inmune. Cirugía laparoscópica. Materiales quirúrgicos. Adherencias intraabdominales. Antibióticos | antisépticos,,"Laboratorio de cirugía experimental. Dotación completa para la realización de cirugía laparoscópica. Posibilidad para la realización de cirugía en todo tipo de animales: pequeños, medianos y grandes",,,https://imaisd.usc.es/grupoficha.asp?idpersoatipogrupo=75183&i=es&s=-126-328-329&v=,,grupo,{},USC_groups.csv
USC,Universidade de Santiago de Compostela,Galicia,extraido,GI-1914,"Modelos de optimización, decisión, estadística y aplicaciones",MODESTYA,"GONZALEZ MANTEIGA, WENCESLAO","Departamento de Estatística, Análise Matemática e Optimización Web: http://eio.usc.es/pub/GI1914",,"Inferencia estadística | Bioestadística | Geoestadística | Técnicas de muestreo y remuestreo | Series temporales | Inferencia no paramétrica | Datos categóricos | Datos censurados y/o truncados | Predicción | Análisis multivariante | Técnicas de Optimización, Teoría de Juegos",11,declaradas,Inferencia estadística | Modelización estadística | Predicción | Bioestadística | Geoestadística | Mapas estadísticos,,Asesoramiento estadístico y análisis de datos; Predicción en series de tiempo; Elaboración de mapas a partir de datos espaciales; Aplicaciones estadísticas en industria; Modelización en finanzas; Estadística medioambiental; Bioestadística; Estadística de Turismo,,,https://imaisd.usc.es/grupoficha.asp?idpersoatipogrupo=135926&i=es&s=-126-328-329&v=,,grupo,"{""telefono"": ""981-563100 ext.13204""}",USC_groups.csv
USC,Universidade de Santiago de Compostela,Galicia,extraido,GI-1725,Morfología animal,MORFAN,"SANCHEZ QUINTEIRO, PABLO","Departamento de Anatomía, Produción Animal e Ciencias Clínicas Veterinarias",,Anatomía comparada del sistema nervioso central en mamíferos domésticos | Sistema vomeronasal en mamíferos | Biotoxinas: estudios morfofisiopatológicos | Estudios morfológicos apoyados en técnicas de imagen | Estudios morfológicos en mamíferos marinos | Anatomía animal comparada y aplicada,6,declaradas,anatomía veterinaria | aves silvestres | sistema nervioso central | órgano vomeronasal | bulbo olfatorio accesorio | amígdala vomeronasal | rinencéfalo | hipocampo | herpesvirus | apoptosis | ficotoxinas | ácido domóico | sistema inmunitario | toxinas marinas | vascularización | glándula pituitaria | adenohipófisis | angiogénesis,,Angiografía | Histoquímica e Inmunohistoquímica | Marcadores neuronales,,,https://imaisd.usc.es/grupoficha.asp?idpersoatipogrupo=75623&i=es&s=-126-328-329&v=,,grupo,{},USC_groups.csv
USC,Universidade de Santiago de Compostela,Galicia,extraido,GI-2203,"Motricidad, Educación Física y Salud",MEFyS,"NAVARRO PATON, RUBEN",Departamento de Didácticas Aplicadas Web: https://investigacion.usc.gal/grupos/62928/detalle,,"Evaluación y análisis de la competencia motriz | Hábitos saludables para la población | Modelos pedagógicos y de enseñanza aprendizaje | Alfabetización motriz y física | Formación del Profesorado y otro agentes educativos | Enseñanza aprendizaje de la Educación Física | Análisis de las conductas educativas, lúdicas, motrices y de la calidad de vida sobre las conductas motoras de las personas a lo largo de la vida",7,declaradas,Educación Física | Educación Primaria | Competencia Motriz | Educación Infantil | Formación del Profesorado | Educación al aire libre | Salud,,"Asesoramiento a centros educativos y organizaciones educativas, profesionales y familias sobre actividad física para la salud | Formación inicial y permanente del profesorado | Diseño y evaluación de la calidad de programas de actividad física o alfabetización motriz en centros educativos o de formación",,,https://imaisd.usc.es/grupoficha.asp?idpersoatipogrupo=305444&i=es&s=-126-328-329&v=,,grupo,{},USC_groups.csv
USC,Universidade de Santiago de Compostela,Galicia,extraido,GI-2222,Nanoestructuras Supramoleculares y Quirales,NanoSupraChiro,"BERGUEIRO ALVAREZ, JULIAN",Centro de Investigación en Química Biolóxica e Materiais Moleculares (CIQUS),,"Nuevas topologías helicoidales y origen de la vida El objetivo de esta línea de investigación es profundizar en cómo se produjo la transición entre procesos puramente químicos y procesos biológicos complejos en las etapas iniciales del desarrollo de la vida. Empleando una aproximación bottom-up, se llevarán a cabo experimentos en modelos de protocélulas donde moléculas sencillas especialmente diseñadas podrán autoensamblarse de manera controlada para facilitar la comprensión de los principios que rigen la definición de auto-sostenibilidad celular. En particular, se diseñarán novedosos péptidos helicoidales para acceder a arquitecturas supramoleculares de hélices super-enrolladas que faciliten un incremento sustancial de la complejidad celular sin requerir un gran esfuerzo sintético | Ensamblaje peptídico a través de la quiralidad El objetivo de esta línea de investigación es comprender y controlar los procesos por los que la información quiral se transmite y amplifica en los sistemas peptídicos auto-ensamblados, estableciendo las bases para el diseño racional de nuevas arquitecturas supramoleculares. Mediante una aproximación que combina síntesis de péptidos con aminoácidos no canónicos y técnicas avanzadas de espectroscopía quiróptica (CD, CPL), se explorarán los factores que determinan la aparición de quiralidad emergente en agregados peptídicos de orden superior. En particular, se prestará especial atención a la exo-quiralidad de la α-hélice y a la construcción de hélices super-enrolladas (coiled-coils) con geometrías no convencionales, que permitirán traducir la quiralidad molecular en propiedades macroscópicas funcionales | Estructuras peptídicas para nuevas terapias génicas y su transferencia Esta línea de investigación se centra en el diseño y desarrollo de nuevas plataformas peptídicas capaces de modular selectivamente la expresión génica, abordando dianas terapéuticas actualmente inaccesibles para las estrategias convencionales. A través de la integración de ácidos nucleicos peptídicos (PNAs) con topologías helicoidales innovadoras, se busca establecer un nuevo paradigma en la regulación génica basado en el reconocimiento de triplexes de DNA/RNA con alta especificidad y estabilidad. Los sistemas desarrollados se evaluarán frente a dianas clínicamente relevantes en procesos como la regeneración tisular y la fibrosis, y se formularán en vehículos de transferencia adecuados para garantizar su entrega eficiente a los tejidos de interés. El carácter translacional de esta línea, articulado a través de consorcios internacionales, permitirá avanzar desde conceptos químicos fundamentales hasta aplicaciones terapéuticas reales | Ensamblaje de nanomateriales en células El objetivo de esta línea de investigación es emplear las células como matraces de reacción para sintetizar moléculas auto-ensamblantes capaces de agregarse en nanomateriales con potencial actividad terapéutica. Empleando péptidos como monómeros supramoleculares, estos pueden modificarse químicamente para reaccionar con componentes celulares y así activar su auto-ensamblaje de manera dirigida. Estos procesos se estudiarán en bacterias y células de mamífero en el contexto de procesos infecciosos y tumorales, respectivamente | Nuevos medios de detección y transferencia de quiralidad El objetivo de esta línea de investigación es desarrollar nuevas metodologías experimentales para la detección, cuantificación y transferencia controlada de información quiral en sistemas moleculares y supramoleculares. Para ello, se diseñarán configuraciones ópticas a medida que integren luz polarizada circularmente, fluoróforos sensibles al entorno quiral y sondas de lantánidos con propiedades de luminiscencia polarizada circularmente (CPL), ampliando significativamente las herramientas disponibles para el estudio de sistemas biológicos y biomiméticos. En paralelo, se explorará la transferencia de quiralidad entre componentes moleculares a través de mecanismos de FRET quiral, fotoexcit",5,declaradas,Autoensamblaje peptídico | Quiralidad supramolecular | Péptidos helicoidales | Ácidos nucleicos peptídicos (PNAs) | Terapia génica | Espectroscopía quiróptica | Química de sistemas | Péptidos antimicrobianos,,"Síntesis de péptidos a medida Descripción. Síntesis de péptidos lineales, cíclicos y modificados mediante síntesis en fase sólida (SPPS) bajo química Fmoc, con capacidad para incorporar aminoácidos no canónicos, fluoróforos, sondas isotópicas, ligandos lantánidos (DOTA, DO3A), grupos para click chemistry (azidas, alquinos) y modificaciones post-síntesis (conjugación, ciclación, marcaje selectivo). El servicio abarca desde el diseño de la secuencia hasta la entrega del péptido purificado y caracterizado. Técnicas y equipamiento. Sintetizadores automáticos y manuales de SPPS; HPLC preparativo y analítico de fase reversa; LC-MS para control de pureza; liofilización. Entregable. Péptido liofilizado (10 mg1 g) con certificado de análisis incluyendo pureza por HPLC (>95 %), espectro de masas (ESI-MS o MALDI-TOF) y ficha técnica de manejo y almacenamiento. Aplicaciones típicas. Investigación académica en química biológica, validación de dianas terapéuticas, desarrollo de sondas para imagen biomédica, preparación de antígenos y estándares analíticos | Caracterización del folding peptídico Descripción. Caracterización estructural y conformacional de péptidos y proteínas pequeñas en solución, abarcando la determinación del contenido de estructura secundaria (α-hélice, hoja β, espirales aleatorias), la evaluación de la estabilidad térmica y química del folding, y el estudio de procesos de auto-ensamblaje o agregación. Especialmente adecuado para la validación de estructuras helicoidales y foldámeros basados en aminoácidos no canónicos. Técnicas y equipamiento. Dicroísmo circular (CD) en rangos UV-Vis-NIR; espectroscopía de fluorescencia con sondas extrínsecas (NBD, dansilo) e intrínsecas (Trp, Tyr); experimentos de desnaturalización térmica y química; deconvolución espectral mediante algoritmos especializados (CDSSTR, CONTIN, SELCON3). Entregable. Informe técnico con los espectros adquiridos, contenido de estructura secundaria, parámetros termodinámicos del folding e interpretación experta de los resultados. Aplicaciones típicas. Validación de diseños peptídicos, estudio de foldámeros, caracterización de procesos de agregación y estabilidad de candidatos terapéuticos | Estudios de transferencia de quiralidad Descripción. Estudio de la generación, amplificación y transferencia de información quiral en sistemas moleculares y supramoleculares, incluyendo la medida de luminiscencia polarizada circularmente (CPL) y la evaluación de mecanismos de comunicación quiral entre cromóforos. Técnicas y equipamiento. Dicroísmo circular (CD) y CPL; configuraciones ópticas a medida con luz polarizada circularmente; sondas de lantánidos; ensayos de FRET quiral. Entregable. Informe técnico con los espectros de CD/CPL, factores de disimetría (g_abs, g_lum) e interpretación de los mecanismos de transferencia quiral. Aplicaciones típicas. Desarrollo de materiales quirópticos, sensores enantioselectivos, estudio de sistemas emisores de CPL | Ensamblaje dirigido de péptidos en cé",,,https://imaisd.usc.es/grupoficha.asp?idpersoatipogrupo=332039&i=es&s=-126-328-329&v=,,grupo,{},USC_groups.csv
USC,Universidade de Santiago de Compostela,Galicia,extraido,GI-2197,Nanoherramientas para Aplicaciones Biomedicas,BioNanoTools,"PELAZ GARCIA, BEATRIZ",Centro de Investigación en Química Biolóxica e Materiais Moleculares (CIQUS),,"Desarrollo de nano y micro materiales funcionales para aplicaciones en terapia, diagnostico e imagen | Desarrollo de nanoimpresoras moleculares a partir de hebras de ADN para la impresión de ligandos en la superficie de nanomateriales | Desarrollo de materiales hibridos multifuncionales para el transporte y liberación controlada de diferentes cargos (p.ej. fármacos), catálisis, etc | Diseño de materiales biomimeticos a partir de componentes estructurales naturales para el desarrollo de trasnportadores de fármacos, vacunas, etc | Desarrollo de modelos in vitro 2D y 3D",5,declaradas,"Nanomateriales | coloides | materiales biomiméticos | nanoquímica | química supramolecular | funcionalización | terapia, diagnóstico | imagen | catálisis | nanotoxicología | nanobiointeracciones, tecnología de ADN",,"Diseño, producción y funcionalización de nanopartículas inorgánicas, orgánicas, biomiméticas e hibridas multifuncionales para aplicación en diagnostico, terapia, catálisis, imagen, etc | Caracterizacion físico-quimica y biológica de nanomateriales. Dispersión dinámica de la luz, espectroscopía de UV-Vis, ICP, determinación de superficie especifica BET. Ensayos celulares, citometría, microscopía confocal",,,https://imaisd.usc.es/grupoficha.asp?idpersoatipogrupo=296721&i=es&s=-126-328-329&v=,,grupo,{},USC_groups.csv
USC,Universidade de Santiago de Compostela,Galicia,extraido,GI-1608,Nanomateriales y Moléculas Bioactivas,NANOBIOMOL,"QUIÑOA CABANA, EMILIO",Centro de Investigación en Química Biolóxica e Materiais Moleculares (CIQUS) Web: http://www.usc.es/gi1608/,,"Polímeros Supramoleculares | Polímeros Biocompatibles y Dendrímeros: Transporte de Fármacos y Terapia Génica | Materiales inteligentes y sensores basados en polímeros helicoidales dinámicos | Deseño e síntese de nanomateriais | Química de carbohidratos. Diseño por modelización molecular, síntesis total y evaluación farmacológica de nuevos aminoácidos, péptidos e inhibidores enzimáticos | Química del heterociclos. Modelización molecular, síntesis total y estudio de la interacción ADN ligando | Determinación de estereoquímica por RMN",7,declaradas,"Esteroquímica | Configuraciones Absolutas | Quiralidad | Reactivos Auxiliares Quirales | Resonancia Magnética Nuclear (RMN) | Dicroísmo Circular (DC) | Bioactividad | Polímeros Biocompatibles | Macromoléculas | Quitosano | Dendrímeros. Biopolímeros | carbohidratos | péptidos | compostos bioactivos | inhibidores de glicosidasas | SIDA | cancer | Alzeheimer.Nanomateriais | Nanopartículas, funcionalización. Química combinatoria | Recoñecemento molecular. Receptores artificiais. Síntesis total. Catalizadores para síntesis asimétrica",,"HPLC-Masas (Electroespray) Dicroísmo Circular Síntesis en Fase Sólida Cromatografía de Exclusión-Light Scattering (SEC-MALLS) Ultrafiltración | Espectroscopía RMN, UV, IR, HPLC, GC | Deseño asistido por ordenador | Síntese de compostos orgánicos de interese biolóxico e industrial",,,https://imaisd.usc.es/grupoficha.asp?idpersoatipogrupo=75496&i=es&s=-126-328-329&v=,,grupo,"{""telefono"": ""981-563100 ext.14249""}",USC_groups.csv
USC,Universidade de Santiago de Compostela,Galicia,extraido,GI-1643,Nanotecnologías aplicadas al diseño de sistemas de liberación de fármacos,NANOBIOFAR,"ALONSO FERNANDEZ, MARIA JOSEFA","Departamento de Farmacoloxía, Farmacia e Tecnoloxía Farmacéutica",,Nanotecnologías aplicadas a biomateriales de interés farmacéutico y biomédico | Nano y microsistemas bioadhesivos destinados a la liberación de fármacos a nivel de superficies mucosas | Nanomedicina y cáncer | Nanomedicina y terapia génica | Nanomedicina y vacunas | Nanomedicina e Ingeniería de tejidos,6,declaradas,"Liberación de farmacos, nanobiotecnología, nanomedicina, biomateriales, bioadhesión, nanopartículas, micropartículas, sistemas coloidales",,"Asesoramiento en el diseño y caracterización de nuevos sistemas de liberación de fármacos y vacunas | Nano y microencapsulación de fármacos y vacunas | Caracterización química y físico-química de nano y microsistemas de liberación de fármacos: composición química, tamaño de partícula, morfología, potencial zeta | Evaluación biológica en cultivos celulares: toxicidad y mecanismo de acción de nanosistemas, mejora de la permeabilidad celular a fármacos, liberación intracelular de fármacos. Líneas celulares: Caco-2, Calu-3, HEK-297, MCF-7 | Evaluación biofarmacéutica y farmacocinética de nanosistemas y fármacos en modelos animales (ratón, rata, conejo)",,,https://imaisd.usc.es/grupoficha.asp?idpersoatipogrupo=75534&i=es&s=-126-328-329&v=,,grupo,"{""telefono"": ""981-563100 ext.14885""}",USC_groups.csv
USC,Universidade de Santiago de Compostela,Galicia,extraido,GI-1807,Neurociencia Cognitiva Aplicada y Psicogerontología,NeuCogA-Aging,"DIAZ FERNANDEZ, FERNANDO","Departamento de Psicoloxía Clínica e Psicobioloxía Departamento de Psicoloxía Evolutiva e da Educación Departamento de Psicoloxía Social, Básica e Metodoloxía Instituto Instituto de Psicoloxía (IPsiUS) Web: http://www.usc.es/gl/investigacion/grupos/n",,"1. Correlatos Psicofisiológicos y Neuropsicológicos de los procesos de atención, memoria, lenguaje, control ejecutivo y emociones. 2. Evaluación neuropsicológica y psicofisiológica de poblaciones clínicas y de riesgo (envejecimiento sano y con deterioro cognitivo, VIH-SIDA, Fibromialgia). 3. Factores de vulnerabilidad neuropsicológica en distintas patologías cerebrales. 4. Diferencias de género, hormonas sexuales y rendimiento neuropsicológico",1,declaradas,Neurociencia Cognitiva | Neuropsicología | Psicofisiología | Potenciales evocados cerebrales | marcadores neurobiológicos | procesos cognitivos y mentales | funcionamiento cerebral | envejecimiento | demencias | vulnerabilidad neuropsicológica | diferencias de género y hormonas sexuales,,"1. Laboratorio de Neurociencia Cognitiva, con equipo de EEG-Potenciales evocados cerebrales, de 64 canales (Brain Products) y 32 canales (Neuroscan). Servidor y red local de análisis. Posicionador de electrodos. Programas de estimación de fuentes generadoras cerebrales. 2. Unidad de Neuropsicología y Psicofisiología (Servicio de Psicología de la USC). 3. Laboratorio de Neuropsicología, con baterías y tests de diagnóstico neuropsicológico",,,https://imaisd.usc.es/grupoficha.asp?idpersoatipogrupo=77142&i=es&s=-126-328-329&v=,,grupo,{},USC_groups.csv
USC,Universidade de Santiago de Compostela,Galicia,extraido,GI-1909,Neurociencia de Sistemas,NeuroSist,"MARTIN CORA, FRANCISCO JAVIER",Departamento de Fisioloxía,,Neurociencia sensoriomotora. Neurociencia de la visión. Funciones cognitivas: memoria y toma de decisiones. Computacion neuronal,1,declaradas,"Electrofisiología | neurofarmacología | simulación de sistemas neurales, memoria de trabajo, toma de decisiones",,Estudios de neurofarmacología experimental (conducta y función neuronal). Disponibilidad de técnicas para la realización de registros electrofisiológicos (neurofisiología experimental),,,https://imaisd.usc.es/grupoficha.asp?idpersoatipogrupo=135895&i=es&s=-126-328-329&v=,,grupo,{},USC_groups.csv
USC,Universidade de Santiago de Compostela,Galicia,extraido,GI-1696,Neurociencias clínicas,Neurociencias,"LEIRA MUIÑO, ROGELIO MANUEL","Departamento de Psiquiatría, Radioloxía, Saúde Pública, Enfermaría e Medicina Web: http://www.linc-stg.eu",,"Terapia celular y Neurorreparación en la isquemia y hemorragia cerebral | Nanomedicina e imagen molecular en la isquemia cerebral | Celulas endoteliales progenitoras en la isquemia cerebral | Inmunidad e inflamación en procesos neurológicos agudos y en la degeneración crónica | Factores de crecimiento celular y reparación tisular en la isquemia cerebral | Penumbra isquémica: modelos experimentales | Marcadores moleculares de isquemia y hemorragia cerebrales | Polimorfismos genéticos de transportadores de neuroexcitotoxicidad | Deterioro neurológico precoz en la isquemia cerebral | Hemorragia intracerebral: marcadores de progresión | Hipertermia y daño neuronal | Inflamación e Isquemia cerebral | Mecanismos moleculares de tolerancia isquémica cerebral | Desacoplamiento molecular en la Isquemia cerebral aguda | Marcadores moleculares de infarto cerebral cardioembólico | Marcadores de deterioro cognitivo después del ictus | Proteómica de expresión de inestabilidad de las placas carotídeas | Depresión, demencia e Ictus | Marcadores oftalmológicos de enfermedad cerebrovascular | Enfermedad de queratocono | Parkinson | Enfermedades neuromusculares",22,declaradas,Ictus | isquemia cerebral | hemorragia cerebral | endotelio vascular | cultivos celulares | ateromatosis | factores de crecimiento neuronal y endotelial,,Neuroimagen: RM 9.4T | Citómetro - sorter FACSaria | MagnaPure Compact: extracción automática de ácidos nucleicos | Cultivos celulares: Células Progenitoras Endoteliales; HUVEC; neuronas y astrocitos; monocitos | Unidad de Proteómica | PCR a tiempo real y termocicladores | Laboratorio ultrasonográfico | Cromatografía líquida de alta presión | Enzimoinmunoanálisis | Banco de ADN y seroteca de ictus | Microscopía de Fluorescencia | IMMULITE 1000 Y ELECSYS 2010: SISTEMAS DE DIAGNÓSTICO | Banco de ADN y Seroteca de la enfermedad del Queratocono | Lector de microplacas Synergy 2 | Laboratorio de microcirugía animal,,,https://imaisd.usc.es/grupoficha.asp?idpersoatipogrupo=75594&i=es&s=-126-328-329&v=,,grupo,{},USC_groups.csv
USC,Universidade de Santiago de Compostela,Galicia,extraido,GI-1315,Neuromonitorización del paciente crítico,Neuromonitorización,"ARAN ECHABE, EDUARDO",Departamento de Cirurxía e Especialidades Médico-Cirúrxicas,,Estudio de las alteraciones del flujo cerebral postraumatico | Monitorización multimodal del paciente neurocrítico,2,declaradas,Presión intracraneal | oxígeno cerebral,,Saturación tisular de oxígeno cerebral | Monitorización de la presión intracraneal | Doppler transcraneal | Monitorización bioquímica del daño cerebral,,,https://imaisd.usc.es/grupoficha.asp?idpersoatipogrupo=75185&i=es&s=-126-328-329&v=,,grupo,{},USC_groups.csv
USC,Universidade de Santiago de Compostela,Galicia,extraido,GI-1203,Neuroquímica de la Epilepsia,,"SIERRA PAREDES, GERMAN",Departamento de Bioquímica e Bioloxía Molecular,,Papel de los receptores NMDA y AMPA en las crisis epilépticas experimentales | Estudio de las crisis epilépticas inducidas mediante despolimerización de la actina | Efecto de nuevos antiepilépticos sobre crisis epilépticas experimentales,3,declaradas,Epilepsia | microdialisis | actina | glutamato | glicina | asparatato | NMDA | hipocampo | EEG | HPLC,,Microdialisis HPLC para análisis de aminoácidos procedentes de muestras de microdiálisis,,,https://imaisd.usc.es/grupoficha.asp?idpersoatipogrupo=75071&i=es&s=-126-328-329&v=,,grupo,"{""telefono"": ""981-563100 ext.12212""}",USC_groups.csv
USC,Universidade de Santiago de Compostela,Galicia,extraido,GI-1599,Nuevas Metodologías Sintéticas,-SWT,"SEIJAS VAZQUEZ, JULIO ANTONIO",Departamento de Química Orgánica Web: http://www.usc.es/orchemlu,,"Síntesis Orgánica Asistida por Microondas (MAOS) | Síntesis y aplicaciones de líquidos iónicos | Desarrollo de nuevas metodologías sintéticas de bajo impacto medioambiental | Síntesis de compuestos con actividad biológica | Síntesis de compuestos de interés agroalimentario | Aislamiento, elucidación estructural y síntesis de productos naturales | Diseño y síntesis de nuevos cristales líquidos y surfactantes | Determinación de estructuras moleculares y composición de sustancias por resonancia magnética nuclear (RMN), espectroscopia IR, UV, y espectrometría de masas | Cálculo de estructuras y propiedades moleculares y molecular docking",9,declaradas,"Síntesis | productos naturales | determinación estructural | compuestos agroalimentarios | compuestos con actividad biológica | microondas | química verde | líquidos iónicos, cristal líqudo, RMN | surfactantes",,Diseño de síntesis de compuestos orgánicos | Elucidación estructural de compostos orgánicos | Modelado molecular | Síntesis Orgánica Asistida por Microondas | Estudios Resonancia Magnética Nuclear (RMN),,,https://imaisd.usc.es/grupoficha.asp?idpersoatipogrupo=75487&i=es&s=-126-328-329&v=,,grupo,{},USC_groups.csv
USC,Universidade de Santiago de Compostela,Galicia,extraido,GI-1641,"Nuevos Medios (Tendencias, Cibermedios, Impresos)",Novos Medios,"PEREIRA FARIÑA, JOSE",Departamento de Ciencias da Comunicación Instituto Instituto de Estudos e Desenvolvemento de Galicia (IDEGA) Web: http://www.novosmedios.org,,"Cibermedios y comunicación móvil: prensa local e hiperlocal, nuevos medios, arquitectura de la información, modelos de negocio, estructura de los medios, metamorfosis del periodismo, producción de contenidos, periodismo móvil | Televisión pública: economía de la comunicación y gestión, medios de servicio público, audiencias, información televisiva, estructura del sector | Radio: información radiofónica, estructura del sector | Comunicación corporativa: marketing, social media, información institucional | Comunicación política: discurso, participación ciudadana | Narrativas: multimedia, interactivas, transmedia e inmersivas, datos y visualización | Industrias culturales: dinamización cultural y modalidades expresivas | TIC y Sociedad de la Información: tecnologías e inclusión social, alfabetización digital y recepción, e-salud | Divulgación de la ciencia | Sistemas de comunicación móvil e inclusión psicosocial | Nuevos algoritmos aplicados a la comunicación | Desórdenes informativos, verificación y alfabetización mediática | Observatorio comunicativo y mediático",13,declaradas,Tendencias de comunicación | periodismo | ciberperiodismo | historia de la comunicación | estructura de la comunicación | comunicación organizacional | comunicación de crisis | producción informativa | políticas de comunicación | periodismo y literatura | comunicación local | prensa y escuela | audiencias,,"Planes de comunicación corporativa y de comunicación integral | Auditorías de comunicación. Diseño y elaboración de productos informativos -medios impresos y medios digitales en red | Elaboración de páginas web, arquitectura de la información y servicios informativos (análisis de contenido e investigación sobre el papel que desempeñan los actores en la agenda de los medios)",,,https://imaisd.usc.es/grupoficha.asp?idpersoatipogrupo=75531&i=es&s=-126-328-329&v=,,grupo,{},USC_groups.csv
USC,Universidade de Santiago de Compostela,Galicia,extraido,GI-1565,Observatorio Astronómico Ramón María Aller,OARMA,"DOCOBO DURANTEZ, JOSE ANGEL",Departamento de Matemática Aplicada Web: http://www.usc.es/astro,,Mecánica celeste | Astronomía y astrofísica de estrellas dobles y múltiples | Bólidos y meteoros | Astronomía de posición | Interferometría speckle | Historia de la Ciencia,6,declaradas,Estrellas dobles | mecánica celeste | galaxias,,Asesoramiento en temas astronómicos | Biblioteca especializada | Estación meteorológica. Datos | Programas de extensión cultural de astronomía | Observaciones con telescopios opticos,,,https://imaisd.usc.es/grupoficha.asp?idpersoatipogrupo=75453&i=es&s=-126-328-329&v=,,grupo,{},USC_groups.csv
USC,Universidade de Santiago de Compostela,Galicia,extraido,GI-2092,Optometría,,"YEBRA-PIMENTEL VILAR, EVA",Departamento de Física Aplicada,,"Lentes de contacto, película lagrimal y su interacción con la superficie ocular. Biocompatibilidad. Lentes de contacto y ojo seco. Superficie de lentes de contacto y adherencia microbiana. Biofilms. Epidemiología y etiología de los estados refractivos Calidad visual Visión binocular Tonometría. Técnicas de medida. Precisión y fiabilidad Control de calidad de la adaptación protésica para la detección de la sordera en periodo neonatal. Screening de la Pérdida Sensorial Dual (visión y audición) en la población gallega mayor. Estudio del efecto de la Pérdida Sensorial Dual (visión y audición) en el estado cognitivo de la población gallega mayor. Desarrollo de nuevos métodos de screening de la Pérdida Sensorial Dual basados en la autopercepción del estado sensorial",1,declaradas,"optometría | lentes de contacto | lágrima | ojo seco, córnea | biocompatibilidad | biofilm | anomalias refractivas | calidad visual | tonometría | visión binocular | Screening Neonatal | Pérdida auditiva | Pérdida Sensorial Dual | Envejecimiento Activo | Calidad de vida | Métodos de Screening | Deterioro cognitivo",,"Disponibilidad del Servicio de optometría de la EUOO da USC para examenes clínicos y pruebas complementarias. Asesoramiento optométrico a profesionales e instituciones. Estudios clínicos de líquidos y materiales de lentes de contacto. Implementar mejoras en: Técnicas para la valoración de la película lagrimal. Técnicas para la valoración de la superficie de lentes de contacto. Técnicas que evalúan la presión intraocular. Audiología Pediátrica Audiología Geriátrica Alteraciones de la Comunicación Rehabilitación Aural Adaptaciones Audiológico-Protésicas Formación Continua presencial, on-line y e-learning.Formación in-company. Atención personalizada a pacientes con Difunciones Auditivas de alta complejidad (infantil, adultos y seniors) Desarrollo de Protocolos y Guias Clínicas de Audiología",,,https://imaisd.usc.es/grupoficha.asp?idpersoatipogrupo=195119&i=es&s=-126-328-329&v=,,grupo,{},USC_groups.csv
USC,Universidade de Santiago de Compostela,Galicia,extraido,GI-1326,Oral sciences research group,OSRG,"TOMAS CARMONA, INMACULADA",Departamento de Cirurxía e Especialidades Médico-Cirúrxicas,,Metagenómica clínica: microbioma oral como herramienta diagnóstica de enfermedades orales y sistémicas | Identificación de biomarcadores moleculares en los fluidos orales para el diagnóstico de enfermedades orales o sistémicas | Técnicas de inteligencia artificial sobre datos ómicos e imágenes en Ciencias Odontológicas | Desarrollo de nuevas tecnologías y dispositivos para su aplicación en tratamientos endodónticos | Actividad antimicrobiana de agentes en la cavidad oral | Educación en salud oral y formación en Odontología,6,declaradas,Tratamiento odontologico integral | Ortodoncia | Pacientes con necesidades especiales | Laboratorio de microbiología oral/biología molecular | Genómica/proteinómica | Banco de muestras | Relación patología oral y sistémica | Saliva/biofilm/antimicrobianos | Educación,,"Unidad de Odontología Integrada en Pacientes con necesidades especiales (Santiago de C.) | Laboratorio de Microbiología Oral e Biología Molecular. Facultad d Medicina y Odontología (Santiago de C.) | Red de Infraestructuras de Apoyo a la Investigación y Desarrollo Tecnológico (RIADT, Santiago de C.) | Laboratorio de Apoyo a la Investigación. Servicio de Microbiología.CHUVI. Hospital Xeral (Vigo) | Unidad de Diagnóstico Genómico. Servicio de Microbiología. CHUAC-INIBIC (La Coruña) | Área de Genómica y Salud. Centro Superior de Investigación en Salud Pública (Valencia)",,,https://imaisd.usc.es/grupoficha.asp?idpersoatipogrupo=75196&i=es&s=-126-328-329&v=,,grupo,{},USC_groups.csv
USC,Universidade de Santiago de Compostela,Galicia,extraido,GI-2198,Organización Administrativa Postmoderna,OAP,"ALMEIDA CERREDA, MARCOS",Departamento de Dereito Público e Teoría do Estado,,"ORGANIZACIÓN ADMINISTRATIVA, EN PARTICULAR LOCAL | ADMINISTRACIÓN INSTRUMENTAL | RELACIONES INTERADMINISTRATIVAS | COLABORACIÓN PÚBLICO-PÚBLICO Y PÚBLICO-PRIVADA | CONTRATACIÓN ADMINISTRATIVA | SERVICIOS PÚBLICOS, EN PARTICULAR SOCIALES | EMPLEO PÚBLICO",7,declaradas,ORGANIZACIÓN ADMINISTRATIVA | ADMINISTRACIÓN INSTRUMENTAL | RELACIONES INTERADMINISTRATIVAS | COLABORACIÓN PÚBLICO-PÚBLICO Y PÚBLICO-PRIVADA | CONTRATACIÓN ADMINISTRATIVA | SERVICIOS PÚBLICOS | EMPLEO PÚBLICO,,Asesoría jurídica. Informe jurídico,,,https://imaisd.usc.es/grupoficha.asp?idpersoatipogrupo=296743&i=es&s=-126-328-329&v=,,grupo,{},USC_groups.csv
USC,Universidade de Santiago de Compostela,Galicia,extraido,GI-1698,Patología Molecular de las enfermedades raras,PatMol-ER,"ARAUJO VILAR, DAVID",Centro de Investigación en Medicina Molecular e Enfermidades Crónicas (CIMUS) Web: http://www.usc.es/medicina/UETeM.html,,"Bases moleculares y caracterización clínica de las lipodistrofias familiares | Análisis bioquímico y caracterización de modificaciones post-traduccionales en proteínas implicadas en la fisiopatología | Procesos neurodegenerativos asociados a variantes en BSCL2 | Bases etiopatogénicas, mecanismos fisiopatológicos y principios terapéuticos del síndrome metabólico | Uso de la inteligencia artificial como ayuda al diagnóstico de las lipodistrofias",5,declaradas,modificación post-traduccional de proteínas | patología molecular del tiroides | síndrome metabólico | lipodistrofias | adipogñenesis | neurodegeneración,,"Laboratorio de nivel 2 de seguridad para trabajar con priones del tipo ""scrapie"" | Genotipado, análisis proteómico y cristalografía en patología tiroidea, incluyendo cultivo celular y PCR en tiempo real | Genotipado y análisis proteómico lipodistrofias familiares, incluyendo cultivo celular y PCR en tiempo real | Evaluación clínica de los síndromes lipodistroficos raros | Tratamiento con leptina recombinante humana de los síndromes lipodistróficos raros",,,https://imaisd.usc.es/grupoficha.asp?idpersoatipogrupo=75596&i=es&s=-126-328-329&v=,,grupo,{},USC_groups.csv
USC,Universidade de Santiago de Compostela,Galicia,extraido,GI-1845,Patología en animales domésticos y ratones modificados genéticamente como modelo de enfermedades humanas,Modelos animales,"BRAVO MORAL, ANA MARIA","Departamento de Anatomía, Produción Animal e Ciencias Clínicas Veterinarias",,"Estudio de marcadores neurobiológicos en muertes suicidas | Caracterización fenotípica de ratones transgénicos | Oncología experimental | Patología de la piel, espontánea y experimental | Patología en la inspección postmortem de animales sacrificados en mataderos | Educación veterinaria en los centros superiores de enseñanza | Implementación e investigación de la estrategia One Health",7,declaradas,Patología fenotípica | Ratones modificados genéticamente | Inspección postmortem en mataderos | Educación Veterinaria | One Health | Suicidio | Receptor de serotonina | Receptor de glucocorticoides | Receptor de mineralocorticoides | ACTH | eje hipotálamo-hipófisis-adrenal | IKKbeta | IKKalpha | NFkB | Citoqueratinas,,Caracterización fenotípica de ratones transgénicos y knockout | Técnicas morfológicas e inmunohistoquímicas para el estudio del sistema nervioso central | Técnicas inmunohistoquímicas y de hibridación in situ | Diagnóstico anatomopatológico de enfermedades en los animales de abasto | Marcadores de diferenciación epidérmica,,,https://imaisd.usc.es/grupoficha.asp?idpersoatipogrupo=88326&i=es&s=-126-328-329&v=,,grupo,"{""telefono"": ""982-252195""}",USC_groups.csv
USC,Universidade de Santiago de Compostela,Galicia,extraido,GI-1447,Pedagogía Social y Educación Ambiental,SEPA-interea,"MEIRA CARTEA, PABLO ANGEL",Departamento de Pedagoxía e Didáctica Web: http://www.usc.es/sepa,,Educación y desarrollo comunitario | Educación Ambiental y Educación Social | Educación Social y Políticas Culturales en la Administración Local | Análisis del sistema educativo en Galicia | Tiempos educativos y sociales | Educación Ambiental y representaciones sociales,6,declaradas,Pedagogía Social | Educación Social | Educación Ambiental | Desarrollo Humano | Ocio e Tiempo Libre | Políticas Culturales,,Asesoramiento en diseño y evaluación de programas educativo-sociales | Elaboración de estrategas y procesos metodológicos en Educación Social y Educación Ambiental | Formación inicial y continua de investigadores y profesionais en Educación Social | Estudio y evaluación de problemáticas educativas y sociales,,,https://imaisd.usc.es/grupoficha.asp?idpersoatipogrupo=75323&i=es&s=-126-328-329&v=,,grupo,{},USC_groups.csv
USC,Universidade de Santiago de Compostela,Galicia,extraido,GI-1191,"Personas, Organizaciones Sostenibles y Márketing",POSMARK,"CARBALLO PENELA, ADOLFO",Departamento de Organización de Empresas e Comercialización Web: http://www.usc.es,,"Las líneas de investigación del grupo combinan las áreas de conocimiento de Organización de Empresas y Marketing e Investigación de Mercados, profundizando en áreas específicas de interés e impacto en el entorno socioeconómico, como la innovación, la sostenibilidad y la igualdad de oportunidades entre mujeres y hombres. Estas líneas de investigación están particularmente en línea con los Objetivos de Desarrollo Sostenible más relacionados con la actividad de empresas y organizaciones, a saber, los ODS 5 (igualdad de género) ODS 8 (trabajo decente y crecimiento económico) y ODS 12 (producción y consumo responsables). Lineas de investigacion Línea 1. Dirección y gestión de personas  Gestión de personas e innovación.  Bienestar y comportamiento de las personas en las organizaciones.  Gestión de personas internacionales: asignaciones internacionales y expatriaciones.  Responsabilidad Social.  Gestión de la igualdad de oportunidades: desarrollo profesional, gestión de la conciliación de la vida personal, familiar y laboral, igualdad retributiva, perspectiva de género en el diseño de políticas públicas y estrategias empresariales.  Recursos humanos y sostenibilidad. Línea 2. Dirección de Marketing  Márketing digital: o Influencia de las nuevas tecnologías en el comportamiento del consumidor y la dirección de marketing de la empresa. o Influencia de las nuevas tecnologías en la cadena de suministro y la economía colaborativa. o Neuromarketing y marketing experiencial.  Gestión comercial y dirección de equipos comerciales.  Comercialización internacional: o Influencia de los recursos y capacidades de la empresa en la dirección estratégica de la empresa internacional. o Influencia de los valores personales y culturales en la dirección estratégica de la empresa internacional y en el comportamiento del consumidor",1,declaradas,"Recursos Humanos, retribución | fusiones y adquisiciones | gestión del conocimiento | internacionalización | innovación | marketing | competencia | empresas turísticas",,Realización de estudios en las líneas de investigación,,,https://imaisd.usc.es/grupoficha.asp?idpersoatipogrupo=75059&i=es&s=-126-328-329&v=,,grupo,{},USC_groups.csv
USC,Universidade de Santiago de Compostela,Galicia,extraido,GI-1479,Photonics4Life,P4Life,"FLORES ARIAS, MARIA TERESA",Departamento de Física Aplicada Web: http://www.photonics4life.es,,Irradiación/Ablación Laser | Microoptica | Modelado del Cristalino | Optica GRIN | Contaminación Lumínica | Láseres de alta potencia | Microfluidica | Generación de nuevas fuentes de luz (HHG) | Sol-gel | Optometría y salud visual | Óptical visual | Tecnologías aplicadas a la salud visual | Lentes de contacto,13,declaradas,Microoptica | Óptica GRIN | Irradiación | Ablación | Cristalino | Láseres ultraintensos y ultracortos | Contaminación Lumínica | Microfluídica,,Sistema láser para irradiación de materiales | Elipsometro | Metricón | Cámara de Vacio | Perfilómetro | Cámara limpia | Sistemas de caracterización de láseres ultracortos | Red de medida del brillo del cielo nocturno | Detectores y cámaras all-sky | Espectrómetro | Control de calidad de gafas de sol | Medidas de contaminación lumínica | Evaluación de la calidad del cielo nocturno | Diseño de sistemas de iluminación sostible | Organización de campañas de divulgación científica y ciencia ciudadana,,,https://imaisd.usc.es/grupoficha.asp?idpersoatipogrupo=75360&i=es&s=-126-328-329&v=,,grupo,{},USC_groups.csv
USC,Universidade de Santiago de Compostela,Galicia,extraido,GI-2149,Pro Iure et Cultura,,"CARBALLEIRA RIVERA, MARIA TERESA",Departamento de Dereito Público e Teoría do Estado,,Derecho Administrativo Administración local Cultura y patrimonio Urbanismo y ambiente Teoría Constitucional Constitucionalismo anglófono Federalismo Unión Europea,1,declaradas,Administración Pública Derecho Administrativo Derecho urbanístico Derecho ambiental Patrimonio cultural Constitución Federalismo Regionalismo US UK UE Unión europea,,Asesoramiento y consulta Dictámenes Evaluación y diagnóstico de políticas públicas | Cooperación internacional al desarrollo,,,https://imaisd.usc.es/grupoficha.asp?idpersoatipogrupo=228592&i=es&s=-126-328-329&v=,,grupo,{},USC_groups.csv
USC,Universidade de Santiago de Compostela,Galicia,extraido,GI-1420,"Problemas sociales: Análisis, evaluación e intervención",Problemas sociales,"OTERO LOPEZ, JOSE MANUEL",Departamento de Psicoloxía Clínica e Psicobioloxía,,"Análisis de los determinantes psicosociales y biológicos del estrés laboral en los docentes universitarios. Un estudio longitudinal | Estrés laboral de los profesionales sanitarios. Un acercamiento multidimensional | Naturaleza y alcance de la relación droga-delincuencia en los adolescentes | Estrés laboral y burnout en los profesionales de enseñanza secundaria. Un analisis longitudinal | Programas de prevención y tratamiento del consumo de alcohol | Adicción a la compra: evaluación y tratamiento | Conflicto, negociación y mediación | Género, agresión y delincuencia | Identidad de género | Grupo de iguales y delincuencia | Comportamiento organizacional | Compra compulsiva, trastorno por atracón y juego patológico: ¿mismos perfiles para diferentes conductas?",12,declaradas,"Estrés | docentes universitarios | profesionales de la salud | profesores de secundaria | parámetros fisiológicos | parámetros bioquímicos | determinantes psicosociales | estudio longitudinal | relación droga-delincuencia | adolescentes, modelos causales | variables familiares | alcohol | programas de prevención y tratamento | manual de autoayuda. Adicción a la compra | tratamiento de la adicción a la compra | programas de autoayuda, género, conflicto, violencia, variables grupales, agresión, delincuencia juvenil, comportamiento organizacional",,Evaluación del estrés y variables asociadas | Exploración médica (parámetros físicos y bioquímicos) | Pruebas inmunológicas | Evaluación del perfil del mediador | Análisis del género y sus implicaciones sociales,,,https://imaisd.usc.es/grupoficha.asp?idpersoatipogrupo=75294&i=es&s=-126-328-329&v=,,grupo,{},USC_groups.csv
USC,Universidade de Santiago de Compostela,Galicia,extraido,GI-1476,Procesado de señal,PROCES,"FEIJOO JUARROS, SERGIO",Departamento de Física Aplicada Web: http://www.usc.es/proc,,Determinación de índices energéticos del metabolismo del suelo | Termodinámica en ingeniería bioquímica | Modelos calorimétricos de impacto ambiental sobre sistemas dáficos | Acústica del habla | Acústica ambiental,5,declaradas,Termoindicadores | suelos | actividad microbiana | modelado de procesos biológicos | digestiones aeróbicas y anaeróbicas | residuos cárnicos | impacto de fertilizantes | inteligibilidad del habla en salas | reconocimiento de habla | acústica del habla | acustica ambiental | acustica arquitectónica,,Medida de niveles sonoros. ambientales | Evaluación de calidad acústica de aulas de enseñanza | Elaboración de material para audiometría infantil | Cursos de formación en acústica | Análisis del impacto de fertilizantes sobre el suelo | Diagnóstico de la calidad del suelo | Asesoramiento sobre reciclado de residuos orgánicos | Disponibilidad de planta piloto de tratamientos de residuos cárnicos,,,https://imaisd.usc.es/grupoficha.asp?idpersoatipogrupo=75357&i=es&s=-126-328-329&v=,,grupo,"{""telefono"": ""981-563100 ext.14044""}",USC_groups.csv
USC,Universidade de Santiago de Compostela,Galicia,extraido,GI-1842,Procesos cognitivos y conducta,Cogniciónyconducta,"FRAGA CAROU, ISABEL","Departamento de Psicoloxía Social, Básica e Metodoloxía Instituto Instituto de Psicoloxía (IPsiUS) Web: http://www.usc.es/pcc",,Condicionamiento clásico humano | Memoria y emoción | Vulnerabilidad cognitiva a los trastornos emocionales | Distorsiones de la memoria | Reconsolidación de la memoria emocional en humanos | Aprendizaje implícito | Control cognitivo | Reconocimiento visual de palabras | Procesamiento sintáctico | Procesamiento del lenguaje en sujetos bilingües,10,declaradas,Aprendizaje implícito | condicionamiento clásico | cognición | emoción | memoria | procesamiento léxico | procesamiento sintáctico | bilingüismo | depresión | vulnerabilidad cognitiva | diferencias individuales,,"Estudios normativos de estímulos afectivos | Bases de datos de palabras e índices psicolingüísticos | LEXIGAL Primaria. Diccionario de frecuencias léxicas del gallego escrito para niños | Enseñanza de la lectura | Adquisición de segundas lenguas | Prueba para medir la capacidad de memoria operativa (adaptación española automatizada de la tarea de amplitud operacional) | Desarrollo de ""software"" para experimentación en Psicología Básica | Detección precoz de individuos vulnerables a la depresión e intervención terapéutica",,,https://imaisd.usc.es/grupoficha.asp?idpersoatipogrupo=88312&i=es&s=-126-328-329&v=,,grupo,{},USC_groups.csv
USC,Universidade de Santiago de Compostela,Galicia,extraido,GI-1616,Procesos de Separación Sostenibles,EQUIFASE,"SOTO CAMPOS, ANA MARIA",Centro de Investigación Interdisciplinar en Tecnoloxías Ambientais (CRETUS) Web: http://www.usc.es/gl/investigacion/grupos/equifase/,,Destilación. Equilibrio Líquido-Vapor | Extracción. Equilibrio Líquido-Líquido | Fraccionamiento de Biomasa Lignocelulósica | Recuperación Mejorada del Petróleo | Nanopartículas. Nanofotocatalizadores para degradación de contaminantes | Caracterización Termofísica de Fluidos,6,declaradas,Separación | Termodinámica | Sostenibilidad | Líquidos Iónicos,,Determinación de propiedades físicas de mezclas | Diseño de unidades de separación | Infromación técnica sobre almacenamiento de combustibles | Selección de disolventes,,,https://imaisd.usc.es/grupoficha.asp?idpersoatipogrupo=75504&i=es&s=-126-328-329&v=,,grupo,{},USC_groups.csv
USC,Universidade de Santiago de Compostela,Galicia,extraido,GI-1948,"Producción, Calidad y Tecnología de la Leche y Otros Alimentos",CTleite,"DIAZ RUBIO, OLGA","Departamento de Química Analítica, Nutrición e Bromatoloxía Instituto Instituto de Investigación e Análises Alimentarias",,"Producción, sanidad y certificación de explotaciones de vacuno de leche | Enfermedades infecciosas endémicas en ganado vacuno | Bioseguridad y bienestar animal | Razas autóctonas y mejora genética | Control de calidad y tecnología de productos lácteos y otros alimentos | Aprovechamiento de subproductos de la industria alimentaria | Envases comestibles y biomateriales de envasado | Influencia de la alimentación del ganado en la calidad de los alimentos | Alimentos emergentes",9,declaradas,Leche y productos lácteos | Producción y sanidad animal | Envases comestibles | Biomateriales de envasado | Alimentos emergentes,,Desarrollo de nuevos productos lácteos y asesoramiento en la producción Formación para industrias lácteas Análisis químicos y microbiológicos y asesoramiento de la calidad Diseño e implementación de programas de control de mamitis bovina y certificación sanitaria: sistema HACCP Estudios epidemiológicos de enfermedades infecciosas endémicas en ganado vacuno,,,https://imaisd.usc.es/grupoficha.asp?idpersoatipogrupo=138199&i=es&s=-126-328-329&v=,,grupo,{},USC_groups.csv
USC,Universidade de Santiago de Compostela,Galicia,extraido,GI-1651,"Producción, propagación, control y micorrización en sistemas agrícolas, forestales y ornamentales",Producción integrada e micorrización de los cultivos,"SAINZ OSES, MARIA JESUS",Departamento de Producción Vexetal e Proxectos de Enxeñaría,,"Técnicas de micorrización arbuscular para mejorar la producción y nutrición vegetal, la tolerancia al estrés, y para la revegetación de suelos degradados | Influencia de la fertilización y del tipo de aprovechamiento (pastoreo, silo) en la producción de praderas | Técnicas y aplicaciones de las micorrizas en la producción de planta forestal y ornamental | Influencia de las micorrizas en sistemas agroecológicos y forestales | Técnicas de diagnóstico y control de plagas y enfermedades de las plantas | Control biológico de enfermedades vegetales mediante técnicas de micorrización arbuscular | Optimización de las técnicas de clonación por estaquillado en la propagación de planta forestal y ornamental | Evaluación de fertilizantes orgánicos en la producción agrícola | Técnicas de producción de kiwi | Caracterización agromorfológica y molecular de plantas ornamentales | Caracterización de sustratos orgánicos para la producción de planta en contenedor",11,declaradas,"Micorrizas arbusculares, ectomicorrizas, revegetación, praderas, control biológico, fertilizantes orgánicos",,Técnicas de micorrización y propagación para mejorar la producción y calidad de las plantas | Caracterización de sustratos orgánicos | identificación de cultivares de plantas ornamentales | Diagnóstico e control de enfermedades vegetales | Asesoramiento sobre manejo y fertilización de praderas | Técnicas de manejo de ectomicorrizas para optimizar la producción de planta en vivero,,,https://imaisd.usc.es/grupoficha.asp?idpersoatipogrupo=75542&i=es&s=-126-328-329&v=,,grupo,"{""telefono"": ""Ext. 22438""}",USC_groups.csv
USC,Universidade de Santiago de Compostela,Galicia,extraido,GI-1473,Propiedades Termofísicas y Superficiales de Líquidos,PTSL,"AMIGO POMBO, ALFREDO JOSE",Departamento de Física Aplicada,,Determinación experimental de propiedades termofísicas de líquidos | Propiedades superficiales de líquidos ordinarios y de tensoactivos | Predicción de propiedades termofísicas de líquidos | Modelos teóricos de estado líquido,4,declaradas,Capacidad calorífica | Densidad | Índice de refracción | Tensión superficial | Viscosidad | Modelos teóricos,,Determinación experimental de las siguientes propiedades de los líquidos: Capacidad calorífica. Densidad. Indice de refracción. Tensión superficial. Viscosidad. Modelos teóricos relacionados con las propiedades citadas,,,https://imaisd.usc.es/grupoficha.asp?idpersoatipogrupo=75354&i=es&s=-126-328-329&v=,,grupo,{},USC_groups.csv
USC,Universidade de Santiago de Compostela,Galicia,extraido,GI-1201,Proteínas y Metabolitos,ProMet,"VILLAMARIN CID, JOSE ANTONIO",Departamento de Bioquímica e Bioloxía Molecular,,"Inmunologia celular | Análisis metabolómico de alimentos | Regulación de la motilidad espermática en moluscos bivalvos: factores ambientales que afectan a la motilidad espermática | Estudio de compuestos bioactivos obtenidos a partir de subproductos de la industria agroalimentaria para el desarrollo de alimentos funcionales | Análisis proteómico de biomarcadores en alimentos, orientado a mejorar su calidad y seguridad",5,declaradas,fosforilación de proteínas | señalización celular | proteína quinasa A | motilidad espermática | moluscos | Mytilus | proteómica | metabolómica | compuestos bioactivos | alimentos funcionales,,"Asesoramiento en procesos de purificación, identificación y caracterización de proteínas | Análisis de biomoléculas mediante HPLC",,,https://imaisd.usc.es/grupoficha.asp?idpersoatipogrupo=75069&i=es&s=-126-328-329&v=,,grupo,{},USC_groups.csv
USC,Universidade de Santiago de Compostela,Galicia,extraido,GI-1196,Protimosina,GI-1196,"BARJA FRANCISCO, PRIMITIVO",Departamento de Bioquímica e Bioloxía Molecular,,La protimosina alfa y la timosina alfa1 en la proliferación celular y apoptosis. La proteína quinasa C en la señalización celular,1,declaradas,Protimosina alfa | Proteína Quinasa C | proliferación celular | señalización celular | apoptosis,,"Cultivos celulares y fraccionamiento subcelular. - Metodologías en la experimentación proteómica: Purificación y secuenciación de proteínas; análisis de interacciones proteicas; ensayos de actividades enzimáticas; caracterización de rutas metabólicas y de sus reguladores; diseño de anticuerpos e inmunoensayos. -Metodologías de DNA recombinante: clonación, transfección y expresión de proteínas recombinantes",,,https://imaisd.usc.es/grupoficha.asp?idpersoatipogrupo=75064&i=es&s=-126-328-329&v=,,grupo,{},USC_groups.csv
USC,Universidade de Santiago de Compostela,Galicia,extraido,GI-1716,Proyectos y Planificación,PROEPLA,"MAREY PEREZ, MANUEL FRANCISCO",Departamento de Enxeñaría Agroforestal Web: http://www.proepla.com,,"Proyectos de Ingeneiría Agroforestal. Evaluación multicriterio de proyectos | Desarrollo Rural y calidad de vida | Efectos de la actividad agraria sobre el medio | Presupuestación de proyectos. Desarrollo de bases e datos para la actividad de proyectos de ingeniería | Incorporación de datos a los sistemas de información geográfica prevención y reducción de la contaminación de las aguas continentales | Diseño asisitido por ordenador. Realidad virtual. Modelización fotorrealista | Dirección de proyectos aplicada a los sectores industrial, agroforestal y educativo | Planificación y ordenación territorial del área sectorial, en concreto de la industria forestal y agrícola | Sectores de la seguridad y salud laboral en el ámbito agroforestal | Análisis de ciclo de vida aplicado a la obtención de nuevos productos y al transporte de materiales | Representación y modelización tanto en 2D como en 3D | Investigaciones en fotogrametría mediante múltiples técnicas y sensores (escaner laser, drones, Lidar, ) aplicados especialmente a la ingeniería civil (edificación) y a la arquitectura (patrimonio) | Análisis complejos de cualquier fenómeno georreferenciable mediante infraestructuras de datos espaciales (IDE) y sistemas de información geográfica (SIG) | Gestión Ecosistémica de recursos hídricos | Planificación para equilibrar las necesidades del agua en la conservación de los ecosistemas naturales",15,declaradas,proyectos | planificación | presupuestación | desarrollo rural | fotointerpretación y S.I.G | seguridad y salud | diseño asistido por ordenador | realidad virtual | incendios forestales | análisis ciclo de vida y huella de carbono | transporte de materiales | gestión de aguas residuales | erosión hídrica | modelización geoespacial | geodesia | expresión gráfica | consultoría,,"Formulación de proyectos de ingeneiría agroforestal: Producción animal y vegetal. Agroindustria, infraestructuras rurales y medioambiente | Actuaciones de planificación y ordenación del territoriio | Iniciativas de desarrollo rural, integrado y sostenible | Presupuestación de proyectos | Fotointerpretación y Sistemas de Información Geofráfica | Planes de gestión de la calidad del agua. Análisis quiímicos y microbiológicos | Planes de gestión de seguridad y dalud | Realización de infografías para empresas constructoras. Catálogos con diseño paramétrico. Resonstrucción infográfica de restos aequeológicos | Levantamiento geométrico de edificios | Gestión del agua en múltiples aspectos y en ulteriores aplicaciones, tales como: agua en suelo y gestión del agua de riego, estudio y modelización de la hidrología superficial y subterránea, planificación de zonas regables, gestión de aguas residuales en el medio rural, aplicación de técnicas geofísicas al estudio del agua del sub-suelo, erosión hídrica, sistemas de franqueo para la ictiofauna, entre otras",,,https://imaisd.usc.es/grupoficha.asp?idpersoatipogrupo=75614&i=es&s=-126-328-329&v=,,grupo,{},USC_groups.csv
USC,Universidade de Santiago de Compostela,Galicia,extraido,GI-1907,Proyectos y estudios sobre patrimonio cultural,Iacobus,"MONTERROSO MONTERO, JUAN MANUEL",Departamento de Historia da Arte Web: http://iacobus.org/,,"Gestión de bienes y patrimonio cultural | Exposiciones Temporales y programos museográficos | Arte y cultura jacobea | Arquitectura y paisaje | Artes plásticas, siglos XI y XXI | Historiografía y teoría de la historia",6,declaradas,Artes plásticas | Pintura | Escultura Arquitectura | Urbanismo | Cultura jacobea Patrimonio cultural | Gestión cultural,,"Proyecto y gestión de bienes de patrimonio cultural | Planes estratégicos, planes directores e informes histórico-artísticos relativos a los bienes culturales | Peritación, catalogación e inventario | Delimitación de entorno de bienes culturales | Estudios histórico-artístico | Museografía, museología y exposiciones temporales",,,https://imaisd.usc.es/grupoficha.asp?idpersoatipogrupo=135882&i=es&s=-126-328-329&v=,,grupo,{},USC_groups.csv
USC,Universidade de Santiago de Compostela,Galicia,extraido,GI-1466,Psicología del Consumidor y Usuario,Psicolog. Consumidor,"VARELA MALLOU, JESUS","Departamento de Psicoloxía Social, Básica e Metodoloxía Web: http://www.usc.es/psicom",,"Modelización del Comportamiento del Consumidor | Proceso de Datos | Psicología Comercial | Psicología del Consumidor | Imagen de Marca de Destinos Turísticos | Estudios de Mercado y Opinión | Tecnologías y nuevas estrategiias de recogida de datos | Modelos de Gestión de la Calidad orientada a resultados construcción indicadores de eficacia en gestión sanitaria | Predictores para medir la eficacia publicitaria | Evaluación ambiental: evaluación del impacto que las características físicas del entorno, natural o construido, tienen sobre la conducta de los sujetos",10,declaradas,Construcción de escalas | recogida de datos | proceso de datos | análisis multivariante | Modelización del Comportamiento del Consumdor | Evaluación Gestión Sanitaria | Modelos de Gestión de Calidad | Planes de Calidad Turística,,"Implantación de Modelos de Gestión de Calidad (Organizaciones públicas o Privadas y en Destinos Turísticos) | Estudios sobre los consumidores: investigación de mercados industriales, motivos de compra, análisis de proceso de consumo (calidad, satisfacción y fidelización) | Investigación Social y de Opinión: análisis de procesos grupales, análisis de conducta electoral y Evaluación de Programas | Diagnóstico e Imagen de Marcas: Mapas Perceptuales, Cuantificación del Valor de la Marca, extensiones de marca...) | Test de Productos: test de concepto, test de env ase, elasticidad del precio y previsión de la demanda | Estudios sobre Comunicación y Promoción: Test de nombres, logotipos y Marcas, análisis de medios y soportes, eficacia publicitaria, ...) | Evaluación del impacto de la actividad humana sobre el entorno. Diseño de entornos adaptados a la actividad humana | Diseños de investigación y Proceso de datos | Formación Especializada adhoc en Análisis Multivariante de los datos | Disponemos de Laboratorio de Proceso de Datos, Sala de observación con espejo unidireccional, Sistema de Encuesta Personal Asistida por Ordenador (CATI), etc | También disponemos de patentes y herramientas para el análisis y diagnóstico de denominaciones de origen(DEOS RESEARCH) , Gestión de la Marca y Creación de Valor (BRAND MANAGEMENT), Desarrollo de Nuevos Productos (ACEMEU), Calidad Hostelera (CEHO-5s), Sondeos Electorales (SUVA), etc",,,https://imaisd.usc.es/grupoficha.asp?idpersoatipogrupo=75345&i=es&s=-126-328-329&v=,,grupo,{},USC_groups.csv
USC,Universidade de Santiago de Compostela,Galicia,extraido,GI-1307,"Psiquiatría Clínica, Psiquiatría Social y Psicoterapia",Psiquiatría,"MATEOS ALVAREZ, RAIMUNDO","Departamento de Psiquiatría, Radioloxía, Saúde Pública, Enfermaría e Medicina",,"1. Epidemiología Psiquiátrica, Comunitaria y Clínica (320200). 2. Salud Mental y Psiquiatría de la Infancia y de la Adolescencia (321100). 3. Conductas Adictivas (611301 | 611303). 4. Psicoterapias (610307). 5. Psicogeriatría y Gerontopsiquiatría (329900)",2,declaradas,"Epidemiología psiquiátrica | psiquiatría social | salud mental | encuestas de salud, psiquiatría de la infancia y de la adolescencia, psicogeriatría, adicciones, evaluación de programas asistenciales",,"1. Estudios de prevalencia e incidencia de enfermedades mentales y adicciones en la población general (infanto-juvenil, adultos y ancianos) | 2. Estudios de prevalencia e incidenica de enfermedades mentales y adicciones en la poblaicón a tratamiento (infanto-juvenil, adultos y ancianos) | 3. Análisis de factores de riesgo | 4. Detección de psicopatología infanto-juvenil en grupos de riesgo | 5. Ensayos clínicos | 6. Evaluación de programas asistenciales",,,https://imaisd.usc.es/grupoficha.asp?idpersoatipogrupo=75177&i=es&s=-126-328-329&v=,,grupo,{},USC_groups.csv
USC,Universidade de Santiago de Compostela,Galicia,extraido,GI-2113,"Química Analítica de compuestos de interés alimentario, medioambiental y biológico",QACIAMBI,"CARRO DIAZ, ANTONIA MARIA","Departamento de Química Analítica, Nutrición e Bromatoloxía",,"Metodologías analíticas para la preparación de muestra basadas en técnicas de microextracción aplicables a la determinación cromatográfica de fármacos, drogas ilegales, compuestos bioactivos y contaminantes relacionados con la seguridad alimentaria y la salud | Aplicación de estrategias quimiométricas basadas en diseño de experimentos para la optimización de metodología (bio)analítica | Desarrollo de nanomateriales sensibles a estímulos y con capacidad de reconocimiento molecular para la extracción de fármacos y remediación de la contaminación medioambiental por estas sustancias | Desarrollo de técnicas miniaturizadas para la determinación de sustancias psicoactivas y drogas emergentes en muestras de interés toxicológico (clínicas y forenses) | Desarrollo de métodos de derivatización para la determinación cromatográfica de compuestos polares",5,declaradas,Cromatografía | diseño de experimentos | microextracción | nanomateriales | muestras alimentarias | fármacos | drogas de abuso,,Desarrollo de técnicas miniaturizadas en preparación de muestra | Cromatografía de gases y de líquidos con detección de espectrometría de masas | Análisis de contaminantes alimentarios y medioambiente | Analisis de fármacos y drogas de abuso en matrices biológicas,,,https://imaisd.usc.es/grupoficha.asp?idpersoatipogrupo=201502&i=es&s=-126-328-329&v=,,grupo,{},USC_groups.csv
USC,Universidade de Santiago de Compostela,Galicia,extraido,GI-1625,Química Analítica-Lugo,GI-1625,"HERRERO LATORRE, CARLOS",Instituto de Investigación en Análises Químicas e Biolóxicas (IAQBUS) Web: http://www.usc.es/apolo/htm/qag.htm,,Química ambiental: control de la deposición acida | Caracterización analítica de productos agroalimentarios de calidad de la Comunidad Autónoma de Galicia | Estudio do perfil polifenólico de viños galegos | Quimiometría: diseño experimental y técnicas de reconocimiento de modelos | Aplicación de la técnica de fraccionamento campo-fluxo áa la caracterización de proteinas en muestras alimentarias | Nuevas metodologías analíticas basadas en ETA-AAS para la determinación de metales en diversas matrices alimentarias | Nuevas aplicaciones del análisis por inyección de flujo (FIA) al análisis de medicamentos | Nuevas metodologías de separación cromatográfica y de electroforesis capilar y su aplicación al analisis alimentario | Estudio de la actividade polifenólica de compuestos naturales y su impacto en la salud | Optimización de técnicas analíticas de separación cromatográfica para el análisis de toxinas en muestras marinas,10,declaradas,"Quimiometría | medio ambiente | química de alimentos | GC-MS, ETA-AAS, FIA, Electroforesis capilar, fraccionamento campo-flujo",,ETA-AAS | GC-MS | Flame-AAS | Electroforesis capilar | Análisis por inyección en flujo FIA,,,https://imaisd.usc.es/grupoficha.asp?idpersoatipogrupo=75514&i=es&s=-126-328-329&v=,,grupo,{},USC_groups.csv
USC,Universidade de Santiago de Compostela,Galicia,extraido,GI-1586,"Química Biofísica, Fotofísica y Espectroscopía",BioPhysChem,"NOVO RODRIGUEZ, MARIA DE LA MERCED",Departamento de Química Física Web: http://www.usc.es/fotofqm/,,"Modelos de agregación de péptidos | Desarrollo de dispositivos 'point of care': detección de Sars-Cov-2, hipocalcemia subclínica en granjas, contenido en proteínas | Estudio de nanopartículas lipídicas para la edición genética CRISPR/Cas9 | Oligomerización de beta-amiloide e interacción con proteínas plasmáticas | Biomarcadores para el diagnóstico de la enfermedad de Alzheimer | Detección de hipocalcemia en ganado en la granja | Inteligencia artificial para el análisis de muestras biológicas en la enfermedad de Alzheimer | Dinámica de asociación supramolecular | Desarrollo de técnicas de microscopía de fluorescencia y de moléculas individuales | Desarrollo de métodos avanzados de análisis de datos espectroscópicos y microscópicos | Captura y análisis de imágenes microscópicas en pez cebra como modelo animal | Fotofísica molecular con aplicaciones biológicas | Cinética de procesos enzimáticos con relevancia biológica",13,declaradas,Modelos de agregación de péptidos | Oligomerización de beta-amiloide | Biomarcadores do Alzheimer | Point-of-care | Hipocalcemia subclínica | Dinámica supramolecular | Microscopía de fluorescencia | Espectroscopía de moléculas individuais | Análise de datos espectroscópicos | Fotofísica molecular | Cinética enzimática | Microscopía | Correlación de fluorescencia | Dispositivos de baixo custo | Kits educativos | Educación secundaria,,"Estudios y asesoramiento sobre la aplicación de técnicas de fluorescencia en microscopía y en el estudio de sistemas bioquímicos | Técnicas de espectroscopía de fluorescencia, de estado estacionario y con resolución temporal de picosegundos | Técnica de espectroscopía de correlación de fluorescencia y de moléculas individuales | Desarrollo de dispositivos point-of-care de bajo costo | Análisis avanzado de datos espectroscópicos | Desarrollo de kits educativos destinados a la educación secundaria",,,https://imaisd.usc.es/grupoficha.asp?idpersoatipogrupo=75474&i=es&s=-126-328-329&v=,,grupo,{},USC_groups.csv
USC,Universidade de Santiago de Compostela,Galicia,extraido,GI-1584,Química Bioinorgánica y Supramolecular,SUPRABIOIN,"GONZALEZ NOYA, ANA MARIA",Departamento de Química Inorgánica Web: http://www.usc.es/suprabio,,Catalizadores biomiméticos para química verde y biológica | Química supramolecular y helicatos metálicos | Historia de la Ciencia y Patrimonio Histórico-Científico Gallego | Mujeres y Ciencia,4,declaradas,manganeso | supramoléculas | bases de Schiff | metales de transición | complejos polinucleares | historia de la Ciencia | patrimonio científico,,Síntesis y caracterización de ligandos orgánicos y sus complejos metálicos | Organización de exposiciones científicas,,,https://imaisd.usc.es/grupoficha.asp?idpersoatipogrupo=75472&i=es&s=-126-328-329&v=,,grupo,{},USC_groups.csv
USC,Universidade de Santiago de Compostela,Galicia,extraido,GI-1611,Química Biológica y Supramolecular,BCSS,"MASCAREÑAS CID, JOSE LUIS",Centro de Investigación en Química Biolóxica e Materiais Moleculares (CIQUS),,"Catálisis para los nuevos tiempos de la ciencia: Descubrimiento de transformaciones químicas prácticas y sostenibles basadas en catálisis metálica y aplicaciones en la síntesis de productos de interés biomédico | Química supramolecular de péptidos, proteínas y ácidos nucleicos. Desarrollo de sondas químicas para la interacción selectiva con biopolímeros biológiocs, y aplicación en biomedicina (diagnóstico y terapia) | Desarrollo de catalizadores artificiales de tipo metálico que funcionen en medios celulares y biológicos",3,declaradas,"Química orgánica, síntesis orgánica, organometálicos, química bioorgánica. Catálisis organometálica y síntesis. Química Biológica",,Síntesis de péptidos -Síntesis de moléculas orgánicas -Dicroísmo circular,,,https://imaisd.usc.es/grupoficha.asp?idpersoatipogrupo=75499&i=es&s=-126-328-329&v=,,grupo,"{""telefono"": ""981-563100 ext.14260""}",USC_groups.csv
USC,Universidade de Santiago de Compostela,Galicia,extraido,GI-1581,Química Macrocíclica y Organometálica,QUIMAOR,"VILA ABAD, JOSE MANUEL",Departamento de Química Inorgánica,,Qumica del estado sólido | Química organometálica: ciclometalación,2,declaradas,Ciclometalación Paladio Platin Fosfinas,,,,,https://imaisd.usc.es/grupoficha.asp?idpersoatipogrupo=75469&i=es&s=-126-328-329&v=,,grupo,{},USC_groups.csv
USC,Universidade de Santiago de Compostela,Galicia,extraido,GI-1589,Química Supramolecular y Fisicoquímica de Coloides,GI-1589,"VAZQUEZ TATO, JOSE",Departamento de Física Aplicada Departamento de Química Física Departamento de Enxeñaría Química,,Síntesis y caracterización de nuevos surfactantes | Síntesis y caracterización de agentes protectores de superficies hidrófilas | Formación de complejos de inclusión de ciclodextrinas y compuestos de interés farmacológico | Agregación y gelificación de sales biliares y compostos análogos,4,declaradas,Surfactantes | sal biliar | ciclodextrinas | protección de superficies,,Caracterización fisicoquímica de surfactantes,,,https://imaisd.usc.es/grupoficha.asp?idpersoatipogrupo=75477&i=es&s=-126-328-329&v=,,grupo,{},USC_groups.csv
USC,Universidade de Santiago de Compostela,Galicia,extraido,GI-1579,Química de Coordinación y Bioinorgánica,AICMO,"SANCHEZ DIAZ, AGUSTIN",Departamento de Química Inorgánica Web: http://www.usc.es/qinor/aicmo/index.html,,Estudio de antídotod frente a la intoxicación por metales pesados | Ciclación de tiosemicarbazonas en presencia de metales | Interacción the especies metálicas y organometálicas con vitaminas | Tiosemicarbazonas derivadas del ferroceno: síntesis y actividad farmacológica de sus complejos metálicos y organometálicos | Compuestos con potencial actividad antitumoral | Compuestos con potencial actividad antibacteriana,6,declaradas,Complejos de metales pesados | desintoxificación de metales pesados | Ciclación de ligandos inducida por metales | compuestos organometalicos de interés medioambiental | antibacteriano | antitumoral | estaño | plata | oro | cadmio | mercurio | talio | plomo,,"Preparación, caracterización estructural y analisis de la actividad biológica de complejos metálicos y organometálicos | Estudio de procesos de desintoxicación de metales pesados | Síntesis y estudio estructural y biológico de compuestos de coordinación",,,https://imaisd.usc.es/grupoficha.asp?idpersoatipogrupo=75467&i=es&s=-126-328-329&v=,,grupo,"{""telefono"": ""981-563100 ext.14958""}",USC_groups.csv
USC,Universidade de Santiago de Compostela,Galicia,extraido,GI-2202,Química de Sistemas y Química Funcional Supramolecular,SystemsChem,"MONTENEGRO GARCIA, JAVIER",Centro de Investigación en Química Biolóxica e Materiais Moleculares (CIQUS),,"Nuevas topologías helicoidales y el origen de la vida. El objetivo de este programa de investigación es profundizar en la transición de procesos puramente químicos a procesos biológicos complejos en las primeras etapas del desarrollo de la vida. Usando un enfoque ascendente, se llevarán a cabo experimentos en modelos de protocélulas donde moléculas simples especialmente diseñadas pueden autoensamblarse de manera controlada para facilitar la comprensión de los principios que rigen la definición de autosostenibilidad celular. En particular, se diseñarán novedosos péptidos helicoidales para acceder a arquitecturas supramoleculares de hélices superenrolladas que faciliten un aumento sustancial de la complejidad celular sin requerir un gran esfuerzo de síntesis, lo que facilitará la consecución de los objetivos del programa | Entrega de ácidos nucleicos. Los ácidos nucleicos (ARN mensajero, ADN, etc.) son biomoléculas que tienen un gran potencial terapéutico, aunque necesitan ser complementadas con tecnologías que faciliten su llegada controlada a su sitio de acción dentro de las células. Este programa de investigación pretende profundizar los esfuerzos iniciados hace ya 8 años en el grupo de investigación hacia el descubrimiento de nuevas moléculas de base artificial que puedan transportar estos ácidos nucleicos tanto in vitro como in vivo. Las estrategias pioneras para el transporte de ácidos nucleicos consistirán en utilizar péptidos anfifílicos, clusters inorgánicos y nuevas formulaciones de precursores químicos simples que explotan el concepto de caotropicidad para atravesar membranas biológicas, principal barrera que experimentan estas biomoléculas | Transferencia de conocimientos sobre la entrega de ácidos nucleicos. Los notables resultados de la investigación básica y aplicada desarrollada en el grupo de investigación han permitido la identificación de nuevas tecnologías relacionadas con la entrega de proteínas y otras biomoléculas de interés biológico y terapéutico que tienen el potencial de resolver algunas necesidades críticas de la industria farmacéutica actual. Por tanto, el objetivo de este programa de investigación es llevar a cabo las últimas etapas del proceso de valorización y transferencia tecnológica para llevar estas tecnologías a una etapa de mayor madurez que permita su comercialización. La correcta implementación de este programa dará como resultado el establecimiento de una empresa derivada que hará que las tecnologías de suministro de biomoléculas validadas y totalmente funcionales sean accesibles para las empresas y la población en general",3,declaradas,"Quimica, Quimica de Sistemas Supramolecular, Transporte a TRavés de Membrane, Terapía Génica, RNA, Entrega de Fármacos, Materiales Blandos, Nanotecnoloxía",,"Química de Sistemas, Entrega de Fármacos",,,https://imaisd.usc.es/grupoficha.asp?idpersoatipogrupo=303328&i=es&s=-126-328-329&v=,,grupo,{},USC_groups.csv
USC,Universidade de Santiago de Compostela,Galicia,extraido,GI-2126,Química de coordinación y supramolecular,Suprametal,"SANMARTIN MATALOBOS, JESUS",Departamento de Química Inorgánica Web: http://www.usc.es/gl/investigacion/grupos/suprametal/index.html,,"Química de coordinación y supramolecular. Esta línea de investigación, que da nombre al grupo, forma parte de la línea de Química de Coordinación y Organometálica del Programa de Doctorado en Ciencia y Tecnología Química de la USC. La línea constituye la columna vertebral de la actividad científica del grupo, articulando las principales sinergias entre sus miembros. La línea se centra en el diseño racional, la síntesis y la caracterización de compuestos de coordinación y arquitecturas supramoleculares, integrando el análisis de su estructura y sus propiedades electrónicas, magnéticas y ópticas, así como su reactividad química. Su objetivo es el desarrollo de sistemas funcionales con aplicaciones en el campo de los sensores químicos, los materiales avanzados y la catálisis, entre otros. A continuación se presentan tres líneas específicas que estructuran y caracterizan la actividad científica del grupo de investigación GI-2126 | Nuevos materiales nanoestructurados para el control de contaminantes emergentes y agentes biológicos. Esta línea de investigación forma parte del eje Materiales para la Energía y el Medio Ambiente del Instituto de Materiales (iMATUs) de la USC y contribuye al desarrollo de soluciones tecnológicas para los principales retos medioambientales actuales, incorporando aplicaciones avanzadas en el campo de la salud. La línea se centra en el diseño y la síntesis de materiales nanoestructurados funcionales, su caracterización fisicoquímica y la evaluación de su eficacia en procesos de detección para la protección del medio ambiente, así como en el desarrollo de nuevas herramientas de bioimagen fluorescente en células vivas para aplicaciones biomédicas | Ciencia de los materiales: estructura y funcionalidad. Esta línea, que también forma parte del Programa de Doctorado en Ciencia y Tecnología Química de la USC, se centra en el estudio de la relación entre la estructura y las propiedades de los materiales moleculares y nanoestructurados, analizando cómo la organización atómica y molecular determina el comportamiento funcional de los materiales. La línea se centra en el desarrollo de materiales con propiedades magnéticas, ópticas y electrónicas de alto valor tecnológico, generando soluciones innovadoras basadas en materiales funcionales de última generación con aplicaciones en campos emergentes como la computación cuántica y la termometría luminiscente | Estructura química y reactividad. Esta línea de investigación también se integra en las ocho áreas de especialización que componen el Programa de Doctorado en Ciencia y Tecnología Química de la USC. La línea se centra en comprender los mecanismos de reactividad química mediante el análisis detallado de la estructura molecular utilizando técnicas analíticas avanzadas y modelos de mecánica cuántica. Su objetivo es establecer relaciones estructura-reactividad que permitan el diseño racional de nuevos sistemas con propiedades controladas y aplicaciones en el campo de los sensores químicos, los materiales avanzados y la catálisis, entre otros",4,declaradas,Materiales nanoestructurados | Materiales magnéticos | Materiales moleculares | Termometría molecular | Sensores químicos | Estructura y reactividad,,"Asesoramiento científico y colaboración tecnológica, apoyando a empresas e instituciones en proyectos de I+D+i relacionados con materiales avanzados, tecnologías medioambientales y sistemas de detección, así como en la preparación de proyectos colaborativos y la transferencia de conocimiento | Evaluación y control de nanomateriales y contaminantes emergentes, incluyendo el diseño de métodos de detección, estudios de comportamiento en diferentes matrices y el desarrollo de soluciones para su eliminación o mitigación | Desarrollo de sensores químicos y luminiscentes para la detección de contaminantes ambientales, nanomateriales y agentes biológicos, con aplicaciones en la vigilancia medioambiental, la seguridad y los procesos industriales | Caracterización avanzada de materiales, que abarca el estudio estructural, electrónico, magnético y óptico de compuestos y materiales, así como el análisis de la relación entre estructura y funcionalidad para la optimización del rendimiento | Diseño y síntesis de materiales y compuestos avanzados, incluyendo complejos metálicos, sistemas supramoleculares y materiales moleculares con propiedades magnéticas, ópticas y electrónicas adaptadas a las necesidades específicas de cada proyecto",,,https://imaisd.usc.es/grupoficha.asp?idpersoatipogrupo=212197&i=es&s=-126-328-329&v=,,grupo,{},USC_groups.csv
USC,Universidade de Santiago de Compostela,Galicia,extraido,GI-1905,Química teórica y computacional,QTEC,"RODRIGUEZ OTERO, JESUS",Departamento de Química Física Web: http://www.usc.es/qtec,,Estudio de mecanismos de reacciones químicas | Evaluación precisa de propiedades moleculares | Dinámica de reacciones de compuestos biológicos | Interacciones intermoleculares | Desarrollo de métodos semiclásicos para estudiar efectos túnel | Fotodisociación de compuestos orgánicos pequeños | Estudios de disociaciones inducidas por colisiones y por superficies,7,declaradas,química cuántica | ab initio | DFT | reactividad | aromaticidad | interacciones intermoleculares | reacciones pericíclicas | diseño molecular | estados de transición | dinamica de reacciones | efecto túnel,,"Aplicación de métodos diversos de la química cuántica (HF, DFT, post-HF) | Investigación básica en la evaluación precisa de propiedades moleculares | Utilización de la química computacional para el diseño de procesos sintéticos. Obtención racional de compuestos de interés | Apoyo teórico en la interpretación de medidas experimentales | Verificación de modelos teóricos aplicados al diseño molecular | Disponemos de ordenadores propios dedicados al cálculo intensivo",,,https://imaisd.usc.es/grupoficha.asp?idpersoatipogrupo=135828&i=es&s=-126-328-329&v=,,grupo,{},USC_groups.csv
USC,Universidade de Santiago de Compostela,Galicia,extraido,GI-1667,"Razonamiento, Discurso y Argumentación",RODA,"FERNANDEZ BLANCO, MARIA TERESA",Departamento de Didácticas Aplicadas Web: http://www.rodausc.eu,,"Análisis del discurso de aula en la clase de ciencias: uso de modelos y conceptos científicos dominio de acciones y operaciones de la práctica científica aplicación al diseño curricular | Problemas de aprendizaje y enseñanza de las ciencias esperimetañles, sociales, matemáticas, lenguas y literaturas | Razonamiento argumentativo esquemas de razonamiento y acción dominio de operaciones epistémicas alfabetización científica, matemática, cultural y social | Formación del profesorado y otros agentes educativos | Alfabetización científica, cultural, social | Desarrollo de las competencias científicas, lingüísticas, matemáticas y sociales | Desarrollo de competencias sociales y construcción de identidades | Construcción de identidades | Aprendizaje basado en la resolución de problemas | Representaciones sociales en la educación y en el aprendizaje de distintas áreas | Educación patrimonial, paisajes y territorio | Educación ambiental en clave de ecoalfabetización | Pensamiento crítico en la educación para una ciudadanía democrática",13,declaradas,"Enseñanza y aprendizaje de las ciencias experimentales, sociales, matemáticas y humanidades | formación del profesorado y oitros agentes educativo | educación formal, no formal e informal | aprendizaje basado en problemas | discurso, argumentación y razonamiento | prácticas y competencias científicas, lingüísticas, matemáticas y sociales | pensamiento crítico | epistemología de los saberes | difusión de conocimientos",,"Formación permanente del profesorado | Diseño, elaboración y evaluación de materiales y recursos didácticos en",,,https://imaisd.usc.es/grupoficha.asp?idpersoatipogrupo=75565&i=es&s=-126-328-329&v=,,grupo,{},USC_groups.csv
USC,Universidade de Santiago de Compostela,Galicia,extraido,GI-1935,"Reactividad, catálisis, síntesis y evaluacion medica de compuestos bioactivos y nuevos materiales",ReactyCat,"PEREZ FERNANDEZ, ROMAN","Departamento de Fisioloxía Departamento de Química Física Departamento de Química Orgánica Departamento de Ciencias Forenses, Anatomía Patolóxica, Xinecoloxía e Obstetricia e Pediatría Web: http://www.usc.es/ciqus/es/investigacion/grupos-de-investiga",,"Desarrollo de nuevos catalizadores enantioselectivos para síntesis asimétrica de aplicación en Química Fina y síntesis de fármacos | Desarrollo de nuevas reacciones orgánicas con aplicación a la síntesis de fármacos y en Química Fina | Estudio de la estabilidad, estructura y reactividad de compuestos organometálicos de Li y Sn | Diseño de software científico | Reacciones de transferencia del grupo nitroso | Química física orgánica a bajas temperaturas | Reactividad química en sistemas coloidales | Química supramolecular, catálisis por ciclodextrinas, calixarenos y criptandos | Nanocatálisis",9,declaradas,Catálisis química | catálisis asimétrica | síntesis asimétrica | reactividad de organometálicos | software científico | química fina | nuevas reacciones orgánicas | mecanismos de reacciónes orgánicas | cinética química | nitrosación | mecanismos de reacción | reactividad | catálisis | coloides | micelas | microemulsiones | química supramolecular | ciclodextrinas | calixarenos | eteres corona | criptandos | nanopartículas,,Análisis de velocidades de reacciones químicas | Caracterización de sistemas coloidales | Transporte molecular: encapsulación de compuestos químicos,,,https://imaisd.usc.es/grupoficha.asp?idpersoatipogrupo=137713&i=es&s=-126-328-329&v=,,grupo,{},USC_groups.csv
USC,Universidade de Santiago de Compostela,Galicia,extraido,GI-1458,Recursos Humanos y Rendimiento,RRHH,"SALGADO VELO, JESUS FERNANDO",Departamento de Ciencia Política e Socioloxía,,"Psicología del Trabajo y Comportamiento Organizacional | Selección, Formación y de personal | Recursos humanos y Factores de Rendimiento | Utilidad Económica de las Intervenciones Organizacionales | Evaluación del Desempeño | Evaluación y Prevencion de Riesgos Psicosociales y Salud Laboral | Ley, Igualdad y Discriminación | Clima, Satisfacción y Cultura Organizacional | Gestión de Expatriados",9,declaradas,"Recursos humanos | psicología del trabajo y de las organizaciones | comportamiento organizacional | psicología económica | selección de personal | formación y desarrollo | evaluación del desempeño | utilidad económica de las intervenciones de recursos humanos | instrumentos evaluativos | evaluación de riesgos psicosociales | entrevista conductual estructurada | discriminación e igualdad de género | clima, satisfacción y cultura organizacional | compromiso | personalidad en el trabajo | equipos de trabajo | Asesoramiento y elaboración de informes periciales para recursos contencioso-administrativos y litigación laboral",,"Gestión Integral de Recursos Humanos; Evaluación de Personal; Análisis de Puestos de Trabajo; Desarrollo de instrumentos evaluativos; Consultoría en Psicología del Trabajo y las Organizaciones; Evaluación del Desempeño; Análisis de Clima, Satisfacción, Cultura y Compromiso organizacional; Análisis y evaluación de riesgos psicosociales; Análisis organizacional de la igualdad de oportunidades y género; Asesoramiento y elaboración de informes periciales para recursos contencioso-administrativos y litigación laboral",,,https://imaisd.usc.es/grupoficha.asp?idpersoatipogrupo=75336&i=es&s=-126-328-329&v=,,grupo,{},USC_groups.csv
USC,Universidade de Santiago de Compostela,Galicia,extraido,GI-1729,Recursos zoogenéticos y sus producciones,Recursos zoogenéticos,"IGLESIAS BECERRA, ANTONIO","Departamento de Anatomía, Produción Animal e Ciencias Clínicas Veterinarias",,Calidad de la carne y de la leche en Galicia | Sistemas de producción animal | Mejora genética y análisis del patrimonio genético de razas autóctonas de Galicia,3,declaradas,"recursos genéticos, carne, leche",,Asesoramiento técnico en mejora genética animal,,,https://imaisd.usc.es/grupoficha.asp?idpersoatipogrupo=75628&i=es&s=-126-328-329&v=,,grupo,{},USC_groups.csv
USC,Universidade de Santiago de Compostela,Galicia,extraido,GI-2077,"Red de investigación en igualdad, derechos y Estado social",ARMELA,"NOGUEIRA LOPEZ, MARIA DA ALBA",Centro de Investigación Interdisciplinar en Tecnoloxías Ambientais (CRETUS) Web: http://www.redearmela.org,,"Derecho ambiental | Intervención administrativa en la economía | Derecho Lingüístico | Derecho de la Educación | Organización territorial | Estudios de género | Economía de la Cultura | Políticas Públicas, Instituciones políticas",8,declaradas,Derecho público | medio ambiente | cultura y lengua | organización territorial | estudios de género | intervención en la economía | políticas públicas | instituciones políticas,,"Consultas, informes y dictámenes Elaboración de propuestas normativas Diagnósticos e informes de impacto de género Diseño y planificación de estrategias Organización de actividades formativas en las lineas de investigación del grupo",,,https://imaisd.usc.es/grupoficha.asp?idpersoatipogrupo=181866&i=es&s=-126-328-329&v=,,grupo,{},USC_groups.csv
USC,Universidade de Santiago de Compostela,Galicia,extraido,GI-1704,Reproducción y Obstetricia,REPROGAL,"QUINTELA ARIAS, LUIS ANGEL",Departamento de Patoloxía Animal,,"1. Rumiantes (Ganado Bovino) Optimización de la eficiencia reproductiva en el ganado bovino mediante el uso de técnicas de ecografía avanzada. Aplicación de la termografía infrarroja en granjas de vacuno para el diagnóstico precoz y la prevención de patologías. Estudio de las patologías uterinas y su impacto en la mejora de la salud, la longevidad y el bienestar de la vaca.  Análisis in vitro de los factores determinantes en la calidad de los gametos y en el desarrollo embrionario en ganado bovino. Monitorización y mitigación de emisiones de gases de efecto invernadero (GEI) para el desarrollo de una ganadería sostenible. Evaluación de las instalaciones en granjas de vacuno lechero y su impacto directo en el bienestar animal y en los índices de productividad. Impacto de los microplásticos en los sistemas productivos: Abordaje desde la perspectiva One Health (Salud Única) sobre la transferencia de contaminantes emergentes | 2. Conejos (Cunicultura) Optimización e innovación en los protocolos de inseminación artificial en cunicultura. Evaluación y cuantificación del estrés en granjas de conejos para el diseño de sistemas de producción sostenibles y respetuosos con el bienestar animal | 3. Abejas (Apicultura) Desarrollo y optimización de la inseminación artificial en apicultura como herramienta clave para la preservación de la biodiversidad y la mejora genética",3,declaradas,Fecundación in vitro | Semen | embriones | Postparto | bovino | Perro,,Estudio epidemiológico de problemas reproductivos en el ganado vacuno,,,https://imaisd.usc.es/grupoficha.asp?idpersoatipogrupo=75602&i=es&s=-126-328-329&v=,,grupo,{},USC_groups.csv
USC,Universidade de Santiago de Compostela,Galicia,extraido,GI-1350,"Románicas (Filología, Literatura medieval)",Románicas,"FIDALGO FRANCISCO, ELVIRA",Departamento de Filoloxía Galega Web: http://www.usc.es/filrom,,"Literatura románica medieval (lírica, épica, narrativa, teatro...) | Codicología y crítica textual ( de textos románicos medievales) | Léxico literario en la Edad Media | Retórica | Recepción de la literatura románica medieval | Lírica gallego-portuguesa | Hagiografía y Miraculística | Lingüística románica | Edición y estudio de textos científicos medievales | Estudio de problemas relativos a la traducción en la Edad Media | Literatura medieval y mujeres | Humanidades Digitales | Edición y estudio de textos literarios medievales",13,declaradas,Literatura románica medieval | lírica trovadoresca | ediciones críticas | vocabulario literario | lingüística románica | bases de datos | ediciones digitales,,"Edición de textos medievales escritos en variedades lingüísticas románicas, especialmente gallego-portugués | Estudios sobre diversos aspectos de la literatura románica medieval | Bases de datos de literatura románica medieval, bibliotecas digitales y ediciones hipertextuales | Estudios lingüísticos sincrónicos y diacrónicos sobre variedades lingüísticas románicas | Estudios lexicológicos y lexicográficos",,,https://imaisd.usc.es/grupoficha.asp?idpersoatipogrupo=75220&i=es&s=-126-328-329&v=,,grupo,{},USC_groups.csv
USC,Universidade de Santiago de Compostela,Galicia,extraido,GI-2168,"SCRIPTA. Escritura, pensamiento y sociedad",SCRIPTA,"SUAREZ GONZALEZ, ANA ISABEL",Departamento de Historia,,"Patrimonio documental y bibliográfico | Historia del libro y de las bibliotecas | Archivística, codicología, diplomática, epigrafía, incunabulística y paleografía | Escritura y sociedad | Monasterios cistercienses: historia, cultura, liturgia, memoria y patrimonio | Historia de la escritura | Libros, memoria y archivos | Literatura y filosofía | Estética o poética del silencio | Literatura catalana contemporánea | Filosofía contemporánea | Filosofía y religión | Literatura como escritura: afinidades interartísticas en las poéticas contemporáneas | Crítica textual (textos manuscritos e impresos)",14,declaradas,Archivos | Bibliotecas | Catalán | Císter | Codicología | Crítica textual | Cultura escrita | Diplomática | Edición | Epigrafía | Escritura | Historia | Iglesia | Imprenta | Incunables | Libro | Liturgia | Manuscritos | Medievo | Memoria | Paleografía | Patrimonio,,Asesoramiento sobre la cultura y la lengua catalanas (también sobre traducción) | Asesoramiento sobre descripción de patrimonio documental e bibliográfico | Edición | Diseño y ejecución de actividades de formación y difusión -ordinaria y cultural- del patrimonio documental y bibliográfico,,,https://imaisd.usc.es/grupoficha.asp?idpersoatipogrupo=250954&i=es&s=-126-328-329&v=,,grupo,{},USC_groups.csv
USC,Universidade de Santiago de Compostela,Galicia,extraido,GI-2214,"Senescencia celular, cáncer y envejecimiento",ColladoLab,"Collado Rodríguez, Manuel",Centro de Investigación en Medicina Molecular e Enfermidades Crónicas (CIMUS) Web: https://www.colladolab.com,,Senescencia celular y su implicación en cáncer y envejecimiento,1,declaradas,senescencia | cáncer | envejecimiento | senolíticos | reprogramación | rejuvenecimiento,,Identificación de actividades senolíticas y senomórficas,,,https://imaisd.usc.es/grupoficha.asp?idpersoatipogrupo=311408&i=es&s=-126-328-329&v=,,grupo,{},USC_groups.csv
USC,Universidade de Santiago de Compostela,Galicia,extraido,GI-1566,Simulación y control óptimo en medio ambiente,SCOMA,"VAZQUEZ MENDEZ, MIGUEL ERNESTO",Departamento de Matemática Aplicada Web: http://www.usc.es/es/investigacion/grupos/mfh/,,Simulación numérica en ingeniería y medioambiente | Control óptimo de ecuaciones en derivadas parciales (EDP). Aplicaciones en ingeniería y medioambiente | Optimización mono y multi-objetivo. Aplicaciones en ingeniería y medioambiente | Análisis teórico y numérico de ecuaciones en derivadas parciales (EDP),4,declaradas,simulación numérica | elementos finitos | control óptimo | optimización,,"Simulación del flujo en aguas poco profundas: ríos, canales, lagunas y zonas costeras | Cálculo de dispersión de algunos contaminantes | Aplicación de la teoría de control óptimo a temas de medio ambente",,,https://imaisd.usc.es/grupoficha.asp?idpersoatipogrupo=75454&i=es&s=-126-328-329&v=,,grupo,{},USC_groups.csv
USC,Universidade de Santiago de Compostela,Galicia,extraido,GI-1482,Sistemas Radiantes,,"ARES PENA, FRANCISCO JOSE",Departamento de Física Aplicada Web: http://aiff.usc.es/~fagsr/benvidag.htm,,"Deseño de antenas para la comunicación por satélite, radar y WLAN | Diseño de elementos pasivos de microondas mediante algoritmos de optimización | Metodologías alternativas para la enseñanza de la teoría electromagnética | Bioelectromagnetismo | Detección de manchas de hidrocarburos utilizando técnicas SAR",5,declaradas,Dispositivos de microondas | antenas | redes inalámbricas | bioelectromagnetismo | radar de abertura sintética,,"Laboratorio de antenas; Laboratorio de bioelectromagnetismo; Sistema de radar; Diseño de antenas de microondas para radar, comunicación por satélite y WLAN",,,https://imaisd.usc.es/grupoficha.asp?idpersoatipogrupo=75363&i=es&s=-126-328-329&v=,,grupo,{},USC_groups.csv
USC,Universidade de Santiago de Compostela,Galicia,extraido,GI-1648,Sistemas agroforestales y agroecológicos,AGROECOLFOR,"MOSQUERA LOSADA, MARIA ROSA",Departamento de Producción Vexetal e Proxectos de Enxeñaría Instituto Instituto de Biodiversidade Agraria e Desenvolvemento Rural (IBADER) Web: http://www.usc.es/gl/investigacion/grupos/sistemas_silvopastorais/,,"Sistemas Agroforestales, biodiversidad, bioeconomía y cambio climático | Linea de botánica forestal, ornamental y Malherbología | Plantas medicinales, aromáticas y micología | Multiplicación de especies forestales | Sistemas de información geográfica y gestión del territorio, la PAC e innovación",5,declaradas,"ACV, agroecología, sistemas agroforestales, multiplicación in vitro, servicios ecosistémicos, plantas medicinales, silvopastoreo, silvoarable",,"Interpretación y análisis químicos, físicos y microbiológicos del suelo en función del uso del territorio | Informes técnicos forestales, agrícolas y agroforestales | Empleo de drones en la gestión del territorio | Análisis de ciclo de vida social y ambiental y compensación de las emisiones GEI",,,https://imaisd.usc.es/grupoficha.asp?idpersoatipogrupo=75539&i=es&s=-126-328-329&v=,,grupo,{},USC_groups.csv
USC,Universidade de Santiago de Compostela,Galicia,extraido,GI-2132,"Sistemas supramoleculares, nanobiomimética y biofísica molecular",SupraNanoBioMol,"Granja Guillán, Juan Ramón",Centro de Investigación en Química Biolóxica e Materiais Moleculares (CIQUS) Web: https://www.usc.es/ciqus/en/groups/granja-montenegro-garcia-fandino,,"Nanotubos peptídicos: Diseño y sintesis basados en procesos de autoensamblaje molecular. Desarrollo de nuevas metodologías sintéticas para la preparación y estudio de materiales tubulares. Agentes antimicrobianos, nanobiomateriales y otras aplicaciones nanotecnológicas | Estudios computacionales, dinamica molecular de sistemas supramoleculares | Transporte transmembránico. Péptidos penetrantes dinámicos",3,declaradas,autoensamblaje molecular | nanotubos peptídicos | nanotecnología | transporte molecular | dinámica molécular | computación,,Síntesis de péptidos- síntesis de moléculas- dicroismo circular,,,https://imaisd.usc.es/grupoficha.asp?idpersoatipogrupo=214734&i=es&s=-126-328-329&v=,,grupo,"{""telefono"": ""591095""}",USC_groups.csv
USC,Universidade de Santiago de Compostela,Galicia,extraido,GI-1205,Sistemática Molecular,SISMOL,"REY MENDEZ, MANUEL",Departamento de Bioquímica e Bioloxía Molecular Web: http://www.usc.es/mtdna,,Identificación de especies por técnicas de DNA mitocondrial | Cultivos marinos alternativos a la mitilicultura | Estrés e inmunidad | Regulación y expresión génica,4,declaradas,ADN mitocondrial | identificación especies | conservas | pulpo | octopus vulgaris | cultivos marinos | estrés | inmunología | regulación génica,,Identificación de especies por secuenciación de ADN | Tecnología de cultivos marinos,,,https://imaisd.usc.es/grupoficha.asp?idpersoatipogrupo=75073&i=es&s=-126-328-329&v=,,grupo,{},USC_groups.csv
USC,Universidade de Santiago de Compostela,Galicia,extraido,GI-1750,Superficie ocular y lentes de contacto,SOYLC,"GONZALEZ PEREZ, JAVIER",Departamento de Física Aplicada,,"Morfometría corneal | Respuesta ocular al uso de lentes de contacto o cirugía refractiva | Cambios en la concentración de los mediadores de la inflamación, en los enzimas de la matriz celular y en los factores de crecimiento de la superficie ocular derivados del porte de LC o cirugía refractiva | Densidad celular en la superficie ocular",4,declaradas,"SUPERFICIE OCULAR | LENTES DE CONTACTO | CORNEA | CONJUNTIVA, TOPOGRAFIA CORNEAL | PAQUIMETRÍA | MICROSCOPÍA CONFOCAL | NFLAMACION",,1) Disponibilidad de las instalaciones de la USC para exámenes clínicos rutinarios y pruebas complementarias. 2) Asesoramiento a profesionales e instituciones. 3) Laboratorio de Superficie Ocular y Lentes de Contacto para exploracions oculares y toma de muestras 4) Estudios clínicos de líquidos y materiales de uso en contactología,,,https://imaisd.usc.es/grupoficha.asp?idpersoatipogrupo=75919&i=es&s=-126-328-329&v=,,grupo,{},USC_groups.csv
USC,Universidade de Santiago de Compostela,Galicia,extraido,GI-1919,"Síncrisis, Investigación en Formas Culturales",SIFC,"SANCHEZ SANCHEZ, XOSE MANOEL","Departamento de Dereito Común Departamento de Historia da Arte Departamento de Filoloxía Clásica, Francesa e Italiana Departamento de Historia Web: http://www.gruposincrisis.com",,"Análisis de las formas de construcción de los paisajes con sus diversas manifestaciones en el proceso histórico con aproximaciones transdisciplinares (arqueología, ciencias de la tierra, estudios culturales, ingenierías ) | Estrategias de integración transdisciplinar para los estudios sobre el territorio: GIS, LiDAR, cultura visual, Historia del Arte, arqueometría y análisis físico-químicos (paleobotánica, paleoambiente, dataciones C14, OSL, etc.), astrofísica, antropologías del paisaje, arqueología del paisaje | Análisis de Cultura Material en diferentes aproximaciones al registro arqueológico: entidades macro (paisajes, yacimientos), semi-micro (edificios), o micro (objetos: libros antiguos, cerámica, obras de arte), desde la Prehistoria hasta la Época Contemporánea | Problemas de gestión, gobierno, poder y conceptualización ideológica y cultural en sociedades pre-modernas, con especial atención a aspectos como pensamiento político, antropología política o historia antropológica",4,declaradas,Patrimonio | Arqueología | Iconografía | Antropología histórica | Pensamiento político | Teoría de la imagen | Historia Antigua y Medieval,,Control de patrimonio en obras públicas | Evaluación y conservación de cultura material y tradiciones locales,,,https://imaisd.usc.es/grupoficha.asp?idpersoatipogrupo=135964&i=es&s=-126-328-329&v=,,grupo,{},USC_groups.csv
USC,Universidade de Santiago de Compostela,Galicia,extraido,GI-1438,Tecnología Educativa,TecnoEduc,"CEBREIRO LOPEZ, BEATRIZ",Departamento de Pedagoxía e Didáctica Web: http://www.usc.es/tecnoedu,,"elearning: Posibilidades educativas de las TIC | Diseño, desarrollo y evaluación de entornos de formación en red flexibles y multimedia educativo | Integración y usos de las TIC en las instituciones educativas y otros contextos de formación | Formación en competencia digital y para el uso de las TIC en el ámbito profesional | Retos educativos ante la transformación social de las TIC: Inclusión, equidad, género, acceso, participación e socialización en contextos diversos",5,declaradas,"Tecnología educativa, tecnologías aplicadas a la educación, entornos de formación virtual en red, formación en competencias TIC, formación de profesorado, aprendizaje colaborativo, multimedia educativo, medios sociales y educación, tecnologías para el aprendizaje, alfabetización digital, inclusión digital, innovación educativa, educación adultos, formación a lo largo de la vida, aprendizaje virtual, educación para la salud",,"Asesoramiento en el uso de medios aplicados a la educación y a la formación | Diseño y desarrollo de propuestas de formación en TIC para la educación y la investigación ((profesionales de la educación y de la formación) | Diseño, desarrollo e implementación de propuestas de Alfabetización digital (todo tipo de colectivos sociales e instituciones o profesionales de distintos sectores) | Implementación de entornos flexibles de formación en redes | Diseño de cursos multimedia. Contenidos multimedia en diferentes formatos y tecnologías | Evaluación de software educativo y entornos interactivos | Desarrollo de sistemas para la gestión de medios en el aula/centro | Desarrollo de soluciones tecnologicas accesibles: materiales y equipos | Diseño, asesoramiento y evaluacion de experiencias innovadoras con TIC",,,https://imaisd.usc.es/grupoficha.asp?idpersoatipogrupo=75314&i=es&s=-126-328-329&v=,,grupo,"{""telefono"": ""981-563100 ext.13749""}",USC_groups.csv
USC,Universidade de Santiago de Compostela,Galicia,extraido,GI-1618,Tecnologías para el Desarrollo de Bioproductos Industriales,TIBD,"MOREIRA MARTINEZ, RAMON FELIPE",Departamento de Enxeñaría Química,,"Secado: Equilibrio y cinética, propiedades de transporte, modelización, secaderos, diseño | Secado de bioproductos: Aire convectivo y deshidratación osmótica rehidratación optimización de las condiciones de operación, calidad del producto final | Características de los productos: composición, granulometría, textura, color, estructura celular, encogimiento | Reología de bioproductos: hidrocoloides, masas de harinas, sistemas libres de gluten | Propiedades físicas de sistemas líquidos: Viscosidad, densidad, tensión superficial | Desarrollo de procesos y optimización de la extracción de componentes bioactivos (polifenoles, hidrocoloides, carotenoides) asistida por ultrasonidos | Purificación de fracciones bioactivas mediante extracción en fase sólida y métodos cromatográficos (gel y adsorción) | Caracterización química y actividades antioxidantes de componentes bioactivos de fuentes naturales: residuos agroindustriales (flavanoles, antocianinas, flavonoles), lúpulo (prenilados, alfa-ácidos e beta-ácidos), macroalgas y microalgas (polifenoles, micosporinas, pigmentos carotenoides y tocoferol)",8,declaradas,"Transferencia de materia y calor | secado | deshidratación osmótica, liofilización | rehidratación | extracción sólido-líquido. Bioproductos | biopolímeros | antioxidantes | propiedades físicas y químicas | reología | modelización",,"Estudios de equilibrios y cinéticas de secado y rehidratación. Modelización. Diseño de secaderos. - - - - - - Plantas piloto de secado (bomba de calor y alta temperatura). Equipos de deshidratación osmótica. Equipos de rehidratación. Liofilizador. Equipos de actividad de agua | Caracterización de bioproductos (frescos y procesados): composición (azúcares, almidón), granulometría, textura, color, estructura celular. - - - - - - HPLC, espectrofotómetro, desintegrador y molino ultracentrífugo, tamizadora, máquina universal de ensayos mecánicos, colorímetro para sólidos, microscopio óptico y análisis de imágenes. Envasado al vacío. Estufas (c/s vacío) | Caracterización reológica de biopolímeros. Comportamiento viscoelástico. - - - - - - Reómetro de esfuerzo controlado, amasadora de laboratorio (Mixolab) | Determinación de propiedades de líquidos. Viscosidad y tensión superficial. - - - - - - Viscosímetros capilar y rotacional. Tensiómetro | Ensayos de actividad antioxidante in vitro de bioproductos. - - - - - - DPPH, FRAP, TBARS, TPTZ, ABTS | Determinación de pigmentos carotenoides y tocoferol en microalgas, macroalgas y materiales vexetales por HPLC | Determinación de polifenoles totales en macroalgas (método colorimétrico) y caracterización química mediante HPLC | Procesado mediante ultrasonidos a escala piloto",,,https://imaisd.usc.es/grupoficha.asp?idpersoatipogrupo=75506&i=es&s=-126-328-329&v=,,grupo,{},USC_groups.csv
USC,Universidade de Santiago de Compostela,Galicia,extraido,GI-2160,Tecnoloxía para a Economía Circular e a SEguridade NAtural,TEC-SENA,"BELLO BUGALLO, PASTORA MARIA",Departamento de Enxeñaría Química,,"Identificación de Mejores Técnicas Disponibles en la industria para la Economía Circular | Desarrollo de metodologías para la identificación y planteamiento de sistemas industriales sostenibles nuevos o existentes | Validación y desarrollo de herramientas para el análisis de sistemas desde el punto de vista económico, social, ambiental y gubernamental | Seguridad natural, recursos y conflictos",4,declaradas,Mejores Técnicas Disponibles Economía Circular Prevención y Control Integrados de la Contaminación Seguridad Natural Recursos Energéticos y materiales Desarrollo Sostenible Sistemas Industriales Sostenibles Análisis de Flujos de Materia y Energía Simbiosis Seguridade Natural para o cambio climático Eficiencia energética Seguridad en el suministro,,"Asesoramiento en prevención y control integrados de la contaminación para las actividades industriales | Análisis de las Mejores Técnicas Disponibles en la industria, tanto para grandes como pequeñas (PYMEs o micro-empresas) | Aplicación de metodologías en las actividades industriales basadas en el enfoque de la economía circular para obtener residuo cero, mediante el análisis del proceso productivo y el desarrollo de nuevos procesos o planteamiento de existentes para convertir residuos en materias primas o productos | Actividades formativas y divulgativas en relación con los recursos y residuos, a la economía circular, las mejores técnicas disponibles, la seguridad natural, sistemas sostenibles etc | Asesoramiento a la administración en la aplicación de políticas internacionales y europeas en el ámbito del medio ambiente, el desarrollo sostenible, así como las relacionadas con la seguridad natural",,,https://imaisd.usc.es/grupoficha.asp?idpersoatipogrupo=244586&i=es&s=-126-328-329&v=,,grupo,{},USC_groups.csv
USC,Universidade de Santiago de Compostela,Galicia,extraido,GI-1371,Teoría de la literatura y Literatura comparada,TLLC,"RABADE VILLAR, MARIA DO CEBREIRO","Departamento de Lingua e Literatura Españolas, Teoría da Literatura e Lingüística Xeral Web: http://www.tllc-usc.gal",,Teoría literaria | Literatura comparada | Realismo y literatura | Teoría de la lírica | Fenomenología | Historia comparada de las literaturas | Teoría de la historia literaria | Cine y literatura | Estudios teatrales | Literatura y nuevas tecnologías | Semiótica | Sociología literaria,12,declaradas,Ficción | lírica | realismo | teatro | teoría | comparatismo,,Investigación literaria y cultural,,,https://imaisd.usc.es/grupoficha.asp?idpersoatipogrupo=75244&i=es&s=-126-328-329&v=,,grupo,{},USC_groups.csv
USC,Universidade de Santiago de Compostela,Galicia,extraido,GI-2033,"Teoría y Fenomenología de Partículas, Astropartículas, Campos y Cuerdas",TEOFPACC,"MIRAMONTES ANTAS, JOSE LUIS",Departamento de Física de Partículas Instituto Instituto Galego de Física de Altas Enerxías (IGFAE),,"Teoría y fenomenología de las interacciones fundamentales a altas energías | Detección y análisis del plasma de quarks y gluones | Astrofísica de altas energías (neutrinos, rayos gamma y rayos cósmicos) | Astronomía de neutrinos | Métodos no-perturbativos en teoría cuántica de campos | Teoría de cuerdas | Gravedad cuántica y supersimetría | Integrabilidad en teorías de campos clásicas y cuánticas",8,declaradas,Supercuerdas | Branas | Dualidad | Supergravedad | Supersimetría | Integrabilidad | Teoría Cuántica de Campos | Solitones | No-lineal | Quarks | Gluones | Altas Energías | Percolación | Plasma | Simulaciones | Códigos MonteCarlo | Métodos Línea Universo | Rayos Cósmicos | Neutrinos | Interacciones Hadrónicas | QCD,,Recursos informáticos de cálculo | Red de cálculo y comunicaciones,,,https://imaisd.usc.es/grupoficha.asp?idpersoatipogrupo=154819&i=es&s=-126-328-329&v=,,grupo,"{""telefono"": ""981-563100 ext.14057""}",USC_groups.csv
USC,Universidade de Santiago de Compostela,Galicia,extraido,GI-1451,Tercera Generación,TeXe,"OLVEIRA OLVEIRA, MARIA ESTHER",Departamento de Pedagoxía e Didáctica,,"Desarrollo de sistemas educativos y planificación estratégica de la intervención | Desarrollo de la intervención pedagógica, explicación y comprensión de la intervención | Desarrollo de funciones pedagógicas y profesionalización de la intervención | Políticas educativas, globalización y sociedad civil | Educación intercultural, flujos migratorios y redes de cooperación al desarrollo | Sociedad del conocimiento, educación electrónica y gestión de recursos | Educación en valores, cultura y civilización | Educación para el Desarrollo Sostenible y la Ciudadanía Global | Pedagogía gerontológica, educación permanente, educación de adultos y de personas mayores | Museística: museos pedagógicos y renovación educativa | Emigración transoceánica y educación popular en Galicia (siglos XVII-XX) | Identidades colectivas, cultura y experiencias comunitarias de los gallegos en América (ss. XIX-XX) e infancia y emigración (ss. XIX-XX). Los gallegos en América hoy. Evaluación de necesidades y programas de intervención educativa",12,declaradas,"Desarrollo | sistemas educativos | políticas educativas | educación en valores | interculturalidad | globalización | sociedad civil | derechos | conocimiento de la educación | intervención pedagógica | funciones pedagógicas | gestión cultural | profesionalización | profesionalismo | deontología | decisiones técnicas | sociedad del conocimiento | educación electrónica | redes de cooperación, gestión de recursos | educación de adultos | pedagogía gerontológica | educación contínua | museística | museos pedagógicos | renovación educativa",,Asesoría Intervención pedagógica Desarrollo de programas Gestión de recursos Planificación estratégica Docencia e investigación Tecnologías de intervención Formación de personas adultas,,,https://imaisd.usc.es/grupoficha.asp?idpersoatipogrupo=75328&i=es&s=-126-328-329&v=,,grupo,{},USC_groups.csv
USC,Universidade de Santiago de Compostela,Galicia,extraido,GI-2178,Territorio y Ambiente,Team,"SANTOS SOLLA, XOSE MANUEL",Departamento de Xeografía,,Estudios territoriales y ambientales Análisis demográfico Ordenación territorial Gestión turística riesgos climáticos cambio climático y cambio global ordenación de espacios litorales ordenación y gestión de espacios naturales desarrollo rural nuevos productos turísticos estudios de género y sexualidad gestión de cuencas fluviales restauración de espacios fluviales,1,declaradas,geografía | territorio | ambiente | espacio | turismo | clima | demografía | litoral | cartografía | SIG,,"Análisis territorial, ambiental y sociodemográfico orientado a la planificación y gestión de espacios naturales y antropizados Diseño y elaboración cartográfica y Sistemas de Información Geográfica Geoestadística de información territorial y ambiental Realización de estudios de diagnóstico espacial, con especial interés hacia aquellos relacionados con el clima, turismo y los espacios naturales y rurales",,,https://imaisd.usc.es/grupoficha.asp?idpersoatipogrupo=265160&i=es&s=-126-328-329&v=,,grupo,{},USC_groups.csv
USC,Universidade de Santiago de Compostela,Galicia,extraido,GI-1934,"Territorio, Biodiversidad",Te-Bio,"MIRANDA BARROS, DAVID",Departamento de Enxeñaría Agroforestal Instituto Instituto de Biodiversidade Agraria e Desenvolvemento Rural (IBADER) Web: http://tb.usc.es,,Ordenación del Territorio | Desarrollo Rural | Tenencia de la Tierra y Gestión del Territorio | Planificación Paisaje | Cooperación para el Desarrollo | Geocomputación | Cartografía y SIG | Teledetección | Fotogrametría digital | Gestión del la biodiversidad | Ecología del Paisaje | Humedales | Arquemetria | Etnobotanica,14,declaradas,Ordenación do territorio Gestión de Tierras Biodiversidad Geocomputación Riesgos,,Gestión territorial para el desarrollo | Aplicaciones de Sistemas de Información Geográfica | Aplicaciones LiDAR,,,https://imaisd.usc.es/grupoficha.asp?idpersoatipogrupo=137704&i=es&s=-126-328-329&v=,,grupo,{},USC_groups.csv
USC,Universidade de Santiago de Compostela,Galicia,extraido,GI-1734,Toxicología forense,FORTOX,"BERMEJO BARRERA, ANA MARIA","Departamento de Ciencias Forenses, Anatomía Patolóxica, Xinecoloxía e Obstetricia e Pediatría Instituto Instituto de Ciencias Forenses ""Luis Concheiro"" (INCIFOR) Web: http://www.toxicologiaforense.com/es/index.html",,"Estudio de matrices biológicas alternativas para la determinación de drogas y fármacos de abuso (Bermejo Barrera y Tabernero Duque) | Determinación de drogas de abuso en pelo. Aplicaciones en el ámbito clínico y médico-legal (Tabernero Duque y Bermejo Barrera) | Monitorización de la mortalidad por Reacción Adversa a Drogas (RAD) en la Comunidad Autónoma Gallega (Bermejo Barrera y Tabernero Duque) | Nuevas técnicas de micro extracción aplicadas a muestras biológicas de toxicología forense (Tabernero Duque y Bermejo Barrera) | Aplicación de la Cromatografía de gases acoplada a la Espectrometría de masas a la determinación de fármacos y drogas en toxicología forense (Bermejo Barrera y Tabernero Duque) | Estudio toxicogenético de fármacos y drogas implicados en intoxicaciones y en muertes por adicción (Bermejo Barrera y Tabernero Duque) | Nuevos marcadores de las intoxicaciones por alcohol y drogas (Tabernero Duque y Bermejo Barrera) | Valoracíón del daño corporal (Ordóñez Mayán, Muñoz Barús) | Identificación médico legal (Muñoz Barús) | Intervalo postmórtem (Ordóñez Mayán, Muñoz Barús) | Violencia de pareja (Ordóñez Mayán, Muñoz Barús) | Muerte por sumersión (Muñoz Barús) | Screening y confirmación de fármacos , drogas y alcohol en el ámbito hospitalario. Prof. Cruz Landeira, Prof. López-Rivadulla, Dra. Ana de Castro, Dra. Elena Lendoiro) | Aplicación de la Cromatografía Líquida acoplada a la Espectrometría de Masas para la determinación de drogas de abuso en medios biológicos. (Dra. Ana de Castro, Prof. Cruz Landeira, Prof. López-Rivadulla, Dra. Elena Lendoiro) | Estudio de matrices biológicas alternativas para la determinación de drogas y fármacos de abuso. (Dra. Elena Lendoiro, Dra. Ana de Castro, Prof. Cruz Landeira, Prof. López-Rivadulla) | Uso de dispositivos para la determinación de drogas de abuso en saliva. Aplicación en el tráfico rodado (Prof. López-Rivadulla, Prof. Cruz Landeira, Dra. Elena Lendoiro, Dra. Ana de Castro) | Desarrollo de metodologías analíticas empleando técnicas de microsampling y su aplicación en la determinación de drogas y fármacos. (Dra. Ana de Castro, Dra. Elena Lendoiro, Prof. Cruz Landeira, Prof. López-Rivadulla) | Estudio de biomarcadores de toxicidad mediante el uso de modelos celulares por exposición a las nuevas drogas psicoactivas. (Dra. Elena Lendoiro, Dra. Ana de Castro, Prof. Cruz Landeira, Prof. López-Rivadulla)",18,declaradas,Drogas de abuso | análisis toxicologico | fluidos biologicos | métodos cromatografícos | matrices alternativas | reacción vital y data de la muerte | valoración del daño,,Analisis de drogas de abuso y fármacos en medios biologicos clasicos y alternativos | Aplicación de sistemas cromatograficos a casos de Toxicología Forense y Clínica. GC-MS y LC-MS,,,https://imaisd.usc.es/grupoficha.asp?idpersoatipogrupo=75633&i=es&s=-126-328-329&v=,,grupo,{},USC_groups.csv
USC,Universidade de Santiago de Compostela,Galicia,extraido,GI-1735,Toxicología-Lugo,TOX-L,"MELGAR RIOL, MARIA JULIA","Departamento de Ciencias Forenses, Anatomía Patolóxica, Xinecoloxía e Obstetricia e Pediatría",,"Estudios de contaminación medioambiental y su incidencia en los alimentos: Calidad de aguas, acumulación de metales pesados y residuos de plaguicidas | Estudio de toxicidad ""in vitro"" con cultivos celulares | Estudios de contaminación medioambiental. Biomarcadores",3,declaradas,Contaminaciópn | metales pesados | agua | plaguicida | citotoxicidad | ecotoxicología | biomarcadores | enzimas,,"Acumulación de metales pesados en alimentos y muestras medioambientales por voltamperometría de redisolución anódica | Calidad de aguas: Parámetros físicos, químicos y bacteriológicos | Residuos de plaguicidas en alimentos por cromatografía de gases (CG) | Citotoxicidad de compuestos químicos con hepatocitos y líneas celulares establecidas (RTG-2, CHO,...) | Búsqueda y aplicación ecotoxicologica de biomarcadores de contaminación ambiental: enzimas",,,https://imaisd.usc.es/grupoficha.asp?idpersoatipogrupo=75634&i=es&s=-126-328-329&v=,,grupo,{},USC_groups.csv
USC,Universidade de Santiago de Compostela,Galicia,extraido,GI-1682,"Toxinas marinas: Mecanismos de Transducción, usos terapéuticos y métodos de detección",FARMATOX,"BOTANA LOPEZ, LUIS MIGUEL","Departamento de Farmacoloxía, Farmacia e Tecnoloxía Farmacéutica Web: http://www.farmatoxresearchgroup.com",,"Desarrollo de técnicas funcionales de detección rápida para ficotoxinas marinas | Fármacos antialérgicos y antineoplásicos, estudio del mecanismo de acción en células normales y tumorales | Fármacos antialérgicos y señales de transducción en mastocitos, linfocitos y células intestinales | Mareas rojas paralizantes y neurotóxicas: desarrollo de métodos de detección y estuios de toxicidad | Episodios tóxicos de mareas rojas diarreicas y de toxinas liposolubles: desarrollo de técnicas bioquímicas y funcionales de detección, estudio de toxicidad e identificación de sus dianas farmacológicas | Desarrollo de marcadores y métodos funcionales de la función absortiva e intestinal | Desarrollo de métodos basados en biosensores ópticos para ficotoxinas",7,declaradas,"Mastocito, Linfocito, Ficotoxina, Alergia, Señales de transducción, Cáncer, Okadaico, Saxitoxina, Yesotoxina, Palitoxina, Enterocito",,Desarrollo de kits para detección de ficotoxinas | Identificación de actividades farmacológicas en cribado e HTS,,,https://imaisd.usc.es/grupoficha.asp?idpersoatipogrupo=75580&i=es&s=-126-328-329&v=,,grupo,"{""telefono"": ""982-252242""}",USC_groups.csv
USC,Universidade de Santiago de Compostela,Galicia,extraido,GI-2221,Transferencia de conocimiento para la toma de decisiones organizativas,PRAXIS,"BASTIDA DOMINGUEZ, MARIA",Departamento de Organización de Empresas e Comercialización,,"1. Gobernanza, regulación y desempeño institucional. Estudia cómo los marcos de gobierno, la regulación y los sistemas de rendición de cuentas condicionan la eficacia de organizaciones, instituciones y políticas públicas. 2. Estrategia, personas y transformación organizativa. Analiza cómo las organizaciones se adaptan a los cambios tecnológicos, sociales y competitivos mediante la digitalización, la innovación, la gestión de personas, la igualdad y la redefinición de sus modelos organizativos. 3. Territorio, ecosistemas y desarrollo económico. Examina el papel de las organizaciones en la competitividad territorial, la colaboración público-privada, las cadenas de valor, el emprendimiento y los ecosistemas de innovación. 4. Sostenibilidad, cumplimiento y resiliencia. Aborda la integración de la sostenibilidad, la responsabilidad corporativa, el cumplimiento normativo, la gestión del riesgo y la ciberseguridad como factores clave de continuidad y legitimidad organizativa. 5. Inteligencia artificial, disrupción tecnológica y crisis organizativas. Investiga el impacto de la inteligencia artificial, los ciberincidentes y otras tecnologías disruptivas sobre la continuidad de la actividad, la toma de decisiones, la gobernanza de crisis y la adaptación regulatoria",1,declaradas,Gobernanza organizativa | políticas públicas | gestión estratégica | diseño organizativo | resiliencia organizativa | sostenibilidad organizativa | gestión del riesgo | transformación digital | ciberseguridad | transferencia de conocimiento,,"Diseño, seguimiento y evaluación de políticas públicas y programas de intervención económica. Elaboración de informes técnicos, diagnósticos organizativos y estudios aplicados para la toma de decisiones. Evaluación de impacto de programas, instrumentos públicos y estrategias organizativas. Diseño de sistemas de indicadores, cuadros de mando y metodologías de análisis y evaluación. Asesoramiento en gobernanza organizativa, mejora institucional y adaptación a entornos regulatorios complejos. Apoyo al diseño y evaluación de planes de igualdad, sostenibilidad y responsabilidad social. Análisis y mejora de modelos de gestión, estructuras organizativas y procesos de cambio y digitalización. Asesoramiento en gestión del riesgo, cumplimiento normativo, resiliencia organizativa y ciberseguridad. Estudios sobre colaboración público-privada, gobernanza territorial, ecosistemas de innovación y cadenas de valor. Desarrollo de actividades formativas y de transferencia para administraciones públicas, empresas y otras organizaciones",,,https://imaisd.usc.es/grupoficha.asp?idpersoatipogrupo=331464&i=es&s=-126-328-329&v=,,grupo,{},USC_groups.csv
USC,Universidade de Santiago de Compostela,Galicia,extraido,GI-2219,"UNIDAD DE LABORATORIO, TRABAJO AMBIENTAL, METODOLÓGICO, DE APRENDIZAJE Y RELACIONES SOCIALES",ULTRAMAR,"DURAN RODRIGUEZ, MARIA DEL MAR","Departamento de Psicoloxía Social, Básica e Metodoloxía",,"Estudio y Análisis del comportamiento psicosocial (actitudes, emociones, valores), ambiental (relación persona-ambiente), perspectiva psico sociambiental del Camino de Santiago, diseño y análisis riguroso de datos en ciencias del comportamiento, estudio de los procesos de aprendizaje y desarrollo humano en contextos socioeducativos",1,declaradas,"Trabajo Ambiental, Metodológico, Aprendizaje, Comportamiento Social",,"Estudio y Análisis del comportamiento psicosocial (actitudes, emociones, valores), ambiental (relación persona-ambiente), perspectiva psico sociambiental del Camino de Santiago, diseño y análisis riguroso de datos en ciencias del comportamiento, estudio de los procesos de aprendizaje y desarrollo humano en contextos socioeducativos",,,https://imaisd.usc.es/grupoficha.asp?idpersoatipogrupo=323580&i=es&s=-126-328-329&v=,,grupo,{},USC_groups.csv
USC,Universidade de Santiago de Compostela,Galicia,extraido,GI-1837,Unidad de Gestión Ambiental y Forestal Sostenible,UXAFORES,"ALVAREZ RODRIGUEZ, ESPERANZA",Departamento de Edafoloxía e Química Agrícola Departamento de Producción Vexetal e Proxectos de Enxeñaría Departamento de Enxeñaría Agroforestal Web: http://www.uxafores.com,,"Suelos: nutrición, contaminación y rehabilitación 1. Fertilidad del suelo, fertilización y diagnosis nutricional a través del análisis de suelos y vegetación. 2. Efectos del manejo del suelo. Medidas de conservación. 3. Ciclos biogeoquímicos y de la materia orgánica. 4. Papel del suelo en el cambio climático: biodiversidad de microorganismos y gases de efecto invernadero. 5. Contaminación del suelo por metales pesados y contaminantes emergentes. Restauración y descontaminación de suelos y aguas. 6. Revalorización de residuos y subproductos en el ámbito agroforestal y ambiental. 7. Evaluación de impactos del fuego en el suelo y restauración de áreas quemadas. 8. Suelos tropicales | Planificación y gestión forestal 1. Modelización del crecimiento y la productividad forestal: modelos de árbol individual y de rodal, calidad de la estación, tarifas de cubicación con clasificación de productos, de biomasa y de contenido en carbono, competencia, etc. 2. Inventario y monitorización de los recursos forestales: LiDAR aéreo y terrestre, satélites, UAV e inventarios de campo. 3. Optimización y toma de decisiones multicriterio a nivel rodal y monte: programación lineal, entera y mixta, técnicas heurísticas, métodos diferenciables, AHP y otros. 4. Selvicultura: especies atlánticas de alto crecimiento, plantaciones energéticas y métodos de cubierta forestal continua. 5. Otros aprovechamientos del monte: producción micológica. 6. Ordenación de montes: zonas protectoras, espacios naturales protegidos, pequeña propiedad y agrupaciones. 7. Certificación forestal: impactos ambientales, sociales y económicos. 8. Desarrollo de aplicaciones informáticas de ayuda al inventario y a la toma de decisiones en la planificación de la gestión forestal | Propiedades y aplicaciones de la madera 1. Influencia de la selvicultura y la estación forestal en la calidad de la madera. 2. Caracterización física de la madera procedente de cultivos clonales. 3. Influencia de los hongos cromógenos en las propiedades de la madera. 4. Simulación numérica por elementos finitos de la capacidad de resistencia de la madera para la construcción. 5. Optimización y cálculo de estructuras de madera y sus uniones. 6. Caracterización mecánica de madera con fines estructurales. 7. Aplicación de técnicas no destructivas para evaluación de la madera estructural. 8. Estudio de comportamiento de sistemas estructurales de madera mediante ensayos mecánicos. 9. Aplicación de técnicas de fotogrametría (Correlación Digital de Imágenes, DIC) para estudio del comportamiento de la madera estructural. 10. Desarrollo de productos innovadores para la construcción en madera. 11. Evaluación del encolado en productos de madera técnica. 12. Formación especializada en cálculo de madera estructural. 13. Estimación de la huella de carbono en productos estructurales de madera | Sanidad forestal 1. Efectos de los insectos perjudiciales en la calidad, crecimiento y producción de las masas forestales. 2. Especies invasoras. 3. Dinámica de poblaciones de insectos forestales: efectos de la temperatura, calidad nutritiva y sistema defensivo de las plantas, microorganismos y fauna asociada en el crecimiento, supervivencia y reproducción de insectos forestales, especialmente en el contexto actual de cambio global | Incendios forestales 1. Modelización de la humedad de combustibles muertos y determinación de patrones estacionales de variación de la humedad de combustibles vivos en formaciones vegetales arboladas y no arboladas. 2. Modelización de características estructurales del complejo de superficie determinantes de su inflamabilidad y combustibilidad. 3. Modelización de características estructurales del dosel arbóreo determinantes del riesgo de inicio y de propagación del fuego por las copas. 4. Catalogación de situaciones de combustible en base a los criterios de la Fotoguía de combustibles forestales de Galicia y comportamiento del fuego asociado. 5. Evaluación de la efectividad de tratamientos selvícolas",5,declaradas,Adsorbentes de contaminantes | Agrícola | Agua | Antibióticos | Biomasa | Cambio climático | Certificación forestal | Crecimiento y productividad forestal | Dasometría e inventario | Degradación forestal | Ecología | Estructuras de madera | Formación | Incendios | Nutrición | Pastizales Plantaciones energéticas | Populicultura | Propiedades madera | Recursos forestales no madereros | Residuos | Restauración ecológica | Sanidad forestal | Secuestro carbono | Selvicultura | Suelos | Teledetección | Toma de decisiones | Valorización | Gestión forestal,,"Estudios: tarifas de cubicación, tablas de producción, inventarios forestales, proyectos de ordenación de montes, planes técnicos, diagnosis nutricional y de fertilización forestal, evaluaciones de la biomasa forestal y del secuestro de carbono, informes sobre certificación forestal, etc | Elaboración de aplicaciones informáticas para el inventario, la gestión forestal, etc | Análisis de estructuras de madera a través de la Plataforma de la Madera Estructural PEMADE | Análisis de suelos, aguas y muestras vegetales | Diagnosis de deficiencias y toxicidades | Recomendaciones de manejo de suelos forestales y agrícolas | Evaluaciones fitosanitarias y sistemas de control de plagas | Inventarios y caracterización de combustibles forestales, evaluaciones de riesgo potencial de incendio forestal, planificación de actuaciones de gestión del combustible | Elaboración de libros, manuales prácticos o documentación de divulgación forestal",,,https://imaisd.usc.es/grupoficha.asp?idpersoatipogrupo=80295&i=es&s=-126-328-329&v=,,grupo,{},USC_groups.csv
USC,Universidade de Santiago de Compostela,Galicia,extraido,GI-1847,Unidad de Investigación en Cardiología Celular y Molecular,C.C.M.,"GONZALEZ JUANATEY, JOSE RAMON","Departamento de Cirurxía e Especialidades Médico-Cirúrxicas Departamento de Farmacoloxía, Farmacia e Tecnoloxía Farmacéutica Departamento de Psiquiatría, Radioloxía, Saúde Pública, Enfermaría e Medicina",,Cultivo celular. Cultivo primario de cardiomiocitos y de línea celular cardiomiocitaria | Cardiología. Trabajo dentro del Servicio de Cardiología | Farmacología cardiovascular. Efecto de fármacos a nivel cardiovascular,3,declaradas,"Biología molecular, cardiología, farmacología",,"Cultivo celular de cardiomiocitos, trabajos con ácidos nucleico, proteínas, etc | Aportar estudios a nivel básico dentro del campo de la Cardiología en correspondencia con la Medicina Clínica | Unificar estudios cardiovasculares con estudios endocrinológicos y farmacológicos",,,https://imaisd.usc.es/grupoficha.asp?idpersoatipogrupo=88334&i=es&s=-126-328-329&v=,,grupo,"{""telefono"": ""981950902""}",USC_groups.csv
USC,Universidade de Santiago de Compostela,Galicia,extraido,GI-1341,"Unidad de Investigación en Nutrición, Crecimiento y Desarrollo Humano de Galicia",GALINUT,"LEIS TRABAZO, MARIA ROSAURA","Departamento de Ciencias Forenses, Anatomía Patolóxica, Xinecoloxía e Obstetricia e Pediatría",,"Nutrición, crecimiento y composición corporal | Obesidad | Nutrición y factores de riesgo aterogénico | Nutrición y alteraciones del metabolismo de los hidratos de carbono | Nutrición y mineralización ósea | Nutrición y alimentos funcionales | Aspectos clínico-epidemiolóxicos del asma infantil | Alteraciones del desarrollo testicular | Causticación esofágica",9,declaradas,"Nutrición pediátrica | obesidad, riesgo cardiovascular | crecimiento | composición corporal | mineralización ósea | metabolismo de hidratos de carbono | alimentos funcionales | probióticos | prebióticos | cuidados nutricionales | prevención dietética | prevención nutricional | educación nutricional. Asma | corticosteroides. Criptorquídea | tratamiento hormonal | tratamiento quirúrgico | peritoneografía | caústicos, quemadura esofágica | estenosis esofágica | dilatación esofágica",,"Estudios poblacionales del estado nutricional y crecimiento (antropometría, composición corporal, bioquímica nutricional, factores de riesgo aterogénico y encuestas dietéticas) | Prevalencia de obesidad | Programas de prevención e intervención nutricional | Planificación dietética | Pirámide Guía de alimentos | Valoración de la palatabilidad de los nutrientes y de los componentes funcionales de los alimentos | Prevalencia del asma en la población infantil en Santiago y su área de influencia. Factores precipitantes de asma en el niño. Corticosteroides inhalados y su repercusión en el crecimiento | Estudio clínico y experimental del desarrollo testicular. Investigación de nuevas modalidades de tratamiento | Estudio epidemiológico, clínico y de cirugía experimental de la causticación esofágica. Desarrollo de nuevas estrategias para su tratamiento y prevención de las secuelas",,,https://imaisd.usc.es/grupoficha.asp?idpersoatipogrupo=75211&i=es&s=-126-328-329&v=,,grupo,{},USC_groups.csv
USC,Universidade de Santiago de Compostela,Galicia,extraido,GI-1754,Unidad de Psicología Forense,GI-1754,"ARCE FERNANDEZ, RAMON",Departamento de Ciencia Política e Socioloxía Web: http://www.usc.es/uforense/,,"Evaluación e Intervención en Psicología Jurídica y Forense | Psicología del Testimonio | Psicología Criminal | Toma de decisioens legales | Estudio psicosocial de la conducta violenta | Gestión y resolución de conflcitos (mediación, negociación,...) | Psicología Jurídica del Menor | Psicología Jurídica de la Familia | Intervención Social | Evaluación de programas | Programación comunitaria | Intervención Comunitaria | Victimología | Determinantes del consumo y abandono de las drogas | Justicia terapéutica y restaurativa",15,declaradas,"Psicología Forense, delincuencia, drogadicción, victimología",,Periciales judiciales | Tratamiento de Maltratadores Condenados por Violencia de Género,,,https://imaisd.usc.es/grupoficha.asp?idpersoatipogrupo=75926&i=es&s=-126-328-329&v=,,grupo,{},USC_groups.csv
USC,Universidade de Santiago de Compostela,Galicia,extraido,GI-1416,Unidad de investigación de las conductas de riesgo y los trastornos en el desarrollo,UNDERISK,"ROMERO TRIÑANES, ESTRELLA",Departamento de Psicoloxía Clínica e Psicobioloxía Departamento de Psicoloxía Evolutiva e da Educación Instituto Instituto de Psicoloxía (IPsiUS) Web: http://www.usc.es/es/investigacion/grupos/underisk,,"Investigación sobre el desarrollo psicológico y sus trastornos con el propósito de identificar factores de riesgo y protección | Estudio del desarrollo y adquisición del lenguaje, así como los trastornos en el desarrollo del lenguaje y su relación con otros procesos (e.g., teoría de la mente, procesos cognitivos, temperamento) | Desarrollo psicológico en circunstancias especiales: Prematuridad y ceguera | Mecanismos de vulnerabilidad y protección personal y psicosocial en las conductas de riesgo (e.g., agresividad y conductas desafiantes, consumo de drogas, infracciones de tráfico) | Trayectorias de desarrollo de los problemas de conducta en la infancia y la juventud | Técnicas de evaluación del desarrollo psicológico y sus trastornos | Diseño de herramientas de valoración y gestión del riesgo en la infancia y en la juventud | Diseño, implementación y evaluación de programas de prevención y tratamiento en problemas del desarrollo y conductas de riesgo en la infancia y en la juventud",8,declaradas,Desarrollo psicológico | trastornos en el desarrollo | desarrollo y adquisición del lenguaje | conductas de riesgo | problemas de conducta | consumo de drogas | infracciones de tráfico | valoración del riesgo | prevención | tratamiento | niños/as | jóvenes,,"Manejo del sistema computerizado CHILDES para transcripción del lenguaje infantil | Evaluación del desarrollo lingüístico y comunicativo mediante las escalas MacArthur-Bates y otros instrumentos | Sistema online de evaluación del desarrollo inicial comunicativo y lingüístico mediante el Inventario del Desarrollo de Habilidades Comunicativas (Escalas MacArthur-Bates) | Valoración del Riesgo de Adolescentes Infractores (VRAI): Protocolo de evaluación del riesgo para menores en el campo de la justicia juvenil | Elaboración, implementación y evaluación de programas de prevención e intervención en dificultades del desarrollo psicológico | Formación de profesionales en el ámbito socioeducativo para la prevención de las conducta de riesgo en niños/as y adolescentes. Formación para la aplicación de los programas desarrollados por nuestro equipo (Construyendo Salud, EmPeCemos) | Asesoramiento a centros educativos e instituciones que trabajan con niños y jóvenes con problemas de conducta",,,https://imaisd.usc.es/grupoficha.asp?idpersoatipogrupo=75290&i=es&s=-126-328-329&v=,,grupo,{},USC_groups.csv
USC,Universidade de Santiago de Compostela,Galicia,extraido,GI-1866,Valoración Financiera Aplicada,VALFINAP,"LOPEZ PENABAD, MARIA CELIA",Departamento de Economía Financeira e Contabilidade Web: https://www.usc.gal/es/investigacion/grupos/valfinap/,,"Valoración financiera, mercados de capitales y gestión de carteras: valoración de activos, fondos de inversión, ETFs, derivados financieros, análisis de performance, predicción del comportamiento de los comprados y diseño de estrategias de inversión | Riesgo financiero, solvencia y estabilidad de entidades financieras y aseguradoras: análisis y gestión del riesgo de mercado, crédito y operacional solvencia bancaria y aseguradora eficiencia, estabilidad financiera, regulación y modelos internos | Fintech, innovación financiera e inclusión financiera digital: estudio de las nuevas tecnologías financieras, crowdfunding, microfinanzas, digitalización financiera, inclusión financiera, vulnerabilidad financiera y nuevas alternativas de financiación | Finanzas sostenibles, ESG, riesgo climático e impacto socioambiental: inversión sostenible, integración de criterios ESG, riesgo climático, transición energética, contabilidad de impacto, reporting de sostenibilidad y medición del impacto social y ambiental | Emprendimiento, capital riesgo, spin-offs y transferencia de conocimiento: análisis de la creación, financiación, crecimiento y supervivencia de nuevas empresas y spin-offs universitarias, así como de los mecanismos de transferencia entre universidad, empresa y sociedad | Economía social, cooperativismo, empresa familiar y desarrollo territorial: estudio de las entidades de economía social, cooperativas, empresa familiar, emprendimiento territorial, desarrollo local e impacto económico-financiero de las iniciativas sociales y empresariales | Análisis económico-financiero aplicada a organizaciones, sectores y políticas públicas: estudios de viabilidad, análisis económico-financiero de proyectos públicos y privados, mercado inmobiliario, educación financiera, salud financiera de hogares y empresas, bienestar y evaluación de políticas públicas",7,declaradas,"Valoración de proyectos | empresas y activos | capital de riesgo | financiación empresarial | creación de empresas | sector financiero, asegurador e inmobiliario",,"Valoración económico-financeira de empresas, proxectos, activos e instrumentos financeiros | Elaboración de estudios de viabilidad, planes económico-financieros, análisis costo-beneficio y evaluación de escenarios | Análisis, medición y gestión de riesgos financieros, climáticos, ESG y de solvencia | Diseño y evaluación de estrategias de inversión, carteras financieras, hondos, ETFs y productos financieros sostenibles | Elaboración de informes de impacto, sostenibilidad, contabilidad social y contribución a los Objetivos de Desarrollo Sostenible | Asesoramiento en fintech, inclusión financiera, crowdfunding, microfinanzas, digitalización financiera y vulnerabilidad financiera | Apoyo a proyectos de emprendimiento, spin-offs universitarias, economía social, cooperativismo y empresa familiar | Desarrollo de metodologías, indicadores, bases de datos, modelos de simulación y herramientas de apoyo a la toma de decisiones financieras | Formación especializada, jornadas, talleres y actividades de divulgación en finanzas, inversión, riesgo, sostenibilidad, educación financiera, emprendimiento y economía social",,,https://imaisd.usc.es/grupoficha.asp?idpersoatipogrupo=108683&i=es&s=-126-328-329&v=,,grupo,{},USC_groups.csv
USC,Universidade de Santiago de Compostela,Galicia,extraido,GI-1383,"Variación, cambio lingüístico y gramaticalización",VLCG,"LOPEZ COUSO, MARIA JOSE",Departamento de Filoloxía Inglesa e Alemá Web: http://www.usc-vlcg.es/,,Adquisición y enseñanza de lenguas | Variación y cambio lingüístico | Análisis del discurso | Sintaxis sincrónica y diacrónica de la lengua inglesa | Semántica y pragmática | Gramaticalización | Lingüística de corpus,7,declaradas,Variación | cambio | sintaxis | semántica | sincronía | diacronía | gramaticalización | discurso | pragmática,,Variación y cambio lingüístico. Sintaxe sincrónica e diacrónica da lingua inglesa. Gramaticalización. Análisis del discurso. Semántica y pragmática | Adquisición y enseñanza de lenguas | Lingüística de corpus,,,https://imaisd.usc.es/grupoficha.asp?idpersoatipogrupo=193167&i=es&s=-126-328-329&v=,,grupo,{},USC_groups.csv
USC,Universidade de Santiago de Compostela,Galicia,extraido,GI-1637,Visión Artificial,,"LOPEZ MARTINEZ, PAULA",Centro de Investigación en Tecnoloxías Intelixentes (CITIUS) Web: https://citius.usc.es/,,"Análisis, representación e interpretación de imágenes | Sistemas distribuidos de interpretación de imágenes médicas | Reconstrucción de superfies y volúmenes | Aplicaciones industriales de la visión | Diseño de arquitrecturas para tratamiento de imágenes en tiempo real | Diseño e implementación de procesadores visuales | Circuitos de señal mixta para tratamiento de información",7,declaradas,Análisis y representación de imágenes | interpretación de imágenes | visión tridimensional | visión industrial | imagen médica | imágenes de infrarrojo | organización perceptual | reconocimiento de objetos | computación neuronal | circuitos para tratamiento de información | procesado de imágenes en tiempo real | circuitos electrónicos de señal mixta,,Infraestructura hardware y sotfware para el diseño de apliaciones de tratamiento de información visual,,,https://imaisd.usc.es/grupoficha.asp?idpersoatipogrupo=75526&i=es&s=-126-328-329&v=,,grupo,{},USC_groups.csv
USC,Universidade de Santiago de Compostela,Galicia,extraido,GI-1988,Viticultura y sanidad vegetal,Vitis Research,"CABALEIRO SOBRINO, CRISTINA",Departamento de Producción Vexetal e Proxectos de Enxeñaría,,"Viticultura: sistemas de cultivo y mantenimiento de suelo, cubiertas vegetal y cultivos de cobertera, manejo del estrés biótico y abiótico, ecofisiología, portainjertos, material vegetal vitícola, evaluación de la calidade de las uvas | Virus vegetales: diagnóstico, epidemiología y control | Vectores de virus de plantas | Nematodos fitopatógenos en patata: evaluación de poblaciones, epidemiología y control cultural/físico, evaluación de variedades resistentes | Virus de la patata Virus de la vid Virus de las alubias | Protección Integrada de cultivos: vid, patata y otros",6,declaradas,vid | viticultura | virus vegetales | biotecnología | epidemiología | nematodos fitopatógenos | patata | Producción Integrada,,"Asesoría en plantación y gestión agrícola de viñedos y plantaciones de arbustos frutales | Diagnóstico de enfermedades de etiología viral de vid, patata, arbustos frutales. Métodos serológicos (ELISA, IP) | Análisis de mostos y vinos | Viñedo experimental para diverso tipo de ensayos temporales | Evaluación del nivel de infestación por nematodos formadores de quistes | Asesoría en protección de cultivos (IPM y PI)",,,https://imaisd.usc.es/grupoficha.asp?idpersoatipogrupo=143558&i=es&s=-126-328-329&v=,,grupo,"{""telefono"": ""981-563100 ext.23101""}",USC_groups.csv
USC,Universidade de Santiago de Compostela,Galicia,extraido,GI-1926,justicia e igualdad,polis,"FERNANDEZ HERRERO, BEATRIZ",Departamento de Filosofía e Antropoloxía Web: http://193.144.85.211/servlet/personales.servletsSistema.Principal?id=lfetagra,,"Filosofía Política. Teoría crítica feminista. Teorías de la justicia. Ciudadanía, igualdad y diversidad cultural | Historia de la Filosofía Moral y Política Filosofía Moral y Política en Galicia",2,declaradas,Justicia social y política | Justicia global | Igualdad | Género | Feminismo | Ciudadanía | Cultura | Capacidades | Redistribución | Reconocimiento | Tolerancia | Derechos Humanos,,"Asesoramiento y elaboración de criterios y propuestas para políticas institucionales. Formación de profesionales en el terreno de la educación social, agentes de igualdad, trabajadores sociales, juristas,...y formación de profesorado de los diferentes niveles de enseñanza. Disponibilidad de recursos bibliográficos y documentales, de estudios y de relaciones con otros grupos de investigación nacionales y extranjeros",,,https://imaisd.usc.es/grupoficha.asp?idpersoatipogrupo=137363&i=es&s=-126-328-329&v=,,grupo,{},USC_groups.csv
UPCT,Universidad Politécnica de Cartagena,Región de Murcia,extraido,EQ-administracion-de-empresas,Administración de Empresas,,,Administración y Dirección de Empresas (solo para ingenieros) [Programa Interuniversitario] (3490),,"Gestión de la calidad | Resultados de implantación de las normas ISO 9000 y del modelo EFQM | Gestión de recursos humanos | Dirección internacional de recursos humanos | Conciliación de la vida laboral, personal y familiar | Gestión del conocimiento | Aprendizaje organizativo | Gestión de tecnologías de la información y comunicación (TICs) | Aplicación de TICs en la formación en Administración de Empresas | Reputación empresarial",10,declaradas,,Equipo del programa de doctorado Administración y Dirección de Empresas (solo para ingenieros) [Programa Interuniversitario] (3490). 4 doctores de la UPCT.,,,,https://estudios.upct.es/doctorado/3490/equipos-y-lineas-de-investigacion,,estructura,{},UPCT_groups.csv
UPCT,Universidad Politécnica de Cartagena,Región de Murcia,extraido,EQ-administracion-de-empresas-y-direccion-de-operaciones,Administración de Empresas y Dirección de Operaciones,,,"Ciencias Económicas, Empresariales y Jurídicas [Programa Interuniversitario] (3420)",,,0,nombre,,"Equipo del programa de doctorado Ciencias Económicas, Empresariales y Jurídicas [Programa Interuniversitario] (3420). 10 doctores de la UPCT.",,,,,https://estudios.upct.es/doctorado/3420/equipos-y-lineas-de-investigacion,estructura,{},UPCT_groups.csv
UPCT,Universidad Politécnica de Cartagena,Región de Murcia,extraido,EQ-almacenamiento-y-produccion-de-energia,Almacenamiento y Producción de Energía,,,"Electroquímica, Ciencia y Tecnología [Programa Interuniversitario] (3440)",,,0,nombre,,"Equipo del programa de doctorado Electroquímica, Ciencia y Tecnología [Programa Interuniversitario] (3440). Con doctores de: Universitat Autònoma de Barcelona, Universitat de Barcelona, Universitat de Lleida, Universidad de Valencia, Universidad Autónoma de Madrid, Universidad de Burgos, Universidad de Murcia, Universidad de Alicante, Universidad de Córdoba, Universidad de Sevilla. 3 doctores de la UPCT.",,,,https://estudios.upct.es/doctorado/3440/equipos-y-lineas-de-investigacion,,estructura,{},UPCT_groups.csv
UPCT,Universidad Politécnica de Cartagena,Región de Murcia,extraido,EQ-arquitectura-edificacion-y-ciudad-mediterranea-cartagena,"Arquitectura, Edificación y Ciudad mediterránea (Cartagena)",,,"Arquitectura, Edificación, Patrimonio y Ciudad [Programa Interuniversitario] (3510)",,"Tecnología en edificación e instalaciones aplicadas | Materiales avanzados de construcción | Proyectos arquitectónicos. Investigación, diseño y composición | Historia de la Construcción | Representación del Espacio. Historia y técnicas de representación | Investigación y análisis gráficos de la arquitectura y la ciudad | Patrimonio arquitectónico. Documentación, criterios, materiales y técnicas | Acústica arquitectónica | Sostenibilidad y regeneración de sistemas urbanos | La ciudad y el territorio en su contexto",10,declaradas,,"Equipo del programa de doctorado Arquitectura, Edificación, Patrimonio y Ciudad [Programa Interuniversitario] (3510). 11 doctores de la UPCT.",,,,https://estudios.upct.es/doctorado/3510/equipos-y-lineas-de-investigacion,,estructura,{},UPCT_groups.csv
UPCT,Universidad Politécnica de Cartagena,Región de Murcia,extraido,EQ-aspectos-medioambientales-psicologicos-y-linguisticos-de-,"Aspectos medioambientales, psicológicos y lingüísticos de las actividades de Defensa",,,Tecnologías de Doble Uso y sus Sistemas de Gestión en Seguridad y Defensa (3520),,Tecnologías de remediación del medio ambiente en el contexto de las operaciones de seguridad y defensa | Recursos psicológicos personales y salud laboral en el contexto militar | Uso del inglés para fines específicos en el contexto militar: problemas y casuística | Sostenibilidad y sistemas de gestión medioambiental,4,declaradas,,Equipo del programa de doctorado Tecnologías de Doble Uso y sus Sistemas de Gestión en Seguridad y Defensa (3520). 11 doctores de la UPCT.,,,,,https://estudios.upct.es/doctorado/3520/equipos-y-lineas-de-investigacion,estructura,{},UPCT_groups.csv
UPCT,Universidad Politécnica de Cartagena,Región de Murcia,extraido,EQ-contabilidad-y-finanzas,Contabilidad y Finanzas,,,"Ciencias Económicas, Empresariales y Jurídicas [Programa Interuniversitario] (3420)",,,0,nombre,,"Equipo del programa de doctorado Ciencias Económicas, Empresariales y Jurídicas [Programa Interuniversitario] (3420). 9 doctores de la UPCT.",,,,,https://estudios.upct.es/doctorado/3420/equipos-y-lineas-de-investigacion,estructura,{},UPCT_groups.csv
UPCT,Universidad Politécnica de Cartagena,Región de Murcia,extraido,EQ-derecho-publico-y-de-la-empresa,Derecho público y de la empresa,,,"Ciencias Económicas, Empresariales y Jurídicas [Programa Interuniversitario] (3420)",,,0,nombre,,"Equipo del programa de doctorado Ciencias Económicas, Empresariales y Jurídicas [Programa Interuniversitario] (3420). 4 doctores de la UPCT.",,,,,https://estudios.upct.es/doctorado/3420/equipos-y-lineas-de-investigacion,estructura,{},UPCT_groups.csv
UPCT,Universidad Politécnica de Cartagena,Región de Murcia,extraido,EQ-economia-agraria-empresa-y-marketing,"Economía Agraria, Empresa y Marketing",,,"Ciencias Económicas, Empresariales y Jurídicas [Programa Interuniversitario] (3420)",,,0,nombre,,"Equipo del programa de doctorado Ciencias Económicas, Empresariales y Jurídicas [Programa Interuniversitario] (3420). 11 doctores de la UPCT.",,,,,https://estudios.upct.es/doctorado/3420/equipos-y-lineas-de-investigacion,estructura,{},UPCT_groups.csv
UPCT,Universidad Politécnica de Cartagena,Región de Murcia,extraido,EQ-eficiencia-energetica,Eficiencia Energética,,,Energías Renovables y Eficiencia Energética (3450),,Eficiencia Energética | Uso eficiente de la energía | Análisis de Ciclo de Vida en Energías Renovables | Sistemas de ayuda a la decisión en proyectos de energías renovables,4,declaradas,,Equipo del programa de doctorado Energías Renovables y Eficiencia Energética (3450). 5 doctores de la UPCT.,,,,,https://estudios.upct.es/doctorado/3450/equipos-y-lineas-de-investigacion,estructura,{},UPCT_groups.csv
UPCT,Universidad Politécnica de Cartagena,Región de Murcia,extraido,EQ-energia-solar-termica,Energía solar térmica,,,Energías Renovables y Eficiencia Energética (3450),,Energía solar térmica | Eficiencia energética en sistemas térmicos,2,declaradas,,Equipo del programa de doctorado Energías Renovables y Eficiencia Energética (3450). 2 doctores de la UPCT.,,,,,https://estudios.upct.es/doctorado/3450/equipos-y-lineas-de-investigacion,estructura,{},UPCT_groups.csv
UPCT,Universidad Politécnica de Cartagena,Región de Murcia,extraido,EQ-equipo-de-automatica-neurotecnologia-robotica-y-telematic,"Equipo de Automática, Neurotecnología, Robótica y Telemática Industrial",,,Tecnologías Industriales (3480),,"Técnicas avanzadas de Visión e Integración Sensorial, incluyendo técnicas neuromórficas | Neurotecnología para robótica Inteligente: Aplicación a robótica móvil y de manipulación incluyendo arquitecturas exoesqueléticas | Diseño, evaluación y desarrollo de sistemas telemáticos con Calidad de Servicio | Planificación y despliegue de sistemas de inteligencia ambiental incluyendo domótica | Control avanzado e inteligente, incluyendo monitorización y supervisión de sistemas de control mediante reconocimiento de patrones | Técnicas avanzadas de interface hombre-máquina y sus aplicaciones a la industria y la medicina. (BCI, BMI, EMG) | Ingeniería Biomédica | Innovación docente y emprendimento en el campo de las Tecnologías Industriales | Análisis e integración de recursos energéticos distribuidos",9,declaradas,,Equipo del programa de doctorado Tecnologías Industriales (3480). 8 doctores de la UPCT.,,,,,https://estudios.upct.es/doctorado/3480/equipos-y-lineas-de-investigacion,estructura,{},UPCT_groups.csv
UPCT,Universidad Politécnica de Cartagena,Región de Murcia,extraido,EQ-equipo-de-biotecnologia-agroalimentaria,Equipo de Biotecnología Agroalimentaria,,,Técnicas Avanzadas en la Investigación y Desarrollo Agrario y Alimentario (3470),,Genética del desarrollo vegetal | Mejora genética: desarrollo de nuevas variedades de frutales y vid | Producción Animal | Análisis fenómico | Metabolómica,5,declaradas,,Equipo del programa de doctorado Técnicas Avanzadas en la Investigación y Desarrollo Agrario y Alimentario (3470). 8 doctores de la UPCT.,,,,,https://estudios.upct.es/doctorado/3470/equipos-y-lineas-de-investigacion,estructura,{},UPCT_groups.csv
UPCT,Universidad Politécnica de Cartagena,Región de Murcia,extraido,EQ-equipo-de-caracterizacion-y-simulacion-de-procesos-de-hid,Equipo de Caracterización y simulación de procesos de hidrología subterránea y geotermia y mecánica del suelo,,,"Tecnología y Modelización en Ingeniería Civil, Minera y Ambiental (3460)",,"Caracterización y simulación numérica de escenarios y procesos flujo y transporte: salinidad en hidrología subterránea y calor en medios porosos (geotermia) | Caracterización y cuantificación de procesos de recarga, descarga, flujo y transporte en hidrología subterránea mediante técnicas químicas, isotópicas, hidrodinámicas y modelación | Gestión de acuíferos costeros: modelación de procesos de flujo y transporte reactivo vinculados a la intrusión salina | Caracterización y simulación numérica en mecánica de suelos. Aplicaciones a Ingeniería del terreno | Hidrología de humedales vinculados a aguas subterráneas: caracterización, modelación, clasificación y evaluación de servicios medioambientales | Valoración de los servicios al bienestar humano del ecosistema aguas subterráneas y de otros ecosistemas vinculados",6,declaradas,,"Equipo del programa de doctorado Tecnología y Modelización en Ingeniería Civil, Minera y Ambiental (3460). 8 doctores de la UPCT.",,,,,https://estudios.upct.es/doctorado/3460/equipos-y-lineas-de-investigacion,estructura,{},UPCT_groups.csv
UPCT,Universidad Politécnica de Cartagena,Región de Murcia,extraido,EQ-equipo-de-caracterizacion-gestion-y-rehabilitacion-de-emp,"Equipo de Caracterización, gestión y rehabilitación de emplazamientos degradados por actividades antrópicas",,,"Tecnología y Modelización en Ingeniería Civil, Minera y Ambiental (3460)",,Caracterización geofísica y geoquímica de emplazamientos degradados | Evaluación de riesgos y minimización de impacto en escenarios afectados por actividades antrópicas | Rehabilitación de terrenos afectados por infraestructuras civiles y derivados de la actividad industrial y minera | Residuos orgánicos: su valorización como enmiendas orgánicas para recuperación de suelos degradados | Estrategias para recuperación de suelos degradados mediante adición de enmiendas | Biorremediación de suelos. Implicación de materiales orgánicos en descontaminación | Mecánica de suelos: Minimización de riesgos en proyectos de rehabilitación ambiental,7,declaradas,,"Equipo del programa de doctorado Tecnología y Modelización en Ingeniería Civil, Minera y Ambiental (3460). 16 doctores de la UPCT.",,,,,https://estudios.upct.es/doctorado/3460/equipos-y-lineas-de-investigacion,estructura,{},UPCT_groups.csv
UPCT,Universidad Politécnica de Cartagena,Región de Murcia,extraido,EQ-equipo-de-ciclos-economicos-crecimiento-y-politicas-publi,"Equipo de Ciclos Económicos, Crecimiento y Políticas Públicas",,,Economía (Programa DEcIDE) [Programa Interuniversitario] (3430),,,0,nombre,,Equipo del programa de doctorado Economía (Programa DEcIDE) [Programa Interuniversitario] (3430). Con doctores de: Universidad de Murcia. 1 doctores de la UPCT.,,,,,https://estudios.upct.es/doctorado/3430/equipos-y-lineas-de-investigacion,estructura,{},UPCT_groups.csv
UPCT,Universidad Politécnica de Cartagena,Región de Murcia,extraido,EQ-equipo-de-diseno-y-fabricacion-avanzada-en-ingenieria-mec,Equipo de Diseño y fabricación avanzada en ingeniería mecánica,,,Tecnologías Industriales (3480),,Mecanizado de precisión | Métodos Numéricos en proceso de fabricación | Diseño de transmisiones avanzadas de engranajes con fiabilidad mejorada y bajos niveles de ruido y vibración | Desarrollo de técnicas de análisis y diseño de engranajes por ordenador,4,declaradas,,Equipo del programa de doctorado Tecnologías Industriales (3480). 8 doctores de la UPCT.,,,,,https://estudios.upct.es/doctorado/3480/equipos-y-lineas-de-investigacion,estructura,{},UPCT_groups.csv
UPCT,Universidad Politécnica de Cartagena,Región de Murcia,extraido,EQ-equipo-de-economia-agroalimentaria,Equipo de Economía Agroalimentaria,,,Técnicas Avanzadas en la Investigación y Desarrollo Agrario y Alimentario (3470),,"Economía Agraria, de los recursos naturales y del agua | Adopción y difusión de tecnologías de riego",2,declaradas,,Equipo del programa de doctorado Técnicas Avanzadas en la Investigación y Desarrollo Agrario y Alimentario (3470). 3 doctores de la UPCT.,,,,,https://estudios.upct.es/doctorado/3470/equipos-y-lineas-de-investigacion,estructura,{},UPCT_groups.csv
UPCT,Universidad Politécnica de Cartagena,Región de Murcia,extraido,EQ-equipo-de-economia-internacional-y-de-las-finanzas,Equipo de Economía Internacional y de las Finanzas,,,Economía (Programa DEcIDE) [Programa Interuniversitario] (3430),,,0,nombre,,"Equipo del programa de doctorado Economía (Programa DEcIDE) [Programa Interuniversitario] (3430). Con doctores de: Universidad de Alicante, Universidad de Murcia.",,,,,https://estudios.upct.es/doctorado/3430/equipos-y-lineas-de-investigacion,estructura,{},UPCT_groups.csv
UPCT,Universidad Politécnica de Cartagena,Región de Murcia,extraido,EQ-equipo-de-economia-matematica-y-eleccion-social,Equipo de Economía Matemática y Elección Social,,,Economía (Programa DEcIDE) [Programa Interuniversitario] (3430),,,0,nombre,,Equipo del programa de doctorado Economía (Programa DEcIDE) [Programa Interuniversitario] (3430). Con doctores de: Universidad de Alicante.,,,,,https://estudios.upct.es/doctorado/3430/equipos-y-lineas-de-investigacion,estructura,{},UPCT_groups.csv
UPCT,Universidad Politécnica de Cartagena,Región de Murcia,extraido,EQ-equipo-de-economia-de-la-salud-y-del-comportamiento,Equipo de Economía de la Salud y del Comportamiento,,,Economía (Programa DEcIDE) [Programa Interuniversitario] (3430),,,0,nombre,,Equipo del programa de doctorado Economía (Programa DEcIDE) [Programa Interuniversitario] (3430). 4 doctores de la UPCT.,,,,,https://estudios.upct.es/doctorado/3430/equipos-y-lineas-de-investigacion,estructura,{},UPCT_groups.csv
UPCT,Universidad Politécnica de Cartagena,Región de Murcia,extraido,EQ-equipo-de-hortofloricultura-en-climas-templados,Equipo de Hortofloricultura en climas templados,,,Técnicas Avanzadas en la Investigación y Desarrollo Agrario y Alimentario (3470),,Técnicas de producción en horticultura | Inducción de resistencia a patógenos en plantas | Fisiología del estrés | Metabolismo secundario | Horticultura urbana | Optimización viverística de cultivos | Prospección y conservación de recursos fitogenéticos,7,declaradas,,Equipo del programa de doctorado Técnicas Avanzadas en la Investigación y Desarrollo Agrario y Alimentario (3470). 10 doctores de la UPCT.,,,,,https://estudios.upct.es/doctorado/3470/equipos-y-lineas-de-investigacion,estructura,{},UPCT_groups.csv
UPCT,Universidad Politécnica de Cartagena,Región de Murcia,extraido,EQ-equipo-de-ingenieria-agroforestal,Equipo de Ingeniería Agroforestal,,,Técnicas Avanzadas en la Investigación y Desarrollo Agrario y Alimentario (3470),,Mitigación de evaporación en embalses | Riego con agua marina desalinizada | Automatización y control de recursos hídricos y energéticos | Interrelación entre agua/energía/GEI en la agricultura | Mecanización agrícola | Impactos del cambio climático en gestión de recursos hídricos | Teledetección en agricultura y agua | Calidad agua y análisis de su ciclo de vida,8,declaradas,,Equipo del programa de doctorado Técnicas Avanzadas en la Investigación y Desarrollo Agrario y Alimentario (3470). 6 doctores de la UPCT.,,,,,https://estudios.upct.es/doctorado/3470/equipos-y-lineas-de-investigacion,estructura,{},UPCT_groups.csv
UPCT,Universidad Politécnica de Cartagena,Región de Murcia,extraido,EQ-equipo-de-ingenieria-ambiental-y-sanitaria,Equipo de Ingeniería Ambiental y Sanitaria,,,Tecnologías Industriales (3480),,Ingeniería Ambiental | Aerobiología y Toxicología Ambiental | Química del Medio Ambiente | Tecnología de Procesos Químicos Sostenibles | Ingeniería Química y Agroalimentaria,5,declaradas,,Equipo del programa de doctorado Tecnologías Industriales (3480). 14 doctores de la UPCT.,,,,,https://estudios.upct.es/doctorado/3480/equipos-y-lineas-de-investigacion,estructura,{},UPCT_groups.csv
UPCT,Universidad Politécnica de Cartagena,Región de Murcia,extraido,EQ-equipo-de-ingenieria-telematica,Equipo de Ingeniería Telemática,,,Tecnologías de la Información y las Comunicaciones (3410),,"Investigación en Redes y Nuevos Servicios Telemáticos | Ciberseguridad | Innovación Tecnológica, Emprendimiento y Gestión en el Campo de las TIC",3,declaradas,,Equipo del programa de doctorado Tecnologías de la Información y las Comunicaciones (3410). 22 doctores de la UPCT.,,,,https://estudios.upct.es/doctorado/3410/equipos-y-lineas-de-investigacion,,estructura,{},UPCT_groups.csv
UPCT,Universidad Politécnica de Cartagena,Región de Murcia,extraido,EQ-equipo-de-ingenieria-de-procesos-agroalimentarios-y-de-la,Equipo de Ingeniería de procesos agroalimentarios y de la seguridad alimentaria,,,Técnicas Avanzadas en la Investigación y Desarrollo Agrario y Alimentario (3470),,"Ingeniería de procesos agroalimentarios | Desarrollos de envases antimicrobianos. Nanotecnología | Envasado aséptico | Diseño higiénico | Evaluación de riesgos biológicos y microbiología predictiva | Conservación, seguridad y bioactividad de alimentos",6,declaradas,,Equipo del programa de doctorado Técnicas Avanzadas en la Investigación y Desarrollo Agrario y Alimentario (3470). 8 doctores de la UPCT.,,,,,https://estudios.upct.es/doctorado/3470/equipos-y-lineas-de-investigacion,estructura,{},UPCT_groups.csv
UPCT,Universidad Politécnica de Cartagena,Región de Murcia,extraido,EQ-equipo-de-ingenieria-hidraulica-y-ambiental,Equipo de Ingeniería hidráulica y ambiental,,,"Tecnología y Modelización en Ingeniería Civil, Minera y Ambiental (3460)",,"Obras y aprovechamientos hidráulicos. Optimización del diseño y funcionamiento de infraestructura hidráulica. Incidencias del cambio climático en las infraestructuras de regulación y evacuación de av | Ingeniería sanitaria: redes de saneamiento, técnicas de drenaje sostenible, protección de los acuíferos, modelización computacional (alcantarillado, depuración de agua, etc.), inst. y control en RS | Protección ante las inundaciones (infraestructuras de protección, laminación, adaptación, etc.) | Modelización hidráulica en ecosistemas acuáticos: protección de los medios, interacción con fauna (escalas de peces, etc.) | Gestión integrada de redes de agua: control de los sistemas, eficiencia energética, gestión energética e integración de renovables, gestión de activos, calidad de aguas, etc | Energías renovables: Energía hidroeléctrica, eólica y mareomotriz. Integración de renovables mediante centrales reversibles",6,declaradas,,"Equipo del programa de doctorado Tecnología y Modelización en Ingeniería Civil, Minera y Ambiental (3460). 7 doctores de la UPCT.",,,,,https://estudios.upct.es/doctorado/3460/equipos-y-lineas-de-investigacion,estructura,{},UPCT_groups.csv
UPCT,Universidad Politécnica de Cartagena,Región de Murcia,extraido,EQ-equipo-de-matematicas-y-estadistica-aplicadas-a-la-cienci,Equipo de Matemáticas y Estadística Aplicadas a la Ciencia e Ingeniería,,,Tecnologías Industriales (3480),,"Matemática Aplicada a la industria | Análisis, simulación y control de ecuaciones diferenciales | Sistemas Dinámicos | Análisis Numérico | Estadística Aplicada",5,declaradas,,Equipo del programa de doctorado Tecnologías Industriales (3480). 9 doctores de la UPCT.,,,,,https://estudios.upct.es/doctorado/3480/equipos-y-lineas-de-investigacion,estructura,{},UPCT_groups.csv
UPCT,Universidad Politécnica de Cartagena,Región de Murcia,extraido,EQ-equipo-de-materiales,Equipo de Materiales,,,Tecnologías Industriales (3480),,"Ciencia y Tecnología de Materiales: Tribología, Nuevos Materiales, Nanofases y Líquidos Iónicos en Lubricación e Ingeniería de Superficies",1,declaradas,,Equipo del programa de doctorado Tecnologías Industriales (3480). 6 doctores de la UPCT.,,,,,https://estudios.upct.es/doctorado/3480/equipos-y-lineas-de-investigacion,estructura,{},UPCT_groups.csv
UPCT,Universidad Politécnica de Cartagena,Región de Murcia,extraido,EQ-equipo-de-modelizacion-numerica-y-experimental,Equipo de Modelización numérica y experimental,,,"Tecnología y Modelización en Ingeniería Civil, Minera y Ambiental (3460)",,"Análisis Numérico | Modelización Matemática. Optimización de procesos con la aplicación del diseño de experimentos | Análisis Geométrico | Diseño Avanzado de Estructuras. Modelización numérica y experimental de uniones soldadas | Modelización de redes de tráfico, problemas de observabilidad en redes de tráfico y movilidad urbana sostenible",5,declaradas,,"Equipo del programa de doctorado Tecnología y Modelización en Ingeniería Civil, Minera y Ambiental (3460). 10 doctores de la UPCT.",,,,,https://estudios.upct.es/doctorado/3460/equipos-y-lineas-de-investigacion,estructura,{},UPCT_groups.csv
UPCT,Universidad Politécnica de Cartagena,Región de Murcia,extraido,EQ-equipo-de-metodos-numericos-aplicados-a-problemas-de-cien,Equipo de Métodos Numéricos Aplicados a Problemas de Ciencia e Ingeniería,,,Tecnologías Industriales (3480),,Métodos numéricos en Ingeniería Estructural | Optimización estructural | Modelado y simulación de procesos en ingeniería mediante el método de redes | Simulación numérica de procesos físicos,4,declaradas,,Equipo del programa de doctorado Tecnologías Industriales (3480). 13 doctores de la UPCT.,,,,,https://estudios.upct.es/doctorado/3480/equipos-y-lineas-de-investigacion,estructura,{},UPCT_groups.csv
UPCT,Universidad Politécnica de Cartagena,Región de Murcia,extraido,EQ-equipo-de-optimizacion-del-manejo-tecnicas-y-sistemas-de-,"Equipo de Optimización del manejo, técnicas y sistemas de riego",,,Técnicas Avanzadas en la Investigación y Desarrollo Agrario y Alimentario (3470),,Manejo del riego mediante sensores en suelo y planta | Agricultura de precisión | Sensores climáticos de suelo y planta | Manejo del fertirriego con aguas de diferente calidad | Riegos deficitarios | Biosensores de estado hídrico en frutales | Fertilización sostenible,7,declaradas,,Equipo del programa de doctorado Técnicas Avanzadas en la Investigación y Desarrollo Agrario y Alimentario (3470). 7 doctores de la UPCT.,,,,,https://estudios.upct.es/doctorado/3470/equipos-y-lineas-de-investigacion,estructura,{},UPCT_groups.csv
UPCT,Universidad Politécnica de Cartagena,Región de Murcia,extraido,EQ-equipo-de-organizacion-industrial-comercio-internacional-,"Equipo de Organización Industrial, Comercio Internacional y Economía de los Servicios",,,Economía (Programa DEcIDE) [Programa Interuniversitario] (3430),,,0,nombre,,"Equipo del programa de doctorado Economía (Programa DEcIDE) [Programa Interuniversitario] (3430). Con doctores de: Universidad de Murcia, UNED. 4 doctores de la UPCT.",,,,,https://estudios.upct.es/doctorado/3430/equipos-y-lineas-de-investigacion,estructura,{},UPCT_groups.csv
UPCT,Universidad Politécnica de Cartagena,Región de Murcia,extraido,EQ-equipo-de-postrecoleccion-y-calidad-de-productos-hortofru,Equipo de Postrecolección y calidad de productos hortofrutícolas,,,Técnicas Avanzadas en la Investigación y Desarrollo Agrario y Alimentario (3470),,Tecnologías postrecolección para preservar calidad y seguridad alimentaria | Procesado mínimo en fresco (IV y V Gama de la alimentación) | Innovaciones tecnológicas en el procesado de frutas y hortalizas | Revalorización de subproductos agroalimentarios | Estreses abióticos postcosecha para estimular el metabolismo secundario | Compuestos bioactivos y calidad funcional | Recubrimientos de frutas y hortalizas | Biodisponibilidad de nutrientes,8,declaradas,,Equipo del programa de doctorado Técnicas Avanzadas en la Investigación y Desarrollo Agrario y Alimentario (3470). 7 doctores de la UPCT.,,,,,https://estudios.upct.es/doctorado/3470/equipos-y-lineas-de-investigacion,estructura,{},UPCT_groups.csv
UPCT,Universidad Politécnica de Cartagena,Región de Murcia,extraido,EQ-equipo-de-sanidad-vegetal,Equipo de Sanidad vegetal,,,Técnicas Avanzadas en la Investigación y Desarrollo Agrario y Alimentario (3470),,Riego con agua marina desalinizada | Resistencia a insecticidas | Mejora genética de agentes de control biológico | Patología Vegetal,4,declaradas,,Equipo del programa de doctorado Técnicas Avanzadas en la Investigación y Desarrollo Agrario y Alimentario (3470). 4 doctores de la UPCT.,,,,,https://estudios.upct.es/doctorado/3470/equipos-y-lineas-de-investigacion,estructura,{},UPCT_groups.csv
UPCT,Universidad Politécnica de Cartagena,Región de Murcia,extraido,EQ-equipo-de-series-temporales-econometria-espacial-e-infere,"Equipo de Series Temporales, Econometría Espacial e Inferencia Estadística",,,Economía (Programa DEcIDE) [Programa Interuniversitario] (3430),,,0,nombre,,"Equipo del programa de doctorado Economía (Programa DEcIDE) [Programa Interuniversitario] (3430). Con doctores de: Universidad de Murcia, UNED.",,,,,https://estudios.upct.es/doctorado/3430/equipos-y-lineas-de-investigacion,estructura,{},UPCT_groups.csv
UPCT,Universidad Politécnica de Cartagena,Región de Murcia,extraido,EQ-equipo-de-sistemas-de-automatizacion-lenguajes-y-sistemas,"Equipo de Sistemas de Automatización, Lenguajes y Sistemas Informáticos",,,Tecnologías de la Información y las Comunicaciones (3410),,"Robótica, Aprendizaje Máquina e Inteligencia Artificial | Ingeniería del Software | Smart Cities, Internet de las Cosas e Inteligencia Ambiental | Innovación Tecnológica, Emprendimiento y Gestión en el campo de las TIC",4,declaradas,,Equipo del programa de doctorado Tecnologías de la Información y las Comunicaciones (3410). 21 doctores de la UPCT.,,,,https://estudios.upct.es/doctorado/3410/equipos-y-lineas-de-investigacion,,estructura,{},UPCT_groups.csv
UPCT,Universidad Politécnica de Cartagena,Región de Murcia,extraido,EQ-equipo-de-tecnologia-manejo-gestion-aprovechamiento-y-rec,"Equipo de Tecnología, manejo, gestión, aprovechamiento y recuperación de suelos, sustratos y aguas",,,Técnicas Avanzadas en la Investigación y Desarrollo Agrario y Alimentario (3470),,Calidad y degradación de suelos | Manejo sostenible de suelos | Biodiversidad edáfica | Biogeoquímica | Humedales | Eutrofización | Fitomanejo de suelos contaminados en ambientes semiáridos | Contaminación y remediación de suelos | Ecotoxicidad,9,declaradas,,Equipo del programa de doctorado Técnicas Avanzadas en la Investigación y Desarrollo Agrario y Alimentario (3470). 5 doctores de la UPCT.,,,,,https://estudios.upct.es/doctorado/3470/equipos-y-lineas-de-investigacion,estructura,{},UPCT_groups.csv
UPCT,Universidad Politécnica de Cartagena,Región de Murcia,extraido,EQ-equipo-de-teoria-de-juegos,Equipo de Teoría de Juegos,,,Economía (Programa DEcIDE) [Programa Interuniversitario] (3430),,,0,nombre,,"Equipo del programa de doctorado Economía (Programa DEcIDE) [Programa Interuniversitario] (3430). Con doctores de: Universidad de Murcia, Universidad Miguel Hernández, UNED.",,,,,https://estudios.upct.es/doctorado/3430/equipos-y-lineas-de-investigacion,estructura,{},UPCT_groups.csv
UPCT,Universidad Politécnica de Cartagena,Región de Murcia,extraido,EQ-equipo-de-teoria-de-la-senal-y-las-comunicaciones,Equipo de Teoría de la Señal y las Comunicaciones,,,Tecnologías de la Información y las Comunicaciones (3410),,Tecnologías de Radiofrecuencia y Microondas | Radiocomunicaciones | Telecomunicación a través de ondas acústicas | Tecnologías de Procesado de Señal y Datos | Tecnologías Aplicadas a la Salud,5,declaradas,,Equipo del programa de doctorado Tecnologías de la Información y las Comunicaciones (3410). 32 doctores de la UPCT.,,,,https://estudios.upct.es/doctorado/3410/equipos-y-lineas-de-investigacion,,estructura,{},UPCT_groups.csv
UPCT,Universidad Politécnica de Cartagena,Región de Murcia,extraido,EQ-equipo-de-transmision-y-evacuacion-de-calor-en-procesos-i,Equipo de Transmisión y evacuación de calor en procesos industriales y de climatización,,,Tecnologías Industriales (3480),,Técnicas de aumento de la transmisión de calor en intercambiadores | Transporte de calor y masa en sistemas de enfriamiento evaporativo | Problemas inversos en transmisión de calor | Modelado y control de sistemas fluidodinámicos | Modelado numérico de procesos de transmisión de calor,5,declaradas,,Equipo del programa de doctorado Tecnologías Industriales (3480). 8 doctores de la UPCT.,,,,,https://estudios.upct.es/doctorado/3480/equipos-y-lineas-de-investigacion,estructura,{},UPCT_groups.csv
UPCT,Universidad Politécnica de Cartagena,Región de Murcia,extraido,EQ-generacion-eolica-hidroelectrica-y-solar-fotovoltaica,"Generación Eólica, hidroeléctrica y solar fotovoltaica",,,Energías Renovables y Eficiencia Energética (3450),,"Generación Eólica, hidroeléctrica y solar fotovoltaica | Generación Distribuida | Integración de recursos renovables en sistemas eléctricos",3,declaradas,,Equipo del programa de doctorado Energías Renovables y Eficiencia Energética (3450). 7 doctores de la UPCT.,,,,,https://estudios.upct.es/doctorado/3450/equipos-y-lineas-de-investigacion,estructura,{},UPCT_groups.csv
UPCT,Universidad Politécnica de Cartagena,Región de Murcia,extraido,EQ-hidrogeno-y-pilas-de-combustible,Hidrógeno y pilas de combustible,,,Energías Renovables y Eficiencia Energética (3450),,Hidrógeno y pilas de combustible | Almacenamiento en energías renovables | Caracterización y Diseño de Baterías,3,declaradas,,Equipo del programa de doctorado Energías Renovables y Eficiencia Energética (3450). 3 doctores de la UPCT.,,,,,https://estudios.upct.es/doctorado/3450/equipos-y-lineas-de-investigacion,estructura,{},UPCT_groups.csv
UPCT,Universidad Politécnica de Cartagena,Región de Murcia,extraido,EQ-ingenieria-de-organizacion,Ingeniería de Organización,,,Administración y Dirección de Empresas (solo para ingenieros) [Programa Interuniversitario] (3490),,"Tecnología de organización | Ecosistemas sostenibles. Sistemas logísticos | Logística urbana. Movilidad, peatones y mercancías",3,declaradas,,Equipo del programa de doctorado Administración y Dirección de Empresas (solo para ingenieros) [Programa Interuniversitario] (3490). 2 doctores de la UPCT.,,,,https://estudios.upct.es/doctorado/3490/equipos-y-lineas-de-investigacion,,estructura,{},UPCT_groups.csv
UPCT,Universidad Politécnica de Cartagena,Región de Murcia,extraido,EQ-instrumentacion-y-control-de-sistemas-agroalimentarios-ec,"Instrumentación y control de sistemas agroalimentarios, ecosistemas marinos y entornos de dependencia social",,,Tecnologías Industriales (3480),,Diseño de sensores para agricultura de precisión | Sistemas de toma de decisiones basados en sensores | Redes de sensores inalámbricas | Sistemas de control de plataformas para instrumentación marina | Predicción de vida útil de productos perecederos mediante instrumentación de atmósferas controladas | Integración sensorial y actuación remota de entornos de dependencia social,6,declaradas,,Equipo del programa de doctorado Tecnologías Industriales (3480). 5 doctores de la UPCT.,,,,,https://estudios.upct.es/doctorado/3480/equipos-y-lineas-de-investigacion,estructura,{},UPCT_groups.csv
UPCT,Universidad Politécnica de Cartagena,Región de Murcia,extraido,EQ-sistemas-electronicos-de-potencia,Sistemas Electrónicos de Potencia,,,Energías Renovables y Eficiencia Energética (3450),,Sistemas Electrónicos de Potencia | Control avanzado en sistemas fotovoltaicos | Algoritmos y control en micro redes,3,declaradas,,Equipo del programa de doctorado Energías Renovables y Eficiencia Energética (3450). 5 doctores de la UPCT.,,,,,https://estudios.upct.es/doctorado/3450/equipos-y-lineas-de-investigacion,estructura,{},UPCT_groups.csv
UPCT,Universidad Politécnica de Cartagena,Región de Murcia,extraido,EQ-tecnologias-industriales-aplicadas-a-la-salud,Tecnologías Industriales Aplicadas a la Salud,,,Tecnologías Industriales (3480),,Ingeniería Biomédica | Tecnologías 4.0 para la salud eHealth y Smart Wearables | Modelado y Simulación Computacional Aplicada a la Salud | Monitorización y control de contaminantes o productos peligrosos para la salud | Aerobiología y Toxicología Ambiental,5,declaradas,,Equipo del programa de doctorado Tecnologías Industriales (3480). 6 doctores de la UPCT.,,,,,https://estudios.upct.es/doctorado/3480/equipos-y-lineas-de-investigacion,estructura,{},UPCT_groups.csv
UPCT,Universidad Politécnica de Cartagena,Región de Murcia,extraido,EQ-tecnologias-de-la-informacion-y-las-comunicaciones-en-def,Tecnologías de la información y las comunicaciones en Defensa,,,Tecnologías de Doble Uso y sus Sistemas de Gestión en Seguridad y Defensa (3520),,Optimización y planificación de redes de comunicaciones | Seguridad y privacidad en sistemas y redes de comunicaciones | Medidas experimentales y caracterización del canal de radiocomunicaciones | Modelización y síntesis de sistemas electrónicos de seguridad y defensa | Redes de comunicaciones de próxima generación y vehículos inteligentes | Interfaces Cerebro Ordenador. Análisis y procesado de Bioseñales,6,declaradas,,Equipo del programa de doctorado Tecnologías de Doble Uso y sus Sistemas de Gestión en Seguridad y Defensa (3520). 9 doctores de la UPCT.,,,,,https://estudios.upct.es/doctorado/3520/equipos-y-lineas-de-investigacion,estructura,{},UPCT_groups.csv
UPCT,Universidad Politécnica de Cartagena,Región de Murcia,extraido,EQ-tecnologias-fotovoltaicas-basadas-en-materiales-organicos,Tecnologías fotovoltaicas basadas en materiales orgánicos e híbridos,,,Energías Renovables y Eficiencia Energética (3450),,Tecnologías fotovoltaicas basadas en materiales orgánicos e híbridos | Fabricación de células solares orgánicas e híbridas por técnicas de impresión | Tecnologías electrocrómicas,3,declaradas,,Equipo del programa de doctorado Energías Renovables y Eficiencia Energética (3450). 3 doctores de la UPCT.,,,,,https://estudios.upct.es/doctorado/3450/equipos-y-lineas-de-investigacion,estructura,{},UPCT_groups.csv
UPCT,Universidad Politécnica de Cartagena,Región de Murcia,extraido,EQ-tecnologias-industriales-mecanicas-y-energeticas-en-siste,"Tecnologías industriales, mecánicas y energéticas en sistemas de Defensa",,,Tecnologías de Doble Uso y sus Sistemas de Gestión en Seguridad y Defensa (3520),,"Deflagración y detonación en mezclas reactivas de flujos multifásicos | Estudio del flujo bifásico para optimización y mejora en sistemas térmicos | Cerámicas, polímeros y materiales compuestos y sus aplicaciones en Defensa | Simulación dinámica e inmersiva y tecnologías duales aplicadas | Estudios de seguridad industrial y aeronáutica | Control de flujo sobre superficies aerodinámicas",6,declaradas,,Equipo del programa de doctorado Tecnologías de Doble Uso y sus Sistemas de Gestión en Seguridad y Defensa (3520). 9 doctores de la UPCT.,,,,,https://estudios.upct.es/doctorado/3520/equipos-y-lineas-de-investigacion,estructura,{},UPCT_groups.csv
UPCT,Universidad Politécnica de Cartagena,Región de Murcia,extraido,EQ-tecnicas-de-ayuda-a-la-decision-y-modelos-matematicos-en-,Técnicas de ayuda a la decisión y modelos matemáticos en Defensa,,,Tecnologías de Doble Uso y sus Sistemas de Gestión en Seguridad y Defensa (3520),,"Toma de decisión multicriterio, técnicas de lógica difusa y algoritmos de optimización | Procesos estocásticos, diseño de experimentos y análisis de series temporales | Mecánica celeste, rotación de la Tierra y dinámica orbital. Balística exterior | Identificación de patrones fractales en señales y sistemas de comunicación | Modelización matemática de problemas dinámicos de ciencia e ingeniería",5,declaradas,,Equipo del programa de doctorado Tecnologías de Doble Uso y sus Sistemas de Gestión en Seguridad y Defensa (3520). 8 doctores de la UPCT.,,,,,https://estudios.upct.es/doctorado/3520/equipos-y-lineas-de-investigacion,estructura,{},UPCT_groups.csv
